timestamp_ns,tier_name,tier_id,access_type,address_hex,size_bytes,layer_idx,expert_idx,tag
2371183000,DRAM,1,TRANSFER,0x200004000000,4096,0,2,dram_hybrid_act
2373049200,DRAM,1,TRANSFER,0x200000000000,4096,0,0,dram_hybrid_act
2392343400,HBM,0,READ,0x100082000000,2048,1,1,hbm_compute
2393496000,CXL,2,READ,0x300084000000,17301504,1,2,cxl_expert_access
2396950200,HBM,0,READ,0x100100000000,2048,2,0,hbm_compute
2398794800,DRAM,1,TRANSFER,0x200106000000,4096,2,3,dram_hybrid_act
2401982300,HBM,0,READ,0x100186000000,2048,3,3,hbm_compute
2403882900,DRAM,1,TRANSFER,0x200182000000,4096,3,1,dram_hybrid_act
2408433800,CXL,2,READ,0x300202000000,17301504,4,1,cxl_expert_access
2410447500,DRAM,1,TRANSFER,0x200204000000,4096,4,2,dram_hybrid_act
2415983400,CXL,2,READ,0x300280000000,17301504,5,0,cxl_expert_access
2416550200,HBM,0,READ,0x100286000000,2048,5,3,hbm_compute
2420964100,DRAM,1,TRANSFER,0x200302000000,4096,6,1,dram_hybrid_act
2422713100,DRAM,1,TRANSFER,0x200304000000,4096,6,2,dram_hybrid_act
2425955800,HBM,0,READ,0x100382000000,2048,7,1,hbm_compute
2427672000,CXL,2,READ,0x300380000000,17301504,7,0,cxl_expert_access
2430867100,HBM,0,READ,0x100402000000,2048,8,1,hbm_compute
2432559600,CXL,2,READ,0x300406000000,17301504,8,3,cxl_expert_access
2437641900,CXL,2,READ,0x300486000000,17301504,9,3,cxl_expert_access
2438223600,HBM,0,READ,0x100482000000,2048,9,1,hbm_compute
2441720200,HBM,0,READ,0x100504000000,2048,10,2,hbm_compute
2443396600,DRAM,1,TRANSFER,0x200500000000,4096,10,0,dram_hybrid_act
2446504700,HBM,0,READ,0x100584000000,2048,11,2,hbm_compute
2447445300,CXL,2,READ,0x300586000000,17301504,11,3,cxl_expert_access
2452037700,CXL,2,READ,0x300604000000,17301504,12,2,cxl_expert_access
2452611300,HBM,0,READ,0x100602000000,2048,12,1,hbm_compute
2457200000,CXL,2,READ,0x300686000000,17301504,13,3,cxl_expert_access
2457700400,HBM,0,READ,0x100680000000,2048,13,0,hbm_compute
2460316000,HBM,0,READ,0x100700000000,2048,14,0,hbm_compute
2460626600,HBM,0,READ,0x100702000000,2048,14,1,hbm_compute
2463086100,HBM,0,READ,0x100780000000,2048,15,0,hbm_compute
2463413900,HBM,0,READ,0x100782000000,2048,15,1,hbm_compute
2465649000,HBM,0,READ,0x100800000000,2048,16,0,hbm_compute
2465979100,HBM,0,READ,0x100802000000,2048,16,1,hbm_compute
2468158200,HBM,0,READ,0x100886000000,2048,17,3,hbm_compute
2469829800,DRAM,1,TRANSFER,0x200880000000,4096,17,0,dram_hybrid_act
2474485700,DRAM,1,TRANSFER,0x200900000000,4096,18,0,dram_hybrid_act
2476007300,DRAM,1,TRANSFER,0x200904000000,4096,18,2,dram_hybrid_act
2479145200,HBM,0,READ,0x100984000000,2048,19,2,hbm_compute
2480053900,DRAM,1,TRANSFER,0x200986000000,4096,19,3,dram_hybrid_act
2484862500,CXL,2,READ,0x300a02000000,17301504,20,1,cxl_expert_access
2488536800,CXL,2,READ,0x300a00000000,17301504,20,0,cxl_expert_access
2491997200,HBM,0,READ,0x100a86000000,2048,21,3,hbm_compute
2493030400,CXL,2,READ,0x300a80000000,17301504,21,0,cxl_expert_access
2496546200,CXL,2,READ,0x300b02000000,17301504,22,1,cxl_expert_access
2497010400,HBM,0,READ,0x100b06000000,2048,22,3,hbm_compute
2499918200,HBM,0,READ,0x100b84000000,2048,23,2,hbm_compute
2500309100,HBM,0,READ,0x100b86000000,2048,23,3,hbm_compute
2521809500,CXL,2,READ,0x300002000000,17301504,0,1,cxl_expert_access
2523706300,DRAM,1,TRANSFER,0x200004000000,4096,0,2,dram_hybrid_act
2527131100,HBM,0,READ,0x100082000000,2048,1,1,hbm_compute
2528459600,CXL,2,READ,0x300084000000,17301504,1,2,cxl_expert_access
2531554000,HBM,0,READ,0x100100000000,2048,2,0,hbm_compute
2533391600,CXL,2,READ,0x300104000000,17301504,2,2,cxl_expert_access
2538266300,DRAM,1,TRANSFER,0x200182000000,4096,3,1,dram_hybrid_act
2540176700,CXL,2,READ,0x300184000000,17301504,3,2,cxl_expert_access
2544887600,DRAM,1,TRANSFER,0x200204000000,4096,4,2,dram_hybrid_act
2546851200,CXL,2,READ,0x300202000000,17301504,4,1,cxl_expert_access
2552082100,CXL,2,READ,0x300280000000,17301504,5,0,cxl_expert_access
2552711500,HBM,0,READ,0x100286000000,2048,5,3,hbm_compute
2557858100,DRAM,1,TRANSFER,0x200304000000,4096,6,2,dram_hybrid_act
2559836400,CXL,2,READ,0x300300000000,17301504,6,0,cxl_expert_access
2563836700,HBM,0,READ,0x100382000000,2048,7,1,hbm_compute
2566001100,CXL,2,READ,0x300380000000,17301504,7,0,cxl_expert_access
2571123800,CXL,2,READ,0x300406000000,17301504,8,3,cxl_expert_access
2574859200,CXL,2,READ,0x300400000000,17301504,8,0,cxl_expert_access
2579163500,CXL,2,READ,0x300486000000,17301504,9,3,cxl_expert_access
2580447400,DRAM,1,TRANSFER,0x200480000000,4096,9,0,dram_hybrid_act
2584704400,HBM,0,READ,0x100504000000,2048,10,2,hbm_compute
2586540900,CXL,2,READ,0x300506000000,17301504,10,3,cxl_expert_access
2589771000,HBM,0,READ,0x100582000000,2048,11,1,hbm_compute
2591596100,CXL,2,READ,0x300586000000,17301504,11,3,cxl_expert_access
2596855200,CXL,2,READ,0x300604000000,17301504,12,2,cxl_expert_access
2597472100,HBM,0,READ,0x100602000000,2048,12,1,hbm_compute
2601684900,CXL,2,READ,0x300686000000,17301504,13,3,cxl_expert_access
2602215100,HBM,0,READ,0x100680000000,2048,13,0,hbm_compute
2604967500,HBM,0,READ,0x100700000000,2048,14,0,hbm_compute
2605307700,HBM,0,READ,0x100702000000,2048,14,1,hbm_compute
2607552400,HBM,0,READ,0x100782000000,2048,15,1,hbm_compute
2609243700,CXL,2,READ,0x300784000000,17301504,15,2,cxl_expert_access
2612972100,HBM,0,READ,0x100800000000,2048,16,0,hbm_compute
2613305900,HBM,0,READ,0x100802000000,2048,16,1,hbm_compute
2617553500,DRAM,1,TRANSFER,0x200880000000,4096,17,0,dram_hybrid_act
2618117400,HBM,0,READ,0x100886000000,2048,17,3,hbm_compute
2622277700,DRAM,1,TRANSFER,0x200900000000,4096,18,0,dram_hybrid_act
2624178200,DRAM,1,TRANSFER,0x200904000000,4096,18,2,dram_hybrid_act
2628178700,DRAM,1,TRANSFER,0x200980000000,4096,19,0,dram_hybrid_act
2629270300,CXL,2,READ,0x300982000000,17301504,19,1,cxl_expert_access
2634781300,CXL,2,READ,0x300a02000000,17301504,20,1,cxl_expert_access
2635404700,HBM,0,READ,0x100a04000000,2048,20,2,hbm_compute
2638812200,HBM,0,READ,0x100a86000000,2048,21,3,hbm_compute
2639231800,HBM,0,READ,0x100a84000000,2048,21,2,hbm_compute
2643010700,CXL,2,READ,0x300b02000000,17301504,22,1,cxl_expert_access
2646736100,CXL,2,READ,0x300b00000000,17301504,22,0,cxl_expert_access
2650138100,HBM,0,READ,0x100b84000000,2048,23,2,hbm_compute
2650500300,HBM,0,READ,0x100b86000000,2048,23,3,hbm_compute
2658497300,HBM,0,READ,0x100006000000,2048,0,3,hbm_compute
2659691200,DRAM,1,TRANSFER,0x200004000000,4096,0,2,dram_hybrid_act
2663095400,HBM,0,READ,0x100080000000,2048,1,0,hbm_compute
2663493400,HBM,0,READ,0x100082000000,2048,1,1,hbm_compute
2667632200,DRAM,1,TRANSFER,0x200106000000,4096,2,3,dram_hybrid_act
2668184400,HBM,0,READ,0x100100000000,2048,2,0,hbm_compute
2672512400,DRAM,1,TRANSFER,0x200182000000,4096,3,1,dram_hybrid_act
2673118400,HBM,0,READ,0x100186000000,2048,3,3,hbm_compute
2677950400,DRAM,1,TRANSFER,0x200204000000,4096,4,2,dram_hybrid_act
2680142700,CXL,2,READ,0x300202000000,17301504,4,1,cxl_expert_access
2685105400,CXL,2,READ,0x300280000000,17301504,5,0,cxl_expert_access
2685640900,HBM,0,READ,0x100286000000,2048,5,3,hbm_compute
2690142700,DRAM,1,TRANSFER,0x200302000000,4096,6,1,dram_hybrid_act
2692026700,DRAM,1,TRANSFER,0x200304000000,4096,6,2,dram_hybrid_act
2695429000,HBM,0,READ,0x100382000000,2048,7,1,hbm_compute
2696417300,CXL,2,READ,0x300380000000,17301504,7,0,cxl_expert_access
2700876600,CXL,2,READ,0x300406000000,17301504,8,3,cxl_expert_access
2701432900,HBM,0,READ,0x100404000000,2048,8,2,hbm_compute
2706159000,CXL,2,READ,0x300486000000,17301504,9,3,cxl_expert_access
2708129600,DRAM,1,TRANSFER,0x200480000000,4096,9,0,dram_hybrid_act
2711450600,HBM,0,READ,0x100504000000,2048,10,2,hbm_compute
2712522800,DRAM,1,TRANSFER,0x200502000000,4096,10,1,dram_hybrid_act
2715614400,HBM,0,READ,0x100582000000,2048,11,1,hbm_compute
2715996900,HBM,0,READ,0x100584000000,2048,11,2,hbm_compute
2720221800,CXL,2,READ,0x300604000000,17301504,12,2,cxl_expert_access
2723622100,CXL,2,READ,0x300606000000,17301504,12,3,cxl_expert_access
2727587700,CXL,2,READ,0x300686000000,17301504,13,3,cxl_expert_access
2732243700,CXL,2,READ,0x300684000000,17301504,13,2,cxl_expert_access
2736133200,HBM,0,READ,0x100700000000,2048,14,0,hbm_compute
2736508200,HBM,0,READ,0x100702000000,2048,14,1,hbm_compute
2739189200,HBM,0,READ,0x100780000000,2048,15,0,hbm_compute
2739549800,HBM,0,READ,0x100782000000,2048,15,1,hbm_compute
2742216500,HBM,0,READ,0x100802000000,2048,16,1,hbm_compute
2742570200,HBM,0,READ,0x100800000000,2048,16,0,hbm_compute
2745816200,DRAM,1,TRANSFER,0x200880000000,4096,17,0,dram_hybrid_act
2747087100,CXL,2,READ,0x300884000000,17301504,17,2,cxl_expert_access
2752350900,DRAM,1,TRANSFER,0x200906000000,4096,18,3,dram_hybrid_act
2754365500,DRAM,1,TRANSFER,0x200902000000,4096,18,1,dram_hybrid_act
2759198700,DRAM,1,TRANSFER,0x200986000000,4096,19,3,dram_hybrid_act
2760129100,CXL,2,READ,0x300982000000,17301504,19,1,cxl_expert_access
2765362600,CXL,2,READ,0x300a02000000,17301504,20,1,cxl_expert_access
2767311400,DRAM,1,TRANSFER,0x200a06000000,4096,20,3,dram_hybrid_act
2770526700,HBM,0,READ,0x100a86000000,2048,21,3,hbm_compute
2772357900,CXL,2,READ,0x300a80000000,17301504,21,0,cxl_expert_access
2775440400,HBM,0,READ,0x100b04000000,2048,22,2,hbm_compute
2776378700,CXL,2,READ,0x300b00000000,17301504,22,0,cxl_expert_access
2780147000,CXL,2,READ,0x300b80000000,17301504,23,0,cxl_expert_access
2780723900,HBM,0,READ,0x100b84000000,2048,23,2,hbm_compute
2790368300,CXL,2,READ,0x300002000000,17301504,0,1,cxl_expert_access
2790915100,HBM,0,READ,0x100006000000,2048,0,3,hbm_compute
2793717200,HBM,0,READ,0x100082000000,2048,1,1,hbm_compute
2794793000,CXL,2,READ,0x300084000000,17301504,1,2,cxl_expert_access
2798789200,HBM,0,READ,0x100100000000,2048,2,0,hbm_compute
2800814800,DRAM,1,TRANSFER,0x200102000000,4096,2,1,dram_hybrid_act
2807954300,CXL,2,READ,0x300184000000,17301504,3,2,cxl_expert_access
2809908100,DRAM,1,TRANSFER,0x200180000000,4096,3,0,dram_hybrid_act
2816249100,DRAM,1,TRANSFER,0x200206000000,4096,4,3,dram_hybrid_act
2818185500,DRAM,1,TRANSFER,0x200204000000,4096,4,2,dram_hybrid_act
2821596500,HBM,0,READ,0x100286000000,2048,5,3,hbm_compute
2823396600,CXL,2,READ,0x300280000000,17301504,5,0,cxl_expert_access
2827926000,CXL,2,READ,0x300300000000,17301504,6,0,cxl_expert_access
2829291900,DRAM,1,TRANSFER,0x200304000000,4096,6,2,dram_hybrid_act
2834208000,CXL,2,READ,0x300380000000,17301504,7,0,cxl_expert_access
2837759800,CXL,2,READ,0x300386000000,17301504,7,3,cxl_expert_access
2841183800,HBM,0,READ,0x100404000000,2048,8,2,hbm_compute
2842923800,CXL,2,READ,0x300406000000,17301504,8,3,cxl_expert_access
2847114600,DRAM,1,TRANSFER,0x200484000000,4096,9,2,dram_hybrid_act
2848857900,CXL,2,READ,0x300486000000,17301504,9,3,cxl_expert_access
2853460400,CXL,2,READ,0x300506000000,17301504,10,3,cxl_expert_access
2855354300,DRAM,1,TRANSFER,0x200502000000,4096,10,1,dram_hybrid_act
2858415600,HBM,0,READ,0x100582000000,2048,11,1,hbm_compute
2860017200,CXL,2,READ,0x300580000000,17301504,11,0,cxl_expert_access
2863272300,HBM,0,READ,0x100602000000,2048,12,1,hbm_compute
2864269200,CXL,2,READ,0x300604000000,17301504,12,2,cxl_expert_access
2868752000,CXL,2,READ,0x300684000000,17301504,13,2,cxl_expert_access
2869244900,HBM,0,READ,0x100680000000,2048,13,0,hbm_compute
2873494500,DRAM,1,TRANSFER,0x200706000000,4096,14,3,dram_hybrid_act
2874040400,HBM,0,READ,0x100702000000,2048,14,1,hbm_compute
2877078000,HBM,0,READ,0x100782000000,2048,15,1,hbm_compute
2878096900,CXL,2,READ,0x300784000000,17301504,15,2,cxl_expert_access
2881048300,HBM,0,READ,0x100802000000,2048,16,1,hbm_compute
2881395200,HBM,0,READ,0x100800000000,2048,16,0,hbm_compute
2883774800,HBM,0,READ,0x100886000000,2048,17,3,hbm_compute
2885403400,CXL,2,READ,0x300884000000,17301504,17,2,cxl_expert_access
2889337700,DRAM,1,TRANSFER,0x200906000000,4096,18,3,dram_hybrid_act
2891246900,DRAM,1,TRANSFER,0x200900000000,4096,18,0,dram_hybrid_act
2895216700,CXL,2,READ,0x300982000000,17301504,19,1,cxl_expert_access
2896204300,DRAM,1,TRANSFER,0x200980000000,4096,19,0,dram_hybrid_act
2899284600,HBM,0,READ,0x100a04000000,2048,20,2,hbm_compute
2901020200,CXL,2,READ,0x300a00000000,17301504,20,0,cxl_expert_access
2905953200,CXL,2,READ,0x300a80000000,17301504,21,0,cxl_expert_access
2906608800,HBM,0,READ,0x100a84000000,2048,21,2,hbm_compute
2910565300,CXL,2,READ,0x300b02000000,17301504,22,1,cxl_expert_access
2915180100,CXL,2,READ,0x300b00000000,17301504,22,0,cxl_expert_access
2918686200,HBM,0,READ,0x100b86000000,2048,23,3,hbm_compute
2919060200,HBM,0,READ,0x100b84000000,2048,23,2,hbm_compute
2926682000,HBM,0,READ,0x100006000000,2048,0,3,hbm_compute
2927641900,DRAM,1,TRANSFER,0x200000000000,4096,0,0,dram_hybrid_act
2932061700,CXL,2,READ,0x300084000000,17301504,1,2,cxl_expert_access
2932639600,HBM,0,READ,0x100082000000,2048,1,1,hbm_compute
2935644400,HBM,0,READ,0x100100000000,2048,2,0,hbm_compute
2937759300,DRAM,1,TRANSFER,0x200102000000,4096,2,1,dram_hybrid_act
2945200400,DRAM,1,TRANSFER,0x200182000000,4096,3,1,dram_hybrid_act
2947273800,DRAM,1,TRANSFER,0x200180000000,4096,3,0,dram_hybrid_act
2952288800,DRAM,1,TRANSFER,0x200204000000,4096,4,2,dram_hybrid_act
2953243200,HBM,0,READ,0x100200000000,2048,4,0,hbm_compute
2957828600,DRAM,1,TRANSFER,0x200284000000,4096,5,2,dram_hybrid_act
2959638300,CXL,2,READ,0x300282000000,17301504,5,1,cxl_expert_access
2963660900,DRAM,1,TRANSFER,0x200302000000,4096,6,1,dram_hybrid_act
2964128700,HBM,0,READ,0x100306000000,2048,6,3,hbm_compute
2968769500,CXL,2,READ,0x300380000000,17301504,7,0,cxl_expert_access
2972373600,CXL,2,READ,0x300386000000,17301504,7,3,cxl_expert_access
2975461100,HBM,0,READ,0x100404000000,2048,8,2,hbm_compute
2976377300,CXL,2,READ,0x300406000000,17301504,8,3,cxl_expert_access
2980155600,CXL,2,READ,0x300486000000,17301504,9,3,cxl_expert_access
2980678900,HBM,0,READ,0x100482000000,2048,9,1,hbm_compute
2986312900,DRAM,1,TRANSFER,0x200502000000,4096,10,1,dram_hybrid_act
2987099100,HBM,0,READ,0x100504000000,2048,10,2,hbm_compute
2992013200,CXL,2,READ,0x300580000000,17301504,11,0,cxl_expert_access
2995339600,CXL,2,READ,0x300586000000,17301504,11,3,cxl_expert_access
3000603600,CXL,2,READ,0x300606000000,17301504,12,3,cxl_expert_access
3001126500,HBM,0,READ,0x100600000000,2048,12,0,hbm_compute
3005549300,CXL,2,READ,0x300684000000,17301504,13,2,cxl_expert_access
3006040900,HBM,0,READ,0x100680000000,2048,13,0,hbm_compute
3008894400,HBM,0,READ,0x100702000000,2048,14,1,hbm_compute
3009250100,HBM,0,READ,0x100700000000,2048,14,0,hbm_compute
3012612400,CXL,2,READ,0x300784000000,17301504,15,2,cxl_expert_access
3013117800,HBM,0,READ,0x100780000000,2048,15,0,hbm_compute
3017781700,CXL,2,READ,0x300806000000,17301504,16,3,cxl_expert_access
3018340300,HBM,0,READ,0x100802000000,2048,16,1,hbm_compute
3022737300,CXL,2,READ,0x300884000000,17301504,17,2,cxl_expert_access
3023234400,HBM,0,READ,0x100882000000,2048,17,1,hbm_compute
3026871400,DRAM,1,TRANSFER,0x200902000000,4096,18,1,dram_hybrid_act
3027945800,DRAM,1,TRANSFER,0x200906000000,4096,18,3,dram_hybrid_act
3033264700,DRAM,1,TRANSFER,0x200986000000,4096,19,3,dram_hybrid_act
3035312400,CXL,2,READ,0x300982000000,17301504,19,1,cxl_expert_access
3039016100,HBM,0,READ,0x100a04000000,2048,20,2,hbm_compute
3040814500,CXL,2,READ,0x300a00000000,17301504,20,0,cxl_expert_access
3043849600,HBM,0,READ,0x100a86000000,2048,21,3,hbm_compute
3044329400,HBM,0,READ,0x100a84000000,2048,21,2,hbm_compute
3047341000,HBM,0,READ,0x100b04000000,2048,22,2,hbm_compute
3049098600,CXL,2,READ,0x300b00000000,17301504,22,0,cxl_expert_access
3052281100,HBM,0,READ,0x100b86000000,2048,23,3,hbm_compute
3052645000,HBM,0,READ,0x100b84000000,2048,23,2,hbm_compute
3059678800,HBM,0,READ,0x100006000000,2048,0,3,hbm_compute
3061627200,CXL,2,READ,0x300002000000,17301504,0,1,cxl_expert_access
3065154800,HBM,0,READ,0x100082000000,2048,1,1,hbm_compute
3065530800,HBM,0,READ,0x100080000000,2048,1,0,hbm_compute
3069584500,DRAM,1,TRANSFER,0x200106000000,4096,2,3,dram_hybrid_act
3071408700,CXL,2,READ,0x300104000000,17301504,2,2,cxl_expert_access
3076439400,DRAM,1,TRANSFER,0x200180000000,4096,3,0,dram_hybrid_act
3077100900,HBM,0,READ,0x100186000000,2048,3,3,hbm_compute
3081002700,DRAM,1,TRANSFER,0x200204000000,4096,4,2,dram_hybrid_act
3081578400,HBM,0,READ,0x100200000000,2048,4,0,hbm_compute
3086144300,DRAM,1,TRANSFER,0x200284000000,4096,5,2,dram_hybrid_act
3088007900,CXL,2,READ,0x300280000000,17301504,5,0,cxl_expert_access
3091506200,HBM,0,READ,0x100306000000,2048,6,3,hbm_compute
3092952500,CXL,2,READ,0x300300000000,17301504,6,0,cxl_expert_access
3095811000,HBM,0,READ,0x100384000000,2048,7,2,hbm_compute
3096187200,HBM,0,READ,0x100382000000,2048,7,1,hbm_compute
3100214900,CXL,2,READ,0x300400000000,17301504,8,0,cxl_expert_access
3100752100,HBM,0,READ,0x100404000000,2048,8,2,hbm_compute
3105293400,CXL,2,READ,0x300486000000,17301504,9,3,cxl_expert_access
3105825900,HBM,0,READ,0x100482000000,2048,9,1,hbm_compute
3109707000,DRAM,1,TRANSFER,0x200502000000,4096,10,1,dram_hybrid_act
3110683400,CXL,2,READ,0x300506000000,17301504,10,3,cxl_expert_access
3113833800,HBM,0,READ,0x100584000000,2048,11,2,hbm_compute
3115576900,CXL,2,READ,0x300580000000,17301504,11,0,cxl_expert_access
3118788800,HBM,0,READ,0x100600000000,2048,12,0,hbm_compute
3120544900,CXL,2,READ,0x300604000000,17301504,12,2,cxl_expert_access
3125331300,CXL,2,READ,0x300684000000,17301504,13,2,cxl_expert_access
3125898800,HBM,0,READ,0x100680000000,2048,13,0,hbm_compute
3128687500,HBM,0,READ,0x100700000000,2048,14,0,hbm_compute
3129054100,HBM,0,READ,0x100702000000,2048,14,1,hbm_compute
3133304900,CXL,2,READ,0x300784000000,17301504,15,2,cxl_expert_access
3133903700,HBM,0,READ,0x100782000000,2048,15,1,hbm_compute
3138313000,CXL,2,READ,0x300806000000,17301504,16,3,cxl_expert_access
3138832700,HBM,0,READ,0x100802000000,2048,16,1,hbm_compute
3143513400,HBM,0,READ,0x100886000000,2048,17,3,hbm_compute
3144326500,HBM,0,READ,0x100882000000,2048,17,1,hbm_compute
3148846800,DRAM,1,TRANSFER,0x200906000000,4096,18,3,dram_hybrid_act
3150521400,DRAM,1,TRANSFER,0x200902000000,4096,18,1,dram_hybrid_act
3155191300,DRAM,1,TRANSFER,0x200986000000,4096,19,3,dram_hybrid_act
3157242700,DRAM,1,TRANSFER,0x200980000000,4096,19,0,dram_hybrid_act
3161270600,CXL,2,READ,0x300a00000000,17301504,20,0,cxl_expert_access
3161992500,HBM,0,READ,0x100a04000000,2048,20,2,hbm_compute
3165129700,HBM,0,READ,0x100a86000000,2048,21,3,hbm_compute
3165518100,HBM,0,READ,0x100a84000000,2048,21,2,hbm_compute
3168088600,HBM,0,READ,0x100b04000000,2048,22,2,hbm_compute
3169726600,CXL,2,READ,0x300b02000000,17301504,22,1,cxl_expert_access
3174422800,CXL,2,READ,0x300b82000000,17301504,23,1,cxl_expert_access
3175002100,HBM,0,READ,0x100b86000000,2048,23,3,hbm_compute
3184627400,CXL,2,READ,0x300002000000,17301504,0,1,cxl_expert_access
3186589400,DRAM,1,TRANSFER,0x200004000000,4096,0,2,dram_hybrid_act
3190524500,HBM,0,READ,0x100082000000,2048,1,1,hbm_compute
3190907200,HBM,0,READ,0x100080000000,2048,1,0,hbm_compute
3194199700,DRAM,1,TRANSFER,0x200102000000,4096,2,1,dram_hybrid_act
3195168500,DRAM,1,TRANSFER,0x200106000000,4096,2,3,dram_hybrid_act
3199733700,DRAM,1,TRANSFER,0x200180000000,4096,3,0,dram_hybrid_act
3201580700,DRAM,1,TRANSFER,0x200182000000,4096,3,1,dram_hybrid_act
3206759500,DRAM,1,TRANSFER,0x200206000000,4096,4,3,dram_hybrid_act
3207303100,HBM,0,READ,0x100200000000,2048,4,0,hbm_compute
3211877300,DRAM,1,TRANSFER,0x200284000000,4096,5,2,dram_hybrid_act
3214014000,CXL,2,READ,0x300280000000,17301504,5,0,cxl_expert_access
3217349400,HBM,0,READ,0x100306000000,2048,6,3,hbm_compute
3219359600,CXL,2,READ,0x300300000000,17301504,6,0,cxl_expert_access
3223520600,CXL,2,READ,0x300386000000,17301504,7,3,cxl_expert_access
3224084900,HBM,0,READ,0x100384000000,2048,7,2,hbm_compute
3227984400,CXL,2,READ,0x300400000000,17301504,8,0,cxl_expert_access
3230997800,CXL,2,READ,0x300406000000,17301504,8,3,cxl_expert_access
3234668500,HBM,0,READ,0x100482000000,2048,9,1,hbm_compute
3236478900,CXL,2,READ,0x300486000000,17301504,9,3,cxl_expert_access
3241498400,DRAM,1,TRANSFER,0x200502000000,4096,10,1,dram_hybrid_act
3242045700,HBM,0,READ,0x100504000000,2048,10,2,hbm_compute
3244930600,HBM,0,READ,0x100584000000,2048,11,2,hbm_compute
3245834000,CXL,2,READ,0x300580000000,17301504,11,0,cxl_expert_access
3248565400,HBM,0,READ,0x100600000000,2048,12,0,hbm_compute
3248916200,HBM,0,READ,0x100602000000,2048,12,1,hbm_compute
3252032100,HBM,0,READ,0x100680000000,2048,13,0,hbm_compute
3254142000,CXL,2,READ,0x300684000000,17301504,13,2,cxl_expert_access
3257461800,HBM,0,READ,0x100702000000,2048,14,1,hbm_compute
3259163200,CXL,2,READ,0x300704000000,17301504,14,2,cxl_expert_access
3262056400,HBM,0,READ,0x100780000000,2048,15,0,hbm_compute
3263092900,CXL,2,READ,0x300784000000,17301504,15,2,cxl_expert_access
3268219100,CXL,2,READ,0x300806000000,17301504,16,3,cxl_expert_access
3268800500,HBM,0,READ,0x100802000000,2048,16,1,hbm_compute
3273255100,DRAM,1,TRANSFER,0x200880000000,4096,17,0,dram_hybrid_act
3273804900,HBM,0,READ,0x100886000000,2048,17,3,hbm_compute
3277408200,DRAM,1,TRANSFER,0x200902000000,4096,18,1,dram_hybrid_act
3278366800,DRAM,1,TRANSFER,0x200906000000,4096,18,3,dram_hybrid_act
3283295400,DRAM,1,TRANSFER,0x200986000000,4096,19,3,dram_hybrid_act
3285222500,DRAM,1,TRANSFER,0x200980000000,4096,19,0,dram_hybrid_act
3288749500,HBM,0,READ,0x100a04000000,2048,20,2,hbm_compute
3290531000,CXL,2,READ,0x300a02000000,17301504,20,1,cxl_expert_access
3293827700,HBM,0,READ,0x100a84000000,2048,21,2,hbm_compute
3294228200,HBM,0,READ,0x100a86000000,2048,21,3,hbm_compute
3297346800,HBM,0,READ,0x100b04000000,2048,22,2,hbm_compute
3299180800,CXL,2,READ,0x300b00000000,17301504,22,0,cxl_expert_access
3303894600,CXL,2,READ,0x300b80000000,17301504,23,0,cxl_expert_access
3304477700,HBM,0,READ,0x100b86000000,2048,23,3,hbm_compute
3312502700,HBM,0,READ,0x100006000000,2048,0,3,hbm_compute
3314060900,CXL,2,READ,0x300002000000,17301504,0,1,cxl_expert_access
3317366400,HBM,0,READ,0x100082000000,2048,1,1,hbm_compute
3319209200,CXL,2,READ,0x300084000000,17301504,1,2,cxl_expert_access
3323832300,DRAM,1,TRANSFER,0x200102000000,4096,2,1,dram_hybrid_act
3325626800,CXL,2,READ,0x300104000000,17301504,2,2,cxl_expert_access
3330848600,DRAM,1,TRANSFER,0x200180000000,4096,3,0,dram_hybrid_act
3332766100,DRAM,1,TRANSFER,0x200182000000,4096,3,1,dram_hybrid_act
3337359700,DRAM,1,TRANSFER,0x200206000000,4096,4,3,dram_hybrid_act
3339132400,CXL,2,READ,0x300202000000,17301504,4,1,cxl_expert_access
3343837600,CXL,2,READ,0x300280000000,17301504,5,0,cxl_expert_access
3346490200,CXL,2,READ,0x300282000000,17301504,5,1,cxl_expert_access
3350708600,HBM,0,READ,0x100306000000,2048,6,3,hbm_compute
3352746600,CXL,2,READ,0x300300000000,17301504,6,0,cxl_expert_access
3358291300,HBM,0,READ,0x100384000000,2048,7,2,hbm_compute
3359634600,CXL,2,READ,0x300386000000,17301504,7,3,cxl_expert_access
3364390300,CXL,2,READ,0x300400000000,17301504,8,0,cxl_expert_access
3365002600,HBM,0,READ,0x100404000000,2048,8,2,hbm_compute
3368075600,HBM,0,READ,0x100482000000,2048,9,1,hbm_compute
3369894500,DRAM,1,TRANSFER,0x200480000000,4096,9,0,dram_hybrid_act
3374515400,DRAM,1,TRANSFER,0x200502000000,4096,10,1,dram_hybrid_act
3375188500,HBM,0,READ,0x100504000000,2048,10,2,hbm_compute
3378194000,HBM,0,READ,0x100584000000,2048,11,2,hbm_compute
3379248200,CXL,2,READ,0x300580000000,17301504,11,0,cxl_expert_access
3383795100,CXL,2,READ,0x300604000000,17301504,12,2,cxl_expert_access
3384280200,HBM,0,READ,0x100600000000,2048,12,0,hbm_compute
3386870300,HBM,0,READ,0x100680000000,2048,13,0,hbm_compute
3388494400,CXL,2,READ,0x300684000000,17301504,13,2,cxl_expert_access
3391558700,HBM,0,READ,0x100700000000,2048,14,0,hbm_compute
3392126200,HBM,0,READ,0x100702000000,2048,14,1,hbm_compute
3395179500,HBM,0,READ,0x100780000000,2048,15,0,hbm_compute
3397227900,CXL,2,READ,0x300784000000,17301504,15,2,cxl_expert_access
3402213600,CXL,2,READ,0x300806000000,17301504,16,3,cxl_expert_access
3403449100,HBM,0,READ,0x100802000000,2048,16,1,hbm_compute
3408076800,DRAM,1,TRANSFER,0x200880000000,4096,17,0,dram_hybrid_act
3410173300,CXL,2,READ,0x300884000000,17301504,17,2,cxl_expert_access
3414767800,DRAM,1,TRANSFER,0x200906000000,4096,18,3,dram_hybrid_act
3415883000,DRAM,1,TRANSFER,0x200900000000,4096,18,0,dram_hybrid_act
3420030000,DRAM,1,TRANSFER,0x200986000000,4096,19,3,dram_hybrid_act
3421454500,CXL,2,READ,0x300982000000,17301504,19,1,cxl_expert_access
3424472200,HBM,0,READ,0x100a04000000,2048,20,2,hbm_compute
3426260200,DRAM,1,TRANSFER,0x200a06000000,4096,20,3,dram_hybrid_act
3429220100,HBM,0,READ,0x100a84000000,2048,21,2,hbm_compute
3429846700,HBM,0,READ,0x100a86000000,2048,21,3,hbm_compute
3434906700,HBM,0,READ,0x100b04000000,2048,22,2,hbm_compute
3435525600,HBM,0,READ,0x100b06000000,2048,22,3,hbm_compute
3440951400,CXL,2,READ,0x300b82000000,17301504,23,1,cxl_expert_access
3441509200,HBM,0,READ,0x100b86000000,2048,23,3,hbm_compute
3450734100,CXL,2,READ,0x300002000000,17301504,0,1,cxl_expert_access
3451279400,HBM,0,READ,0x100006000000,2048,0,3,hbm_compute
3456163100,CXL,2,READ,0x300086000000,17301504,1,3,cxl_expert_access
3456781600,HBM,0,READ,0x100080000000,2048,1,0,hbm_compute
3459919100,HBM,0,READ,0x100100000000,2048,2,0,hbm_compute
3461848500,DRAM,1,TRANSFER,0x200106000000,4096,2,3,dram_hybrid_act
3467049900,DRAM,1,TRANSFER,0x200182000000,4096,3,1,dram_hybrid_act
3468921700,DRAM,1,TRANSFER,0x200180000000,4096,3,0,dram_hybrid_act
3473627000,DRAM,1,TRANSFER,0x200206000000,4096,4,3,dram_hybrid_act
3474245300,HBM,0,READ,0x100200000000,2048,4,0,hbm_compute
3477525900,HBM,0,READ,0x100286000000,2048,5,3,hbm_compute
3478545800,CXL,2,READ,0x300280000000,17301504,5,0,cxl_expert_access
3483234400,DRAM,1,TRANSFER,0x200304000000,4096,6,2,dram_hybrid_act
3485270200,DRAM,1,TRANSFER,0x200302000000,4096,6,1,dram_hybrid_act
3489942600,CXL,2,READ,0x300380000000,17301504,7,0,cxl_expert_access
3490470400,HBM,0,READ,0x100384000000,2048,7,2,hbm_compute
3494216200,CXL,2,READ,0x300400000000,17301504,8,0,cxl_expert_access
3494678200,HBM,0,READ,0x100404000000,2048,8,2,hbm_compute
3497494800,HBM,0,READ,0x100482000000,2048,9,1,hbm_compute
3499391800,CXL,2,READ,0x300486000000,17301504,9,3,cxl_expert_access
3504377400,DRAM,1,TRANSFER,0x200502000000,4096,10,1,dram_hybrid_act
3506226500,DRAM,1,TRANSFER,0x200500000000,4096,10,0,dram_hybrid_act
3510354900,CXL,2,READ,0x300580000000,17301504,11,0,cxl_expert_access
3510863800,HBM,0,READ,0x100584000000,2048,11,2,hbm_compute
3515705700,CXL,2,READ,0x300606000000,17301504,12,3,cxl_expert_access
3519297600,CXL,2,READ,0x300604000000,17301504,12,2,cxl_expert_access
3524227700,CXL,2,READ,0x300684000000,17301504,13,2,cxl_expert_access
3527046800,CXL,2,READ,0x300686000000,17301504,13,3,cxl_expert_access
3532639500,CXL,2,READ,0x300704000000,17301504,14,2,cxl_expert_access
3533285100,HBM,0,READ,0x100700000000,2048,14,0,hbm_compute
3537813600,CXL,2,READ,0x300784000000,17301504,15,2,cxl_expert_access
3538336500,HBM,0,READ,0x100780000000,2048,15,0,hbm_compute
3543676800,HBM,0,READ,0x100802000000,2048,16,1,hbm_compute
3545025200,CXL,2,READ,0x300806000000,17301504,16,3,cxl_expert_access
3550218800,CXL,2,READ,0x300884000000,17301504,17,2,cxl_expert_access
3552078500,DRAM,1,TRANSFER,0x200880000000,4096,17,0,dram_hybrid_act
3557063600,DRAM,1,TRANSFER,0x200906000000,4096,18,3,dram_hybrid_act
3558900300,DRAM,1,TRANSFER,0x200900000000,4096,18,0,dram_hybrid_act
3563036100,DRAM,1,TRANSFER,0x200986000000,4096,19,3,dram_hybrid_act
3563532300,HBM,0,READ,0x100984000000,2048,19,2,hbm_compute
3566571700,HBM,0,READ,0x100a04000000,2048,20,2,hbm_compute
3568473400,CXL,2,READ,0x300a00000000,17301504,20,0,cxl_expert_access
3571511900,HBM,0,READ,0x100a86000000,2048,21,3,hbm_compute
3573342500,CXL,2,READ,0x300a82000000,17301504,21,1,cxl_expert_access
3576414800,HBM,0,READ,0x100b04000000,2048,22,2,hbm_compute
3576773500,HBM,0,READ,0x100b06000000,2048,22,3,hbm_compute
3580100800,HBM,0,READ,0x100b86000000,2048,23,3,hbm_compute
3580499900,HBM,0,READ,0x100b84000000,2048,23,2,hbm_compute
3590096500,CXL,2,READ,0x300002000000,17301504,0,1,cxl_expert_access
3591865600,DRAM,1,TRANSFER,0x200004000000,4096,0,2,dram_hybrid_act
3595784700,HBM,0,READ,0x100082000000,2048,1,1,hbm_compute
3596391800,HBM,0,READ,0x100080000000,2048,1,0,hbm_compute
3599537500,HBM,0,READ,0x100100000000,2048,2,0,hbm_compute
3601432300,CXL,2,READ,0x300104000000,17301504,2,2,cxl_expert_access
3605965500,DRAM,1,TRANSFER,0x200182000000,4096,3,1,dram_hybrid_act
3607753000,CXL,2,READ,0x300184000000,17301504,3,2,cxl_expert_access
3613251800,DRAM,1,TRANSFER,0x200204000000,4096,4,2,dram_hybrid_act
3615639100,DRAM,1,TRANSFER,0x200206000000,4096,4,3,dram_hybrid_act
3618683400,HBM,0,READ,0x100286000000,2048,5,3,hbm_compute
3620492400,CXL,2,READ,0x300280000000,17301504,5,0,cxl_expert_access
3625298400,DRAM,1,TRANSFER,0x200304000000,4096,6,2,dram_hybrid_act
3625877400,HBM,0,READ,0x100306000000,2048,6,3,hbm_compute
3630104000,CXL,2,READ,0x300380000000,17301504,7,0,cxl_expert_access
3630565000,HBM,0,READ,0x100382000000,2048,7,1,hbm_compute
3635153900,CXL,2,READ,0x300400000000,17301504,8,0,cxl_expert_access
3635754600,HBM,0,READ,0x100404000000,2048,8,2,hbm_compute
3638769800,HBM,0,READ,0x100482000000,2048,9,1,hbm_compute
3640685700,DRAM,1,TRANSFER,0x200480000000,4096,9,0,dram_hybrid_act
3644799100,DRAM,1,TRANSFER,0x200502000000,4096,10,1,dram_hybrid_act
3645558600,HBM,0,READ,0x100504000000,2048,10,2,hbm_compute
3650002400,CXL,2,READ,0x300580000000,17301504,11,0,cxl_expert_access
3650535700,HBM,0,READ,0x100584000000,2048,11,2,hbm_compute
3654889500,CXL,2,READ,0x300606000000,17301504,12,3,cxl_expert_access
3655541600,HBM,0,READ,0x100600000000,2048,12,0,hbm_compute
3659246800,CXL,2,READ,0x300684000000,17301504,13,2,cxl_expert_access
3663069900,CXL,2,READ,0x300686000000,17301504,13,3,cxl_expert_access
3667449800,HBM,0,READ,0x100700000000,2048,14,0,hbm_compute
3669176700,CXL,2,READ,0x300704000000,17301504,14,2,cxl_expert_access
3672944700,HBM,0,READ,0x100780000000,2048,15,0,hbm_compute
3674777200,CXL,2,READ,0x300784000000,17301504,15,2,cxl_expert_access
3677666800,HBM,0,READ,0x100802000000,2048,16,1,hbm_compute
3678943900,CXL,2,READ,0x300806000000,17301504,16,3,cxl_expert_access
3682058500,HBM,0,READ,0x100882000000,2048,17,1,hbm_compute
3683844400,CXL,2,READ,0x300884000000,17301504,17,2,cxl_expert_access
3688724000,DRAM,1,TRANSFER,0x200906000000,4096,18,3,dram_hybrid_act
3690509200,DRAM,1,TRANSFER,0x200900000000,4096,18,0,dram_hybrid_act
3694823700,DRAM,1,TRANSFER,0x200986000000,4096,19,3,dram_hybrid_act
3695416200,HBM,0,READ,0x100984000000,2048,19,2,hbm_compute
3699710700,CXL,2,READ,0x300a00000000,17301504,20,0,cxl_expert_access
3700217100,HBM,0,READ,0x100a04000000,2048,20,2,hbm_compute
3703478500,HBM,0,READ,0x100a86000000,2048,21,3,hbm_compute
3705252900,CXL,2,READ,0x300a80000000,17301504,21,0,cxl_expert_access
3708429300,HBM,0,READ,0x100b04000000,2048,22,2,hbm_compute
3709667000,CXL,2,READ,0x300b00000000,17301504,22,0,cxl_expert_access
3714302400,CXL,2,READ,0x300b80000000,17301504,23,0,cxl_expert_access
3714905600,HBM,0,READ,0x100b86000000,2048,23,3,hbm_compute
3723869300,HBM,0,READ,0x100006000000,2048,0,3,hbm_compute
3725626500,DRAM,1,TRANSFER,0x200004000000,4096,0,2,dram_hybrid_act
3728955400,HBM,0,READ,0x100082000000,2048,1,1,hbm_compute
3730368200,CXL,2,READ,0x300084000000,17301504,1,2,cxl_expert_access
3735381400,CXL,2,READ,0x300104000000,17301504,2,2,cxl_expert_access
3737208300,DRAM,1,TRANSFER,0x200102000000,4096,2,1,dram_hybrid_act
3742325400,DRAM,1,TRANSFER,0x200182000000,4096,3,1,dram_hybrid_act
3744172600,DRAM,1,TRANSFER,0x200180000000,4096,3,0,dram_hybrid_act
3749506500,DRAM,1,TRANSFER,0x200206000000,4096,4,3,dram_hybrid_act
3750854000,CXL,2,READ,0x300202000000,17301504,4,1,cxl_expert_access
3755900900,DRAM,1,TRANSFER,0x200284000000,4096,5,2,dram_hybrid_act
3756892700,CXL,2,READ,0x300280000000,17301504,5,0,cxl_expert_access
3759944200,HBM,0,READ,0x100306000000,2048,6,3,hbm_compute
3761343300,CXL,2,READ,0x300300000000,17301504,6,0,cxl_expert_access
3767342700,CXL,2,READ,0x300380000000,17301504,7,0,cxl_expert_access
3768052400,HBM,0,READ,0x100384000000,2048,7,2,hbm_compute
3771271100,HBM,0,READ,0x100404000000,2048,8,2,hbm_compute
3773297300,CXL,2,READ,0x300400000000,17301504,8,0,cxl_expert_access
3776881700,HBM,0,READ,0x100482000000,2048,9,1,hbm_compute
3777933600,DRAM,1,TRANSFER,0x200480000000,4096,9,0,dram_hybrid_act
3782923200,CXL,2,READ,0x300506000000,17301504,10,3,cxl_expert_access
3783559000,HBM,0,READ,0x100504000000,2048,10,2,hbm_compute
3788475800,CXL,2,READ,0x300580000000,17301504,11,0,cxl_expert_access
3789046700,HBM,0,READ,0x100584000000,2048,11,2,hbm_compute
3793509400,CXL,2,READ,0x300606000000,17301504,12,3,cxl_expert_access
3794040500,HBM,0,READ,0x100600000000,2048,12,0,hbm_compute
3798498300,CXL,2,READ,0x300684000000,17301504,13,2,cxl_expert_access
3799078600,HBM,0,READ,0x100682000000,2048,13,1,hbm_compute
3802086800,HBM,0,READ,0x100700000000,2048,14,0,hbm_compute
3802435300,HBM,0,READ,0x100702000000,2048,14,1,hbm_compute
3805057400,HBM,0,READ,0x100780000000,2048,15,0,hbm_compute
3806908400,CXL,2,READ,0x300784000000,17301504,15,2,cxl_expert_access
3810669400,CXL,2,READ,0x300806000000,17301504,16,3,cxl_expert_access
3811173300,HBM,0,READ,0x100802000000,2048,16,1,hbm_compute
3814478100,HBM,0,READ,0x100882000000,2048,17,1,hbm_compute
3816294600,CXL,2,READ,0x300884000000,17301504,17,2,cxl_expert_access
3820890300,DRAM,1,TRANSFER,0x200906000000,4096,18,3,dram_hybrid_act
3822821500,DRAM,1,TRANSFER,0x200900000000,4096,18,0,dram_hybrid_act
3827055200,DRAM,1,TRANSFER,0x200986000000,4096,19,3,dram_hybrid_act
3827501500,HBM,0,READ,0x100984000000,2048,19,2,hbm_compute
3832155400,DRAM,1,TRANSFER,0x200a06000000,4096,20,3,dram_hybrid_act
3832743200,HBM,0,READ,0x100a04000000,2048,20,2,hbm_compute
3837194000,CXL,2,READ,0x300a80000000,17301504,21,0,cxl_expert_access
3837747000,HBM,0,READ,0x100a86000000,2048,21,3,hbm_compute
3842431400,CXL,2,READ,0x300b02000000,17301504,22,1,cxl_expert_access
3842867200,HBM,0,READ,0x100b06000000,2048,22,3,hbm_compute
3846644400,CXL,2,READ,0x300b80000000,17301504,23,0,cxl_expert_access
3847304000,HBM,0,READ,0x100b86000000,2048,23,3,hbm_compute
3856856400,CXL,2,READ,0x300002000000,17301504,0,1,cxl_expert_access
3859056300,DRAM,1,TRANSFER,0x200004000000,4096,0,2,dram_hybrid_act
3862464900,HBM,0,READ,0x100082000000,2048,1,1,hbm_compute
3863439100,CXL,2,READ,0x300084000000,17301504,1,2,cxl_expert_access
3868484800,DRAM,1,TRANSFER,0x200106000000,4096,2,3,dram_hybrid_act
3870273600,DRAM,1,TRANSFER,0x200102000000,4096,2,1,dram_hybrid_act
3875512100,DRAM,1,TRANSFER,0x200182000000,4096,3,1,dram_hybrid_act
3876040200,HBM,0,READ,0x100186000000,2048,3,3,hbm_compute
3879481500,DRAM,1,TRANSFER,0x200206000000,4096,4,3,dram_hybrid_act
3879960300,HBM,0,READ,0x100200000000,2048,4,0,hbm_compute
3883017500,HBM,0,READ,0x100286000000,2048,5,3,hbm_compute
3884926000,CXL,2,READ,0x300282000000,17301504,5,1,cxl_expert_access
3890253400,DRAM,1,TRANSFER,0x200302000000,4096,6,1,dram_hybrid_act
3892214000,CXL,2,READ,0x300300000000,17301504,6,0,cxl_expert_access
3895369900,HBM,0,READ,0x100384000000,2048,7,2,hbm_compute
3895728900,HBM,0,READ,0x100382000000,2048,7,1,hbm_compute
3899900600,CXL,2,READ,0x300400000000,17301504,8,0,cxl_expert_access
3900439300,HBM,0,READ,0x100404000000,2048,8,2,hbm_compute
3903360400,HBM,0,READ,0x100482000000,2048,9,1,hbm_compute
3905386100,DRAM,1,TRANSFER,0x200480000000,4096,9,0,dram_hybrid_act
3910013800,DRAM,1,TRANSFER,0x200500000000,4096,10,0,dram_hybrid_act
3910583400,HBM,0,READ,0x100504000000,2048,10,2,hbm_compute
3913906800,HBM,0,READ,0x100584000000,2048,11,2,hbm_compute
3915664300,CXL,2,READ,0x300580000000,17301504,11,0,cxl_expert_access
3920223600,CXL,2,READ,0x300606000000,17301504,12,3,cxl_expert_access
3923924800,CXL,2,READ,0x300604000000,17301504,12,2,cxl_expert_access
3928101000,CXL,2,READ,0x300684000000,17301504,13,2,cxl_expert_access
3928753600,HBM,0,READ,0x100682000000,2048,13,1,hbm_compute
3933369800,DRAM,1,TRANSFER,0x200706000000,4096,14,3,dram_hybrid_act
3933932400,HBM,0,READ,0x100702000000,2048,14,1,hbm_compute
3937153700,HBM,0,READ,0x100780000000,2048,15,0,hbm_compute
3937554300,HBM,0,READ,0x100782000000,2048,15,1,hbm_compute
3941665200,CXL,2,READ,0x300806000000,17301504,16,3,cxl_expert_access
3942183000,HBM,0,READ,0x100802000000,2048,16,1,hbm_compute
3945090900,HBM,0,READ,0x100882000000,2048,17,1,hbm_compute
3946091300,CXL,2,READ,0x300884000000,17301504,17,2,cxl_expert_access
3950531700,DRAM,1,TRANSFER,0x200906000000,4096,18,3,dram_hybrid_act
3952598200,DRAM,1,TRANSFER,0x200904000000,4096,18,2,dram_hybrid_act
3956111300,HBM,0,READ,0x100984000000,2048,19,2,hbm_compute
3957957100,DRAM,1,TRANSFER,0x200986000000,4096,19,3,dram_hybrid_act
3961806000,DRAM,1,TRANSFER,0x200a06000000,4096,20,3,dram_hybrid_act
3962266100,HBM,0,READ,0x100a04000000,2048,20,2,hbm_compute
3965024200,HBM,0,READ,0x100a86000000,2048,21,3,hbm_compute
3966894500,CXL,2,READ,0x300a82000000,17301504,21,1,cxl_expert_access
3970161400,HBM,0,READ,0x100b06000000,2048,22,3,hbm_compute
3971851300,CXL,2,READ,0x300b02000000,17301504,22,1,cxl_expert_access
3976283400,CXL,2,READ,0x300b82000000,17301504,23,1,cxl_expert_access
3976815200,HBM,0,READ,0x100b86000000,2048,23,3,hbm_compute
3987189900,CXL,2,READ,0x300002000000,17301504,0,1,cxl_expert_access
3989305000,DRAM,1,TRANSFER,0x200000000000,4096,0,0,dram_hybrid_act
3992679500,HBM,0,READ,0x100082000000,2048,1,1,hbm_compute
3993709700,CXL,2,READ,0x300086000000,17301504,1,3,cxl_expert_access
3998642800,DRAM,1,TRANSFER,0x200106000000,4096,2,3,dram_hybrid_act
3999373600,HBM,0,READ,0x100100000000,2048,2,0,hbm_compute
4004429500,DRAM,1,TRANSFER,0x200182000000,4096,3,1,dram_hybrid_act
4006336400,DRAM,1,TRANSFER,0x200180000000,4096,3,0,dram_hybrid_act
4010118400,CXL,2,READ,0x300202000000,17301504,4,1,cxl_expert_access
4011256600,DRAM,1,TRANSFER,0x200206000000,4096,4,3,dram_hybrid_act
4016517200,DRAM,1,TRANSFER,0x200284000000,4096,5,2,dram_hybrid_act
4017173400,HBM,0,READ,0x100286000000,2048,5,3,hbm_compute
4021699400,DRAM,1,TRANSFER,0x200304000000,4096,6,2,dram_hybrid_act
4023534100,DRAM,1,TRANSFER,0x200302000000,4096,6,1,dram_hybrid_act
4026851200,HBM,0,READ,0x100382000000,2048,7,1,hbm_compute
4027223200,HBM,0,READ,0x100384000000,2048,7,2,hbm_compute
4031720800,CXL,2,READ,0x300400000000,17301504,8,0,cxl_expert_access
4032414800,HBM,0,READ,0x100404000000,2048,8,2,hbm_compute
4035691300,HBM,0,READ,0x100482000000,2048,9,1,hbm_compute
4037357200,DRAM,1,TRANSFER,0x200484000000,4096,9,2,dram_hybrid_act
4040477800,HBM,0,READ,0x100504000000,2048,10,2,hbm_compute
4042188700,CXL,2,READ,0x300506000000,17301504,10,3,cxl_expert_access
4045953800,HBM,0,READ,0x100584000000,2048,11,2,hbm_compute
4046836900,CXL,2,READ,0x300580000000,17301504,11,0,cxl_expert_access
4049632200,HBM,0,READ,0x100600000000,2048,12,0,hbm_compute
4051292300,CXL,2,READ,0x300606000000,17301504,12,3,cxl_expert_access
4055721200,CXL,2,READ,0x300686000000,17301504,13,3,cxl_expert_access
4059999500,CXL,2,READ,0x300684000000,17301504,13,2,cxl_expert_access
4064431500,HBM,0,READ,0x100700000000,2048,14,0,hbm_compute
4066178600,DRAM,1,TRANSFER,0x200706000000,4096,14,3,dram_hybrid_act
4069838600,HBM,0,READ,0x100780000000,2048,15,0,hbm_compute
4071565100,CXL,2,READ,0x300784000000,17301504,15,2,cxl_expert_access
4075198600,HBM,0,READ,0x100802000000,2048,16,1,hbm_compute
4076810500,CXL,2,READ,0x300806000000,17301504,16,3,cxl_expert_access
4081490400,CXL,2,READ,0x300884000000,17301504,17,2,cxl_expert_access
4082052000,HBM,0,READ,0x100882000000,2048,17,1,hbm_compute
4086389500,DRAM,1,TRANSFER,0x200902000000,4096,18,1,dram_hybrid_act
4088215700,DRAM,1,TRANSFER,0x200900000000,4096,18,0,dram_hybrid_act
4091896400,HBM,0,READ,0x100984000000,2048,19,2,hbm_compute
4093675300,DRAM,1,TRANSFER,0x200986000000,4096,19,3,dram_hybrid_act
4098344300,CXL,2,READ,0x300a00000000,17301504,20,0,cxl_expert_access
4101966500,CXL,2,READ,0x300a02000000,17301504,20,1,cxl_expert_access
4105395500,HBM,0,READ,0x100a86000000,2048,21,3,hbm_compute
4105762800,HBM,0,READ,0x100a84000000,2048,21,2,hbm_compute
4110159500,CXL,2,READ,0x300b02000000,17301504,22,1,cxl_expert_access
4110663700,HBM,0,READ,0x100b04000000,2048,22,2,hbm_compute
4113552000,HBM,0,READ,0x100b86000000,2048,23,3,hbm_compute
4113962000,HBM,0,READ,0x100b84000000,2048,23,2,hbm_compute
4123124000,CXL,2,READ,0x300002000000,17301504,0,1,cxl_expert_access
4125125800,DRAM,1,TRANSFER,0x200000000000,4096,0,0,dram_hybrid_act
4128545600,HBM,0,READ,0x100082000000,2048,1,1,hbm_compute
4129045600,HBM,0,READ,0x100080000000,2048,1,0,hbm_compute
4133999500,DRAM,1,TRANSFER,0x200106000000,4096,2,3,dram_hybrid_act
4134683800,HBM,0,READ,0x100100000000,2048,2,0,hbm_compute
4138111900,HBM,0,READ,0x100186000000,2048,3,3,hbm_compute
4139880900,DRAM,1,TRANSFER,0x200180000000,4096,3,0,dram_hybrid_act
4143610800,CXL,2,READ,0x300202000000,17301504,4,1,cxl_expert_access
4144049600,HBM,0,READ,0x100200000000,2048,4,0,hbm_compute
4148782100,DRAM,1,TRANSFER,0x200284000000,4096,5,2,dram_hybrid_act
4150600700,CXL,2,READ,0x300282000000,17301504,5,1,cxl_expert_access
4155999800,CXL,2,READ,0x300300000000,17301504,6,0,cxl_expert_access
4157924300,DRAM,1,TRANSFER,0x200302000000,4096,6,1,dram_hybrid_act
4161443200,HBM,0,READ,0x100382000000,2048,7,1,hbm_compute
4162413900,CXL,2,READ,0x300380000000,17301504,7,0,cxl_expert_access
4166977100,CXL,2,READ,0x300400000000,17301504,8,0,cxl_expert_access
4167546900,HBM,0,READ,0x100402000000,2048,8,1,hbm_compute
4170877900,HBM,0,READ,0x100482000000,2048,9,1,hbm_compute
4172671900,CXL,2,READ,0x300486000000,17301504,9,3,cxl_expert_access
4176531900,DRAM,1,TRANSFER,0x200502000000,4096,10,1,dram_hybrid_act
4176995900,HBM,0,READ,0x100504000000,2048,10,2,hbm_compute
4180288800,CXL,2,READ,0x300586000000,17301504,11,3,cxl_expert_access
4185175500,CXL,2,READ,0x300580000000,17301504,11,0,cxl_expert_access
4189731700,CXL,2,READ,0x300606000000,17301504,12,3,cxl_expert_access
4190225300,HBM,0,READ,0x100600000000,2048,12,0,hbm_compute
4193704900,CXL,2,READ,0x300684000000,17301504,13,2,cxl_expert_access
4197385300,CXL,2,READ,0x300686000000,17301504,13,3,cxl_expert_access
4201183900,HBM,0,READ,0x100700000000,2048,14,0,hbm_compute
4201548900,HBM,0,READ,0x100702000000,2048,14,1,hbm_compute
4204361600,HBM,0,READ,0x100782000000,2048,15,1,hbm_compute
4206100000,CXL,2,READ,0x300784000000,17301504,15,2,cxl_expert_access
4209090100,HBM,0,READ,0x100802000000,2048,16,1,hbm_compute
4210133800,CXL,2,READ,0x300806000000,17301504,16,3,cxl_expert_access
4213356400,HBM,0,READ,0x100882000000,2048,17,1,hbm_compute
4214497100,CXL,2,READ,0x300884000000,17301504,17,2,cxl_expert_access
4219762900,DRAM,1,TRANSFER,0x200904000000,4096,18,2,dram_hybrid_act
4221755900,DRAM,1,TRANSFER,0x200902000000,4096,18,1,dram_hybrid_act
4228213100,DRAM,1,TRANSFER,0x200986000000,4096,19,3,dram_hybrid_act
4228712600,HBM,0,READ,0x100984000000,2048,19,2,hbm_compute
4233202800,CXL,2,READ,0x300a02000000,17301504,20,1,cxl_expert_access
4233862000,HBM,0,READ,0x100a04000000,2048,20,2,hbm_compute
4238793400,CXL,2,READ,0x300a82000000,17301504,21,1,cxl_expert_access
4239354400,HBM,0,READ,0x100a86000000,2048,21,3,hbm_compute
4242457700,HBM,0,READ,0x100b04000000,2048,22,2,hbm_compute
4243738300,CXL,2,READ,0x300b00000000,17301504,22,0,cxl_expert_access
4246927000,HBM,0,READ,0x100b84000000,2048,23,2,hbm_compute
4248701200,CXL,2,READ,0x300b82000000,17301504,23,1,cxl_expert_access
4258271200,CXL,2,READ,0x300002000000,17301504,0,1,cxl_expert_access
4259316700,DRAM,1,TRANSFER,0x200000000000,4096,0,0,dram_hybrid_act
4263001700,HBM,0,READ,0x100080000000,2048,1,0,hbm_compute
4264797500,CXL,2,READ,0x300084000000,17301504,1,2,cxl_expert_access
4269646200,DRAM,1,TRANSFER,0x200106000000,4096,2,3,dram_hybrid_act
4270234200,HBM,0,READ,0x100100000000,2048,2,0,hbm_compute
4274818600,DRAM,1,TRANSFER,0x200182000000,4096,3,1,dram_hybrid_act
4276103400,DRAM,1,TRANSFER,0x200180000000,4096,3,0,dram_hybrid_act
4279815400,DRAM,1,TRANSFER,0x200206000000,4096,4,3,dram_hybrid_act
4280298600,HBM,0,READ,0x100200000000,2048,4,0,hbm_compute
4284775100,DRAM,1,TRANSFER,0x200284000000,4096,5,2,dram_hybrid_act
4285301500,HBM,0,READ,0x100286000000,2048,5,3,hbm_compute
4289738300,CXL,2,READ,0x300300000000,17301504,6,0,cxl_expert_access
4290248700,HBM,0,READ,0x100306000000,2048,6,3,hbm_compute
4293825400,CXL,2,READ,0x300380000000,17301504,7,0,cxl_expert_access
4294253300,HBM,0,READ,0x100384000000,2048,7,2,hbm_compute
4298963200,CXL,2,READ,0x300406000000,17301504,8,3,cxl_expert_access
4302844600,CXL,2,READ,0x300400000000,17301504,8,0,cxl_expert_access
4306491300,HBM,0,READ,0x100482000000,2048,9,1,hbm_compute
4308524700,CXL,2,READ,0x300486000000,17301504,9,3,cxl_expert_access
4312087300,HBM,0,READ,0x100504000000,2048,10,2,hbm_compute
4313984200,DRAM,1,TRANSFER,0x200500000000,4096,10,0,dram_hybrid_act
4317626300,HBM,0,READ,0x100584000000,2048,11,2,hbm_compute
4319485700,CXL,2,READ,0x300586000000,17301504,11,3,cxl_expert_access
4323194000,HBM,0,READ,0x100600000000,2048,12,0,hbm_compute
4325080700,CXL,2,READ,0x300606000000,17301504,12,3,cxl_expert_access
4330123100,CXL,2,READ,0x300684000000,17301504,13,2,cxl_expert_access
4330762900,HBM,0,READ,0x100682000000,2048,13,1,hbm_compute
4333821000,HBM,0,READ,0x100702000000,2048,14,1,hbm_compute
4334184300,HBM,0,READ,0x100700000000,2048,14,0,hbm_compute
4336471700,HBM,0,READ,0x100782000000,2048,15,1,hbm_compute
4338506300,CXL,2,READ,0x300784000000,17301504,15,2,cxl_expert_access
4341915300,HBM,0,READ,0x100802000000,2048,16,1,hbm_compute
4342249600,HBM,0,READ,0x100800000000,2048,16,0,hbm_compute
4345037300,HBM,0,READ,0x100882000000,2048,17,1,hbm_compute
4346092200,DRAM,1,TRANSFER,0x200880000000,4096,17,0,dram_hybrid_act
4350614300,DRAM,1,TRANSFER,0x200902000000,4096,18,1,dram_hybrid_act
4352577300,DRAM,1,TRANSFER,0x200906000000,4096,18,3,dram_hybrid_act
4357708800,DRAM,1,TRANSFER,0x200986000000,4096,19,3,dram_hybrid_act
4358229300,HBM,0,READ,0x100984000000,2048,19,2,hbm_compute
4361683200,CXL,2,READ,0x300a00000000,17301504,20,0,cxl_expert_access
4362133000,HBM,0,READ,0x100a04000000,2048,20,2,hbm_compute
4365042800,HBM,0,READ,0x100a86000000,2048,21,3,hbm_compute
4366904200,CXL,2,READ,0x300a80000000,17301504,21,0,cxl_expert_access
4372402600,CXL,2,READ,0x300b00000000,17301504,22,0,cxl_expert_access
4375720400,CXL,2,READ,0x300b02000000,17301504,22,1,cxl_expert_access
4378871300,HBM,0,READ,0x100b86000000,2048,23,3,hbm_compute
4379241000,HBM,0,READ,0x100b84000000,2048,23,2,hbm_compute
4387039200,HBM,0,READ,0x100006000000,2048,0,3,hbm_compute
4388827100,DRAM,1,TRANSFER,0x200004000000,4096,0,2,dram_hybrid_act
4392029400,HBM,0,READ,0x100082000000,2048,1,1,hbm_compute
4392506500,HBM,0,READ,0x100080000000,2048,1,0,hbm_compute
4395668500,CXL,2,READ,0x300104000000,17301504,2,2,cxl_expert_access
4396622700,DRAM,1,TRANSFER,0x200102000000,4096,2,1,dram_hybrid_act
4401612200,DRAM,1,TRANSFER,0x200182000000,4096,3,1,dram_hybrid_act
4403554300,DRAM,1,TRANSFER,0x200180000000,4096,3,0,dram_hybrid_act
4408519100,CXL,2,READ,0x300202000000,17301504,4,1,cxl_expert_access
4409524900,DRAM,1,TRANSFER,0x200204000000,4096,4,2,dram_hybrid_act
4413147200,DRAM,1,TRANSFER,0x200284000000,4096,5,2,dram_hybrid_act
4415186300,CXL,2,READ,0x300282000000,17301504,5,1,cxl_expert_access
4420206700,CXL,2,READ,0x300300000000,17301504,6,0,cxl_expert_access
4420738800,HBM,0,READ,0x100306000000,2048,6,3,hbm_compute
4425300300,CXL,2,READ,0x300386000000,17301504,7,3,cxl_expert_access
4425789900,HBM,0,READ,0x100382000000,2048,7,1,hbm_compute
4429153800,CXL,2,READ,0x300400000000,17301504,8,0,cxl_expert_access
4433786500,CXL,2,READ,0x300406000000,17301504,8,3,cxl_expert_access
4437750700,HBM,0,READ,0x100482000000,2048,9,1,hbm_compute
4439515600,DRAM,1,TRANSFER,0x200484000000,4096,9,2,dram_hybrid_act
4442899000,HBM,0,READ,0x100504000000,2048,10,2,hbm_compute
4443849200,DRAM,1,TRANSFER,0x200502000000,4096,10,1,dram_hybrid_act
4447514000,HBM,0,READ,0x100584000000,2048,11,2,hbm_compute
4449436400,CXL,2,READ,0x300586000000,17301504,11,3,cxl_expert_access
4454356800,CXL,2,READ,0x300606000000,17301504,12,3,cxl_expert_access
4454921600,HBM,0,READ,0x100600000000,2048,12,0,hbm_compute
4457851800,HBM,0,READ,0x100680000000,2048,13,0,hbm_compute
4459691200,CXL,2,READ,0x300684000000,17301504,13,2,cxl_expert_access
4464032900,HBM,0,READ,0x100702000000,2048,14,1,hbm_compute
4464535300,HBM,0,READ,0x100700000000,2048,14,0,hbm_compute
4468561600,HBM,0,READ,0x100782000000,2048,15,1,hbm_compute
4469984300,CXL,2,READ,0x300784000000,17301504,15,2,cxl_expert_access
4473689900,HBM,0,READ,0x100802000000,2048,16,1,hbm_compute
4475226900,CXL,2,READ,0x300806000000,17301504,16,3,cxl_expert_access
4479223100,HBM,0,READ,0x100882000000,2048,17,1,hbm_compute
4480472100,CXL,2,READ,0x300884000000,17301504,17,2,cxl_expert_access
4486056300,DRAM,1,TRANSFER,0x200904000000,4096,18,2,dram_hybrid_act
4487687600,DRAM,1,TRANSFER,0x200902000000,4096,18,1,dram_hybrid_act
4492813400,DRAM,1,TRANSFER,0x200986000000,4096,19,3,dram_hybrid_act
4493401900,HBM,0,READ,0x100984000000,2048,19,2,hbm_compute
4497984600,CXL,2,READ,0x300a02000000,17301504,20,1,cxl_expert_access
4502491900,CXL,2,READ,0x300a00000000,17301504,20,0,cxl_expert_access
4507269600,CXL,2,READ,0x300a82000000,17301504,21,1,cxl_expert_access
4510248700,CXL,2,READ,0x300a80000000,17301504,21,0,cxl_expert_access
4513479900,HBM,0,READ,0x100b04000000,2048,22,2,hbm_compute
4514880100,CXL,2,READ,0x300b00000000,17301504,22,0,cxl_expert_access
4520626100,CXL,2,READ,0x300b82000000,17301504,23,1,cxl_expert_access
4521256800,HBM,0,READ,0x100b84000000,2048,23,2,hbm_compute
4530381200,CXL,2,READ,0x300002000000,17301504,0,1,cxl_expert_access
4532291000,DRAM,1,TRANSFER,0x200004000000,4096,0,2,dram_hybrid_act
4535310600,HBM,0,READ,0x100080000000,2048,1,0,hbm_compute
4536225300,CXL,2,READ,0x300084000000,17301504,1,2,cxl_expert_access
4540751600,CXL,2,READ,0x300104000000,17301504,2,2,cxl_expert_access
4541385500,HBM,0,READ,0x100100000000,2048,2,0,hbm_compute
4544763700,DRAM,1,TRANSFER,0x200180000000,4096,3,0,dram_hybrid_act
4545707000,DRAM,1,TRANSFER,0x200182000000,4096,3,1,dram_hybrid_act
4550454800,DRAM,1,TRANSFER,0x200204000000,4096,4,2,dram_hybrid_act
4550982500,HBM,0,READ,0x100200000000,2048,4,0,hbm_compute
4556444400,DRAM,1,TRANSFER,0x200284000000,4096,5,2,dram_hybrid_act
4557593300,CXL,2,READ,0x300282000000,17301504,5,1,cxl_expert_access
4561745500,CXL,2,READ,0x300300000000,17301504,6,0,cxl_expert_access
4562512000,HBM,0,READ,0x100306000000,2048,6,3,hbm_compute
4565625900,HBM,0,READ,0x100384000000,2048,7,2,hbm_compute
4567316900,CXL,2,READ,0x300380000000,17301504,7,0,cxl_expert_access
4570256800,HBM,0,READ,0x100402000000,2048,8,1,hbm_compute
4572152100,CXL,2,READ,0x300400000000,17301504,8,0,cxl_expert_access
4577889800,CXL,2,READ,0x300486000000,17301504,9,3,cxl_expert_access
4578625900,HBM,0,READ,0x100482000000,2048,9,1,hbm_compute
4581650500,HBM,0,READ,0x100504000000,2048,10,2,hbm_compute
4583412400,DRAM,1,TRANSFER,0x200502000000,4096,10,1,dram_hybrid_act
4587796900,CXL,2,READ,0x300580000000,17301504,11,0,cxl_expert_access
4588410200,HBM,0,READ,0x100584000000,2048,11,2,hbm_compute
4592588500,CXL,2,READ,0x300606000000,17301504,12,3,cxl_expert_access
4595822100,CXL,2,READ,0x300604000000,17301504,12,2,cxl_expert_access
4600860900,CXL,2,READ,0x300684000000,17301504,13,2,cxl_expert_access
4601368900,HBM,0,READ,0x100680000000,2048,13,0,hbm_compute
4604243300,HBM,0,READ,0x100700000000,2048,14,0,hbm_compute
4606118100,DRAM,1,TRANSFER,0x200706000000,4096,14,3,dram_hybrid_act
4609259100,CXL,2,READ,0x300784000000,17301504,15,2,cxl_expert_access
4609660200,HBM,0,READ,0x100782000000,2048,15,1,hbm_compute
4613165700,CXL,2,READ,0x300806000000,17301504,16,3,cxl_expert_access
4618390000,CXL,2,READ,0x300804000000,17301504,16,2,cxl_expert_access
4621896000,HBM,0,READ,0x100882000000,2048,17,1,hbm_compute
4623610600,DRAM,1,TRANSFER,0x200880000000,4096,17,0,dram_hybrid_act
4626843800,DRAM,1,TRANSFER,0x200902000000,4096,18,1,dram_hybrid_act
4627792200,DRAM,1,TRANSFER,0x200906000000,4096,18,3,dram_hybrid_act
4632426800,DRAM,1,TRANSFER,0x200986000000,4096,19,3,dram_hybrid_act
4633714500,CXL,2,READ,0x300982000000,17301504,19,1,cxl_expert_access
4637767400,DRAM,1,TRANSFER,0x200a06000000,4096,20,3,dram_hybrid_act
4638284600,HBM,0,READ,0x100a04000000,2048,20,2,hbm_compute
4641167200,HBM,0,READ,0x100a86000000,2048,21,3,hbm_compute
4642833600,CXL,2,READ,0x300a82000000,17301504,21,1,cxl_expert_access
4646764800,CXL,2,READ,0x300b00000000,17301504,22,0,cxl_expert_access
4647222700,HBM,0,READ,0x100b06000000,2048,22,3,hbm_compute
4650845900,HBM,0,READ,0x100b86000000,2048,23,3,hbm_compute
4651246400,HBM,0,READ,0x100b84000000,2048,23,2,hbm_compute
4663204900,DRAM,1,TRANSFER,0x200004000000,4096,0,2,dram_hybrid_act
4663892000,HBM,0,READ,0x100006000000,2048,0,3,hbm_compute
4666987400,HBM,0,READ,0x100080000000,2048,1,0,hbm_compute
4668647500,CXL,2,READ,0x300086000000,17301504,1,3,cxl_expert_access
4672646100,DRAM,1,TRANSFER,0x200102000000,4096,2,1,dram_hybrid_act
4674159700,DRAM,1,TRANSFER,0x200106000000,4096,2,3,dram_hybrid_act
4676658600,HBM,0,READ,0x100186000000,2048,3,3,hbm_compute
4677482100,DRAM,1,TRANSFER,0x200182000000,4096,3,1,dram_hybrid_act
4681404400,HBM,0,READ,0x100200000000,2048,4,0,hbm_compute
4683185100,DRAM,1,TRANSFER,0x200204000000,4096,4,2,dram_hybrid_act
4687616300,DRAM,1,TRANSFER,0x200284000000,4096,5,2,dram_hybrid_act
4688841400,CXL,2,READ,0x300280000000,17301504,5,0,cxl_expert_access
4693229400,DRAM,1,TRANSFER,0x200302000000,4096,6,1,dram_hybrid_act
4694192800,CXL,2,READ,0x300300000000,17301504,6,0,cxl_expert_access
4697997600,HBM,0,READ,0x100382000000,2048,7,1,hbm_compute
4698425700,HBM,0,READ,0x100384000000,2048,7,2,hbm_compute
4703348100,CXL,2,READ,0x300400000000,17301504,8,0,cxl_expert_access
4703969000,HBM,0,READ,0x100402000000,2048,8,1,hbm_compute
4708696500,CXL,2,READ,0x300486000000,17301504,9,3,cxl_expert_access
4709332700,HBM,0,READ,0x100482000000,2048,9,1,hbm_compute
4712702900,HBM,0,READ,0x100504000000,2048,10,2,hbm_compute
4714100000,DRAM,1,TRANSFER,0x200502000000,4096,10,1,dram_hybrid_act
4717438000,HBM,0,READ,0x100584000000,2048,11,2,hbm_compute
4719235000,CXL,2,READ,0x300586000000,17301504,11,3,cxl_expert_access
4723932200,CXL,2,READ,0x300606000000,17301504,12,3,cxl_expert_access
4724470500,HBM,0,READ,0x100600000000,2048,12,0,hbm_compute
4729240300,CXL,2,READ,0x300684000000,17301504,13,2,cxl_expert_access
4729924800,HBM,0,READ,0x100680000000,2048,13,0,hbm_compute
4734562300,DRAM,1,TRANSFER,0x200706000000,4096,14,3,dram_hybrid_act
4736345200,CXL,2,READ,0x300704000000,17301504,14,2,cxl_expert_access
4739323100,HBM,0,READ,0x100782000000,2048,15,1,hbm_compute
4740724200,CXL,2,READ,0x300784000000,17301504,15,2,cxl_expert_access
4745829900,CXL,2,READ,0x300806000000,17301504,16,3,cxl_expert_access
4750021500,CXL,2,READ,0x300804000000,17301504,16,2,cxl_expert_access
4753405100,HBM,0,READ,0x100882000000,2048,17,1,hbm_compute
4755194000,DRAM,1,TRANSFER,0x200880000000,4096,17,0,dram_hybrid_act
4759617400,DRAM,1,TRANSFER,0x200902000000,4096,18,1,dram_hybrid_act
4760597900,DRAM,1,TRANSFER,0x200900000000,4096,18,0,dram_hybrid_act
4765891900,CXL,2,READ,0x300982000000,17301504,19,1,cxl_expert_access
4766432800,HBM,0,READ,0x100984000000,2048,19,2,hbm_compute
4770950200,DRAM,1,TRANSFER,0x200a06000000,4096,20,3,dram_hybrid_act
4772554600,CXL,2,READ,0x300a00000000,17301504,20,0,cxl_expert_access
4776989900,CXL,2,READ,0x300a82000000,17301504,21,1,cxl_expert_access
4781962500,CXL,2,READ,0x300a80000000,17301504,21,0,cxl_expert_access
4786730400,CXL,2,READ,0x300b00000000,17301504,22,0,cxl_expert_access
4787209600,HBM,0,READ,0x100b06000000,2048,22,3,hbm_compute
4790231300,HBM,0,READ,0x100b86000000,2048,23,3,hbm_compute
4792172600,CXL,2,READ,0x300b82000000,17301504,23,1,cxl_expert_access
4804510900,DRAM,1,TRANSFER,0x200004000000,4096,0,2,dram_hybrid_act
4806045400,CXL,2,READ,0x300002000000,17301504,0,1,cxl_expert_access
4810449500,CXL,2,READ,0x300084000000,17301504,1,2,cxl_expert_access
4810952400,HBM,0,READ,0x100082000000,2048,1,1,hbm_compute
4815184800,DRAM,1,TRANSFER,0x200106000000,4096,2,3,dram_hybrid_act
4816879900,DRAM,1,TRANSFER,0x200102000000,4096,2,1,dram_hybrid_act
4820696900,DRAM,1,TRANSFER,0x200182000000,4096,3,1,dram_hybrid_act
4822412700,CXL,2,READ,0x300184000000,17301504,3,2,cxl_expert_access
4826636500,CXL,2,READ,0x300202000000,17301504,4,1,cxl_expert_access
4827600000,DRAM,1,TRANSFER,0x200206000000,4096,4,3,dram_hybrid_act
4831639900,CXL,2,READ,0x300282000000,17301504,5,1,cxl_expert_access
4832206000,HBM,0,READ,0x100286000000,2048,5,3,hbm_compute
4836712200,DRAM,1,TRANSFER,0x200302000000,4096,6,1,dram_hybrid_act
4838452900,CXL,2,READ,0x300300000000,17301504,6,0,cxl_expert_access
4841312900,HBM,0,READ,0x100382000000,2048,7,1,hbm_compute
4843000600,CXL,2,READ,0x300380000000,17301504,7,0,cxl_expert_access
4846356500,CXL,2,READ,0x300400000000,17301504,8,0,cxl_expert_access
4851322600,CXL,2,READ,0x300406000000,17301504,8,3,cxl_expert_access
4854999200,HBM,0,READ,0x100482000000,2048,9,1,hbm_compute
4856774900,CXL,2,READ,0x300486000000,17301504,9,3,cxl_expert_access
4859749700,HBM,0,READ,0x100504000000,2048,10,2,hbm_compute
4860708100,CXL,2,READ,0x300506000000,17301504,10,3,cxl_expert_access
4863558000,HBM,0,READ,0x100584000000,2048,11,2,hbm_compute
4865573300,CXL,2,READ,0x300586000000,17301504,11,3,cxl_expert_access
4870721600,CXL,2,READ,0x300606000000,17301504,12,3,cxl_expert_access
4871332100,HBM,0,READ,0x100600000000,2048,12,0,hbm_compute
4874391900,HBM,0,READ,0x100680000000,2048,13,0,hbm_compute
4876000600,CXL,2,READ,0x300684000000,17301504,13,2,cxl_expert_access
4878990400,HBM,0,READ,0x100700000000,2048,14,0,hbm_compute
4880790400,DRAM,1,TRANSFER,0x200706000000,4096,14,3,dram_hybrid_act
4884631400,HBM,0,READ,0x100782000000,2048,15,1,hbm_compute
4886408600,CXL,2,READ,0x300784000000,17301504,15,2,cxl_expert_access
4889865500,HBM,0,READ,0x100802000000,2048,16,1,hbm_compute
4891610500,CXL,2,READ,0x300806000000,17301504,16,3,cxl_expert_access
4894910400,HBM,0,READ,0x100882000000,2048,17,1,hbm_compute
4895349400,HBM,0,READ,0x100886000000,2048,17,3,hbm_compute
4899933400,DRAM,1,TRANSFER,0x200902000000,4096,18,1,dram_hybrid_act
4901798200,DRAM,1,TRANSFER,0x200904000000,4096,18,2,dram_hybrid_act
4905263800,HBM,0,READ,0x100984000000,2048,19,2,hbm_compute
4906999500,CXL,2,READ,0x300982000000,17301504,19,1,cxl_expert_access
4911537500,CXL,2,READ,0x300a00000000,17301504,20,0,cxl_expert_access
4915218600,CXL,2,READ,0x300a02000000,17301504,20,1,cxl_expert_access
4920385500,CXL,2,READ,0x300a82000000,17301504,21,1,cxl_expert_access
4924089400,CXL,2,READ,0x300a80000000,17301504,21,0,cxl_expert_access
4927666900,HBM,0,READ,0x100b04000000,2048,22,2,hbm_compute
4928889100,CXL,2,READ,0x300b00000000,17301504,22,0,cxl_expert_access
4931584700,HBM,0,READ,0x100b86000000,2048,23,3,hbm_compute
4933517000,CXL,2,READ,0x300b80000000,17301504,23,0,cxl_expert_access
4941395000,HBM,0,READ,0x100006000000,2048,0,3,hbm_compute
4942917600,CXL,2,READ,0x300002000000,17301504,0,1,cxl_expert_access
4946330900,HBM,0,READ,0x100082000000,2048,1,1,hbm_compute
4946801300,HBM,0,READ,0x100080000000,2048,1,0,hbm_compute
4950816400,DRAM,1,TRANSFER,0x200106000000,4096,2,3,dram_hybrid_act
4952624000,CXL,2,READ,0x300104000000,17301504,2,2,cxl_expert_access
4957395500,DRAM,1,TRANSFER,0x200180000000,4096,3,0,dram_hybrid_act
4959345000,DRAM,1,TRANSFER,0x200182000000,4096,3,1,dram_hybrid_act
4963047200,DRAM,1,TRANSFER,0x200204000000,4096,4,2,dram_hybrid_act
4963527500,HBM,0,READ,0x100200000000,2048,4,0,hbm_compute
4967485300,DRAM,1,TRANSFER,0x200284000000,4096,5,2,dram_hybrid_act
4969194500,CXL,2,READ,0x300280000000,17301504,5,0,cxl_expert_access
4972123500,HBM,0,READ,0x100306000000,2048,6,3,hbm_compute
4973863900,CXL,2,READ,0x300300000000,17301504,6,0,cxl_expert_access
4977056800,HBM,0,READ,0x100382000000,2048,7,1,hbm_compute
4978124200,CXL,2,READ,0x300380000000,17301504,7,0,cxl_expert_access
4981437600,HBM,0,READ,0x100402000000,2048,8,1,hbm_compute
4983307300,CXL,2,READ,0x300400000000,17301504,8,0,cxl_expert_access
4986583300,HBM,0,READ,0x100482000000,2048,9,1,hbm_compute
4988979300,CXL,2,READ,0x300486000000,17301504,9,3,cxl_expert_access
4993477600,DRAM,1,TRANSFER,0x200502000000,4096,10,1,dram_hybrid_act
4993921300,HBM,0,READ,0x100504000000,2048,10,2,hbm_compute
4996726900,HBM,0,READ,0x100584000000,2048,11,2,hbm_compute
4998413100,CXL,2,READ,0x300580000000,17301504,11,0,cxl_expert_access
5001556100,HBM,0,READ,0x100600000000,2048,12,0,hbm_compute
5003308500,CXL,2,READ,0x300604000000,17301504,12,2,cxl_expert_access
5008006200,CXL,2,READ,0x300684000000,17301504,13,2,cxl_expert_access
5008553900,HBM,0,READ,0x100680000000,2048,13,0,hbm_compute
5011426500,HBM,0,READ,0x100700000000,2048,14,0,hbm_compute
5012458100,DRAM,1,TRANSFER,0x200706000000,4096,14,3,dram_hybrid_act
5015741000,HBM,0,READ,0x100782000000,2048,15,1,hbm_compute
5016147400,HBM,0,READ,0x100780000000,2048,15,0,hbm_compute
5020280900,CXL,2,READ,0x300806000000,17301504,16,3,cxl_expert_access
5020876800,HBM,0,READ,0x100802000000,2048,16,1,hbm_compute
5024103300,HBM,0,READ,0x100886000000,2048,17,3,hbm_compute
5024486300,HBM,0,READ,0x100882000000,2048,17,1,hbm_compute
5027702800,DRAM,1,TRANSFER,0x200902000000,4096,18,1,dram_hybrid_act
5028909100,DRAM,1,TRANSFER,0x200900000000,4096,18,0,dram_hybrid_act
5034488200,HBM,0,READ,0x100984000000,2048,19,2,hbm_compute
5036497900,DRAM,1,TRANSFER,0x200980000000,4096,19,0,dram_hybrid_act
5040907100,HBM,0,READ,0x100a04000000,2048,20,2,hbm_compute
5042874700,CXL,2,READ,0x300a00000000,17301504,20,0,cxl_expert_access
5047707000,CXL,2,READ,0x300a82000000,17301504,21,1,cxl_expert_access
5048291800,HBM,0,READ,0x100a86000000,2048,21,3,hbm_compute
5051001900,HBM,0,READ,0x100b06000000,2048,22,3,hbm_compute
5051353500,HBM,0,READ,0x100b04000000,2048,22,2,hbm_compute
5055408800,CXL,2,READ,0x300b82000000,17301504,23,1,cxl_expert_access
5059222600,CXL,2,READ,0x300b80000000,17301504,23,0,cxl_expert_access
5069861000,CXL,2,READ,0x300002000000,17301504,0,1,cxl_expert_access
5071934700,DRAM,1,TRANSFER,0x200000000000,4096,0,0,dram_hybrid_act
5076780300,CXL,2,READ,0x300084000000,17301504,1,2,cxl_expert_access
5077334000,HBM,0,READ,0x100080000000,2048,1,0,hbm_compute
5080912000,HBM,0,READ,0x100100000000,2048,2,0,hbm_compute
5082779800,DRAM,1,TRANSFER,0x200106000000,4096,2,3,dram_hybrid_act
5088291200,DRAM,1,TRANSFER,0x200182000000,4096,3,1,dram_hybrid_act
5090192300,DRAM,1,TRANSFER,0x200180000000,4096,3,0,dram_hybrid_act
5094105900,CXL,2,READ,0x300202000000,17301504,4,1,cxl_expert_access
5094670200,HBM,0,READ,0x100200000000,2048,4,0,hbm_compute
5099428000,CXL,2,READ,0x300280000000,17301504,5,0,cxl_expert_access
5100142100,HBM,0,READ,0x100286000000,2048,5,3,hbm_compute
5106547400,DRAM,1,TRANSFER,0x200302000000,4096,6,1,dram_hybrid_act
5108564300,CXL,2,READ,0x300300000000,17301504,6,0,cxl_expert_access
5113109600,HBM,0,READ,0x100384000000,2048,7,2,hbm_compute
5113539800,HBM,0,READ,0x100382000000,2048,7,1,hbm_compute
5117833300,CXL,2,READ,0x300400000000,17301504,8,0,cxl_expert_access
5121486300,CXL,2,READ,0x300406000000,17301504,8,3,cxl_expert_access
5124893200,HBM,0,READ,0x100482000000,2048,9,1,hbm_compute
5125855000,CXL,2,READ,0x300486000000,17301504,9,3,cxl_expert_access
5129123200,HBM,0,READ,0x100504000000,2048,10,2,hbm_compute
5130318700,DRAM,1,TRANSFER,0x200502000000,4096,10,1,dram_hybrid_act
5133952100,HBM,0,READ,0x100584000000,2048,11,2,hbm_compute
5135846800,CXL,2,READ,0x300586000000,17301504,11,3,cxl_expert_access
5140554600,CXL,2,READ,0x300606000000,17301504,12,3,cxl_expert_access
5141156300,HBM,0,READ,0x100600000000,2048,12,0,hbm_compute
5146579500,CXL,2,READ,0x300684000000,17301504,13,2,cxl_expert_access
5148853300,CXL,2,READ,0x300686000000,17301504,13,3,cxl_expert_access
5152660500,HBM,0,READ,0x100700000000,2048,14,0,hbm_compute
5154842900,CXL,2,READ,0x300704000000,17301504,14,2,cxl_expert_access
5158696300,HBM,0,READ,0x100780000000,2048,15,0,hbm_compute
5159211000,HBM,0,READ,0x100782000000,2048,15,1,hbm_compute
5163201400,HBM,0,READ,0x100802000000,2048,16,1,hbm_compute
5164143600,CXL,2,READ,0x300806000000,17301504,16,3,cxl_expert_access
5168872700,DRAM,1,TRANSFER,0x200880000000,4096,17,0,dram_hybrid_act
5169454400,HBM,0,READ,0x100886000000,2048,17,3,hbm_compute
5173966300,DRAM,1,TRANSFER,0x200900000000,4096,18,0,dram_hybrid_act
5175835900,DRAM,1,TRANSFER,0x200906000000,4096,18,3,dram_hybrid_act
5180683400,CXL,2,READ,0x300982000000,17301504,19,1,cxl_expert_access
5182176600,DRAM,1,TRANSFER,0x200980000000,4096,19,0,dram_hybrid_act
5187444700,DRAM,1,TRANSFER,0x200a06000000,4096,20,3,dram_hybrid_act
5189305900,CXL,2,READ,0x300a02000000,17301504,20,1,cxl_expert_access
5193138000,HBM,0,READ,0x100a86000000,2048,21,3,hbm_compute
5194169500,CXL,2,READ,0x300a82000000,17301504,21,1,cxl_expert_access
5197691900,HBM,0,READ,0x100b04000000,2048,22,2,hbm_compute
5199554600,CXL,2,READ,0x300b02000000,17301504,22,1,cxl_expert_access
5202942300,HBM,0,READ,0x100b86000000,2048,23,3,hbm_compute
5204771700,CXL,2,READ,0x300b82000000,17301504,23,1,cxl_expert_access
5213852600,CXL,2,READ,0x300002000000,17301504,0,1,cxl_expert_access
5215753600,DRAM,1,TRANSFER,0x200004000000,4096,0,2,dram_hybrid_act
5219307700,HBM,0,READ,0x100082000000,2048,1,1,hbm_compute
5219679800,HBM,0,READ,0x100080000000,2048,1,0,hbm_compute
5222370500,HBM,0,READ,0x100100000000,2048,2,0,hbm_compute
5224381300,DRAM,1,TRANSFER,0x200106000000,4096,2,3,dram_hybrid_act
5228469000,DRAM,1,TRANSFER,0x200182000000,4096,3,1,dram_hybrid_act
5229427400,DRAM,1,TRANSFER,0x200180000000,4096,3,0,dram_hybrid_act
5233994300,CXL,2,READ,0x300202000000,17301504,4,1,cxl_expert_access
5235839200,DRAM,1,TRANSFER,0x200206000000,4096,4,3,dram_hybrid_act
5240895100,DRAM,1,TRANSFER,0x200284000000,4096,5,2,dram_hybrid_act
5241587600,HBM,0,READ,0x100286000000,2048,5,3,hbm_compute
5246572400,DRAM,1,TRANSFER,0x200304000000,4096,6,2,dram_hybrid_act
5248146700,DRAM,1,TRANSFER,0x200302000000,4096,6,1,dram_hybrid_act
5252490300,CXL,2,READ,0x300380000000,17301504,7,0,cxl_expert_access
5252949700,HBM,0,READ,0x100384000000,2048,7,2,hbm_compute
5257307100,CXL,2,READ,0x300400000000,17301504,8,0,cxl_expert_access
5260188300,CXL,2,READ,0x300406000000,17301504,8,3,cxl_expert_access
5263987900,HBM,0,READ,0x100482000000,2048,9,1,hbm_compute
5265881400,DRAM,1,TRANSFER,0x200484000000,4096,9,2,dram_hybrid_act
5269793700,HBM,0,READ,0x100504000000,2048,10,2,hbm_compute
5271787000,DRAM,1,TRANSFER,0x200500000000,4096,10,0,dram_hybrid_act
5276929800,CXL,2,READ,0x300586000000,17301504,11,3,cxl_expert_access
5277445100,HBM,0,READ,0x100584000000,2048,11,2,hbm_compute
5280630300,HBM,0,READ,0x100600000000,2048,12,0,hbm_compute
5282445700,CXL,2,READ,0x300606000000,17301504,12,3,cxl_expert_access
5287230200,CXL,2,READ,0x300684000000,17301504,13,2,cxl_expert_access
5290658100,CXL,2,READ,0x300686000000,17301504,13,3,cxl_expert_access
5294180600,HBM,0,READ,0x100702000000,2048,14,1,hbm_compute
5296414900,DRAM,1,TRANSFER,0x200706000000,4096,14,3,dram_hybrid_act
5300709000,CXL,2,READ,0x300784000000,17301504,15,2,cxl_expert_access
5301192900,HBM,0,READ,0x100780000000,2048,15,0,hbm_compute
5304697300,HBM,0,READ,0x100802000000,2048,16,1,hbm_compute
5306604700,CXL,2,READ,0x300804000000,17301504,16,2,cxl_expert_access
5311260600,DRAM,1,TRANSFER,0x200880000000,4096,17,0,dram_hybrid_act
5313429400,CXL,2,READ,0x300884000000,17301504,17,2,cxl_expert_access
5318266400,DRAM,1,TRANSFER,0x200902000000,4096,18,1,dram_hybrid_act
5320340600,DRAM,1,TRANSFER,0x200906000000,4096,18,3,dram_hybrid_act
5327570100,DRAM,1,TRANSFER,0x200980000000,4096,19,0,dram_hybrid_act
5328223500,HBM,0,READ,0x100984000000,2048,19,2,hbm_compute
5332876200,CXL,2,READ,0x300a02000000,17301504,20,1,cxl_expert_access
5336250200,CXL,2,READ,0x300a00000000,17301504,20,0,cxl_expert_access
5341264100,CXL,2,READ,0x300a82000000,17301504,21,1,cxl_expert_access
5341770800,HBM,0,READ,0x100a86000000,2048,21,3,hbm_compute
5344686000,HBM,0,READ,0x100b04000000,2048,22,2,hbm_compute
5345609400,CXL,2,READ,0x300b00000000,17301504,22,0,cxl_expert_access
5350395600,CXL,2,READ,0x300b82000000,17301504,23,1,cxl_expert_access
5351026600,HBM,0,READ,0x100b84000000,2048,23,2,hbm_compute
5359720600,CXL,2,READ,0x300002000000,17301504,0,1,cxl_expert_access
5360172700,HBM,0,READ,0x100006000000,2048,0,3,hbm_compute
5363748300,CXL,2,READ,0x300086000000,17301504,1,3,cxl_expert_access
5364420500,HBM,0,READ,0x100082000000,2048,1,1,hbm_compute
5368935700,CXL,2,READ,0x300104000000,17301504,2,2,cxl_expert_access
5369466900,HBM,0,READ,0x100100000000,2048,2,0,hbm_compute
5373890200,DRAM,1,TRANSFER,0x200182000000,4096,3,1,dram_hybrid_act
5375652600,DRAM,1,TRANSFER,0x200180000000,4096,3,0,dram_hybrid_act
5379198200,DRAM,1,TRANSFER,0x200206000000,4096,4,3,dram_hybrid_act
5380348800,CXL,2,READ,0x300202000000,17301504,4,1,cxl_expert_access
5384383900,HBM,0,READ,0x100286000000,2048,5,3,hbm_compute
5386200400,CXL,2,READ,0x300282000000,17301504,5,1,cxl_expert_access
5390646800,CXL,2,READ,0x300300000000,17301504,6,0,cxl_expert_access
5392451200,DRAM,1,TRANSFER,0x200302000000,4096,6,1,dram_hybrid_act
5396306600,CXL,2,READ,0x300380000000,17301504,7,0,cxl_expert_access
5400901900,CXL,2,READ,0x300386000000,17301504,7,3,cxl_expert_access
5405938500,CXL,2,READ,0x300400000000,17301504,8,0,cxl_expert_access
5406495500,HBM,0,READ,0x100404000000,2048,8,2,hbm_compute
5409422300,HBM,0,READ,0x100482000000,2048,9,1,hbm_compute
5412015400,CXL,2,READ,0x300486000000,17301504,9,3,cxl_expert_access
5415503800,HBM,0,READ,0x100504000000,2048,10,2,hbm_compute
5417258500,DRAM,1,TRANSFER,0x200500000000,4096,10,0,dram_hybrid_act
5421926300,CXL,2,READ,0x300586000000,17301504,11,3,cxl_expert_access
5422448200,HBM,0,READ,0x100584000000,2048,11,2,hbm_compute
5427260300,CXL,2,READ,0x300606000000,17301504,12,3,cxl_expert_access
5427870800,HBM,0,READ,0x100602000000,2048,12,1,hbm_compute
5431426300,CXL,2,READ,0x300684000000,17301504,13,2,cxl_expert_access
5435748500,CXL,2,READ,0x300686000000,17301504,13,3,cxl_expert_access
5439219800,HBM,0,READ,0x100700000000,2048,14,0,hbm_compute
5439586900,HBM,0,READ,0x100702000000,2048,14,1,hbm_compute
5442274000,HBM,0,READ,0x100780000000,2048,15,0,hbm_compute
5443832000,CXL,2,READ,0x300784000000,17301504,15,2,cxl_expert_access
5446762300,HBM,0,READ,0x100802000000,2048,16,1,hbm_compute
5448486000,CXL,2,READ,0x300804000000,17301504,16,2,cxl_expert_access
5453130800,CXL,2,READ,0x300884000000,17301504,17,2,cxl_expert_access
5454953300,DRAM,1,TRANSFER,0x200880000000,4096,17,0,dram_hybrid_act
5459549000,DRAM,1,TRANSFER,0x200904000000,4096,18,2,dram_hybrid_act
5460444600,DRAM,1,TRANSFER,0x200902000000,4096,18,1,dram_hybrid_act
5464700800,DRAM,1,TRANSFER,0x200980000000,4096,19,0,dram_hybrid_act
5466565200,DRAM,1,TRANSFER,0x200986000000,4096,19,3,dram_hybrid_act
5471406200,CXL,2,READ,0x300a00000000,17301504,20,0,cxl_expert_access
5475292300,CXL,2,READ,0x300a02000000,17301504,20,1,cxl_expert_access
5478424300,HBM,0,READ,0x100a86000000,2048,21,3,hbm_compute
5479345700,CXL,2,READ,0x300a80000000,17301504,21,0,cxl_expert_access
5484100800,CXL,2,READ,0x300b00000000,17301504,22,0,cxl_expert_access
5484715100,HBM,0,READ,0x100b04000000,2048,22,2,hbm_compute
5487810400,HBM,0,READ,0x100b86000000,2048,23,3,hbm_compute
5488209900,HBM,0,READ,0x100b84000000,2048,23,2,hbm_compute
5496078200,HBM,0,READ,0x100006000000,2048,0,3,hbm_compute
5498089000,DRAM,1,TRANSFER,0x200004000000,4096,0,2,dram_hybrid_act
5502649000,CXL,2,READ,0x300084000000,17301504,1,2,cxl_expert_access
5503180500,HBM,0,READ,0x100082000000,2048,1,1,hbm_compute
5507694200,CXL,2,READ,0x300104000000,17301504,2,2,cxl_expert_access
5509464700,DRAM,1,TRANSFER,0x200102000000,4096,2,1,dram_hybrid_act
5514349100,DRAM,1,TRANSFER,0x200182000000,4096,3,1,dram_hybrid_act
5515689800,DRAM,1,TRANSFER,0x200180000000,4096,3,0,dram_hybrid_act
5520174800,DRAM,1,TRANSFER,0x200206000000,4096,4,3,dram_hybrid_act
5522364500,DRAM,1,TRANSFER,0x200204000000,4096,4,2,dram_hybrid_act
5525847400,CXL,2,READ,0x300282000000,17301504,5,1,cxl_expert_access
5527328400,DRAM,1,TRANSFER,0x200284000000,4096,5,2,dram_hybrid_act
5530808300,HBM,0,READ,0x100306000000,2048,6,3,hbm_compute
5532640200,CXL,2,READ,0x300300000000,17301504,6,0,cxl_expert_access
5537471500,CXL,2,READ,0x300380000000,17301504,7,0,cxl_expert_access
5540832900,CXL,2,READ,0x300386000000,17301504,7,3,cxl_expert_access
5546004600,CXL,2,READ,0x300400000000,17301504,8,0,cxl_expert_access
5546686900,HBM,0,READ,0x100402000000,2048,8,1,hbm_compute
5549803800,HBM,0,READ,0x100482000000,2048,9,1,hbm_compute
5551598100,DRAM,1,TRANSFER,0x200484000000,4096,9,2,dram_hybrid_act
5556300800,DRAM,1,TRANSFER,0x200502000000,4096,10,1,dram_hybrid_act
5556826300,HBM,0,READ,0x100504000000,2048,10,2,hbm_compute
5560905400,CXL,2,READ,0x300580000000,17301504,11,0,cxl_expert_access
5564288000,CXL,2,READ,0x300586000000,17301504,11,3,cxl_expert_access
5569261200,CXL,2,READ,0x300604000000,17301504,12,2,cxl_expert_access
5569795400,HBM,0,READ,0x100602000000,2048,12,1,hbm_compute
5574145100,CXL,2,READ,0x300684000000,17301504,13,2,cxl_expert_access
5577067500,CXL,2,READ,0x300686000000,17301504,13,3,cxl_expert_access
5584027600,DRAM,1,TRANSFER,0x200706000000,4096,14,3,dram_hybrid_act
5586201700,CXL,2,READ,0x300704000000,17301504,14,2,cxl_expert_access
5590265200,HBM,0,READ,0x100782000000,2048,15,1,hbm_compute
5590735300,HBM,0,READ,0x100780000000,2048,15,0,hbm_compute
5593940900,HBM,0,READ,0x100802000000,2048,16,1,hbm_compute
5595080700,CXL,2,READ,0x300806000000,17301504,16,3,cxl_expert_access
5600268300,CXL,2,READ,0x300884000000,17301504,17,2,cxl_expert_access
5601104900,HBM,0,READ,0x100882000000,2048,17,1,hbm_compute
5606726300,DRAM,1,TRANSFER,0x200902000000,4096,18,1,dram_hybrid_act
5608706500,DRAM,1,TRANSFER,0x200900000000,4096,18,0,dram_hybrid_act
5613384600,CXL,2,READ,0x300982000000,17301504,19,1,cxl_expert_access
5614732400,DRAM,1,TRANSFER,0x200980000000,4096,19,0,dram_hybrid_act
5620358000,CXL,2,READ,0x300a00000000,17301504,20,0,cxl_expert_access
5624055500,CXL,2,READ,0x300a02000000,17301504,20,1,cxl_expert_access
5628593300,HBM,0,READ,0x100a86000000,2048,21,3,hbm_compute
5629626700,CXL,2,READ,0x300a80000000,17301504,21,0,cxl_expert_access
5634144800,HBM,0,READ,0x100b04000000,2048,22,2,hbm_compute
5636078800,CXL,2,READ,0x300b02000000,17301504,22,1,cxl_expert_access
5641226000,CXL,2,READ,0x300b80000000,17301504,23,0,cxl_expert_access
5641818700,HBM,0,READ,0x100b86000000,2048,23,3,hbm_compute
6202503700,DRAM,1,TRANSFER,0x200004000000,4096,0,2,dram_hybrid_act
6204191300,DRAM,1,TRANSFER,0x200000000000,4096,0,0,dram_hybrid_act
6207752900,HBM,0,READ,0x100082000000,2048,1,1,hbm_compute
6208757500,CXL,2,READ,0x300084000000,17301504,1,2,cxl_expert_access
6211695700,HBM,0,READ,0x100100000000,2048,2,0,hbm_compute
6212620300,DRAM,1,TRANSFER,0x200106000000,4096,2,3,dram_hybrid_act
6215771400,HBM,0,READ,0x100186000000,2048,3,3,hbm_compute
6217551000,DRAM,1,TRANSFER,0x200182000000,4096,3,1,dram_hybrid_act
6222342600,CXL,2,READ,0x300202000000,17301504,4,1,cxl_expert_access
6224237800,DRAM,1,TRANSFER,0x200204000000,4096,4,2,dram_hybrid_act
6227772600,CXL,2,READ,0x300280000000,17301504,5,0,cxl_expert_access
6228259800,HBM,0,READ,0x100286000000,2048,5,3,hbm_compute
6232669800,DRAM,1,TRANSFER,0x200302000000,4096,6,1,dram_hybrid_act
6234407600,DRAM,1,TRANSFER,0x200304000000,4096,6,2,dram_hybrid_act
6238341000,HBM,0,READ,0x100382000000,2048,7,1,hbm_compute
6240332600,CXL,2,READ,0x300380000000,17301504,7,0,cxl_expert_access
6243544600,HBM,0,READ,0x100402000000,2048,8,1,hbm_compute
6246018300,CXL,2,READ,0x300406000000,17301504,8,3,cxl_expert_access
6250482000,CXL,2,READ,0x300486000000,17301504,9,3,cxl_expert_access
6251052500,HBM,0,READ,0x100482000000,2048,9,1,hbm_compute
6254586100,HBM,0,READ,0x100504000000,2048,10,2,hbm_compute
6256375500,DRAM,1,TRANSFER,0x200500000000,4096,10,0,dram_hybrid_act
6259622600,HBM,0,READ,0x100584000000,2048,11,2,hbm_compute
6261587400,CXL,2,READ,0x300586000000,17301504,11,3,cxl_expert_access
6266165900,CXL,2,READ,0x300604000000,17301504,12,2,cxl_expert_access
6266738800,HBM,0,READ,0x100602000000,2048,12,1,hbm_compute
6271267800,CXL,2,READ,0x300686000000,17301504,13,3,cxl_expert_access
6271826300,HBM,0,READ,0x100680000000,2048,13,0,hbm_compute
6274924600,HBM,0,READ,0x100700000000,2048,14,0,hbm_compute
6275282600,HBM,0,READ,0x100702000000,2048,14,1,hbm_compute
6277865700,HBM,0,READ,0x100780000000,2048,15,0,hbm_compute
6278229500,HBM,0,READ,0x100782000000,2048,15,1,hbm_compute
6280770600,HBM,0,READ,0x100800000000,2048,16,0,hbm_compute
6281125000,HBM,0,READ,0x100802000000,2048,16,1,hbm_compute
6284276600,HBM,0,READ,0x100886000000,2048,17,3,hbm_compute
6286485100,DRAM,1,TRANSFER,0x200880000000,4096,17,0,dram_hybrid_act
6291725900,DRAM,1,TRANSFER,0x200900000000,4096,18,0,dram_hybrid_act
6293182300,DRAM,1,TRANSFER,0x200904000000,4096,18,2,dram_hybrid_act
6296668600,HBM,0,READ,0x100984000000,2048,19,2,hbm_compute
6297858700,DRAM,1,TRANSFER,0x200986000000,4096,19,3,dram_hybrid_act
6302805000,CXL,2,READ,0x300a02000000,17301504,20,1,cxl_expert_access
6304629400,CXL,2,READ,0x300a00000000,17301504,20,0,cxl_expert_access
6308042000,HBM,0,READ,0x100a86000000,2048,21,3,hbm_compute
6309704800,CXL,2,READ,0x300a80000000,17301504,21,0,cxl_expert_access
6313852800,CXL,2,READ,0x300b02000000,17301504,22,1,cxl_expert_access
6314433700,HBM,0,READ,0x100b06000000,2048,22,3,hbm_compute
6317319300,HBM,0,READ,0x100b84000000,2048,23,2,hbm_compute
6317723700,HBM,0,READ,0x100b86000000,2048,23,3,hbm_compute
6325707100,CXL,2,READ,0x300002000000,17301504,0,1,cxl_expert_access
6326561700,DRAM,1,TRANSFER,0x200004000000,4096,0,2,dram_hybrid_act
6330002100,HBM,0,READ,0x100082000000,2048,1,1,hbm_compute
6331926400,CXL,2,READ,0x300084000000,17301504,1,2,cxl_expert_access
6335747000,HBM,0,READ,0x100100000000,2048,2,0,hbm_compute
6337517400,CXL,2,READ,0x300104000000,17301504,2,2,cxl_expert_access
6342311900,DRAM,1,TRANSFER,0x200182000000,4096,3,1,dram_hybrid_act
6343518000,CXL,2,READ,0x300184000000,17301504,3,2,cxl_expert_access
6348527900,DRAM,1,TRANSFER,0x200204000000,4096,4,2,dram_hybrid_act
6350356100,CXL,2,READ,0x300202000000,17301504,4,1,cxl_expert_access
6355409300,CXL,2,READ,0x300280000000,17301504,5,0,cxl_expert_access
6356010700,HBM,0,READ,0x100286000000,2048,5,3,hbm_compute
6359947000,DRAM,1,TRANSFER,0x200304000000,4096,6,2,dram_hybrid_act
6361198700,CXL,2,READ,0x300300000000,17301504,6,0,cxl_expert_access
6364373300,HBM,0,READ,0x100382000000,2048,7,1,hbm_compute
6366217200,CXL,2,READ,0x300380000000,17301504,7,0,cxl_expert_access
6370908400,CXL,2,READ,0x300406000000,17301504,8,3,cxl_expert_access
6372848100,CXL,2,READ,0x300400000000,17301504,8,0,cxl_expert_access
6376918300,CXL,2,READ,0x300486000000,17301504,9,3,cxl_expert_access
6377942900,DRAM,1,TRANSFER,0x200480000000,4096,9,0,dram_hybrid_act
6381084400,HBM,0,READ,0x100504000000,2048,10,2,hbm_compute
6382920300,CXL,2,READ,0x300506000000,17301504,10,3,cxl_expert_access
6386192400,HBM,0,READ,0x100582000000,2048,11,1,hbm_compute
6388069800,CXL,2,READ,0x300586000000,17301504,11,3,cxl_expert_access
6392900700,CXL,2,READ,0x300604000000,17301504,12,2,cxl_expert_access
6393362500,HBM,0,READ,0x100602000000,2048,12,1,hbm_compute
6397231600,CXL,2,READ,0x300686000000,17301504,13,3,cxl_expert_access
6397721400,HBM,0,READ,0x100680000000,2048,13,0,hbm_compute
6400411900,HBM,0,READ,0x100700000000,2048,14,0,hbm_compute
6400740900,HBM,0,READ,0x100702000000,2048,14,1,hbm_compute
6403180100,HBM,0,READ,0x100782000000,2048,15,1,hbm_compute
6405354100,CXL,2,READ,0x300784000000,17301504,15,2,cxl_expert_access
6408766200,HBM,0,READ,0x100800000000,2048,16,0,hbm_compute
6409262000,HBM,0,READ,0x100802000000,2048,16,1,hbm_compute
6412872900,DRAM,1,TRANSFER,0x200880000000,4096,17,0,dram_hybrid_act
6413493200,HBM,0,READ,0x100886000000,2048,17,3,hbm_compute
6417790700,DRAM,1,TRANSFER,0x200900000000,4096,18,0,dram_hybrid_act
6419843800,DRAM,1,TRANSFER,0x200904000000,4096,18,2,dram_hybrid_act
6424976300,DRAM,1,TRANSFER,0x200980000000,4096,19,0,dram_hybrid_act
6426378000,CXL,2,READ,0x300982000000,17301504,19,1,cxl_expert_access
6429910900,CXL,2,READ,0x300a02000000,17301504,20,1,cxl_expert_access
6430383200,HBM,0,READ,0x100a04000000,2048,20,2,hbm_compute
6433369800,HBM,0,READ,0x100a86000000,2048,21,3,hbm_compute
6433743500,HBM,0,READ,0x100a84000000,2048,21,2,hbm_compute
6437976600,CXL,2,READ,0x300b02000000,17301504,22,1,cxl_expert_access
6439661900,CXL,2,READ,0x300b00000000,17301504,22,0,cxl_expert_access
6442844400,HBM,0,READ,0x100b84000000,2048,23,2,hbm_compute
6443196000,HBM,0,READ,0x100b86000000,2048,23,3,hbm_compute
6451254500,HBM,0,READ,0x100006000000,2048,0,3,hbm_compute
6452989700,DRAM,1,TRANSFER,0x200004000000,4096,0,2,dram_hybrid_act
6456207400,HBM,0,READ,0x100080000000,2048,1,0,hbm_compute
6456573600,HBM,0,READ,0x100082000000,2048,1,1,hbm_compute
6460105700,DRAM,1,TRANSFER,0x200106000000,4096,2,3,dram_hybrid_act
6460541500,HBM,0,READ,0x100100000000,2048,2,0,hbm_compute
6463830200,DRAM,1,TRANSFER,0x200182000000,4096,3,1,dram_hybrid_act
6464274600,HBM,0,READ,0x100186000000,2048,3,3,hbm_compute
6468711100,DRAM,1,TRANSFER,0x200204000000,4096,4,2,dram_hybrid_act
6470542900,CXL,2,READ,0x300202000000,17301504,4,1,cxl_expert_access
6475519700,CXL,2,READ,0x300280000000,17301504,5,0,cxl_expert_access
6476079700,HBM,0,READ,0x100286000000,2048,5,3,hbm_compute
6479902500,DRAM,1,TRANSFER,0x200302000000,4096,6,1,dram_hybrid_act
6480884200,DRAM,1,TRANSFER,0x200304000000,4096,6,2,dram_hybrid_act
6485066800,HBM,0,READ,0x100382000000,2048,7,1,hbm_compute
6487010100,CXL,2,READ,0x300380000000,17301504,7,0,cxl_expert_access
6490551200,CXL,2,READ,0x300406000000,17301504,8,3,cxl_expert_access
6491153200,HBM,0,READ,0x100404000000,2048,8,2,hbm_compute
6494690500,CXL,2,READ,0x300486000000,17301504,9,3,cxl_expert_access
6495656600,DRAM,1,TRANSFER,0x200480000000,4096,9,0,dram_hybrid_act
6498820700,HBM,0,READ,0x100504000000,2048,10,2,hbm_compute
6500614400,DRAM,1,TRANSFER,0x200502000000,4096,10,1,dram_hybrid_act
6503747300,HBM,0,READ,0x100582000000,2048,11,1,hbm_compute
6504113900,HBM,0,READ,0x100584000000,2048,11,2,hbm_compute
6508217400,CXL,2,READ,0x300604000000,17301504,12,2,cxl_expert_access
6510026400,CXL,2,READ,0x300606000000,17301504,12,3,cxl_expert_access
6513903700,CXL,2,READ,0x300686000000,17301504,13,3,cxl_expert_access
6515297600,CXL,2,READ,0x300684000000,17301504,13,2,cxl_expert_access
6518708500,HBM,0,READ,0x100700000000,2048,14,0,hbm_compute
6519083400,HBM,0,READ,0x100702000000,2048,14,1,hbm_compute
6521824200,HBM,0,READ,0x100780000000,2048,15,0,hbm_compute
6522237000,HBM,0,READ,0x100782000000,2048,15,1,hbm_compute
6525175200,HBM,0,READ,0x100802000000,2048,16,1,hbm_compute
6525566700,HBM,0,READ,0x100800000000,2048,16,0,hbm_compute
6528905100,DRAM,1,TRANSFER,0x200880000000,4096,17,0,dram_hybrid_act
6529984800,CXL,2,READ,0x300884000000,17301504,17,2,cxl_expert_access
6534853000,DRAM,1,TRANSFER,0x200906000000,4096,18,3,dram_hybrid_act
6536616200,DRAM,1,TRANSFER,0x200902000000,4096,18,1,dram_hybrid_act
6541392300,DRAM,1,TRANSFER,0x200986000000,4096,19,3,dram_hybrid_act
6542812400,CXL,2,READ,0x300982000000,17301504,19,1,cxl_expert_access
6546462200,CXL,2,READ,0x300a02000000,17301504,20,1,cxl_expert_access
6547833600,DRAM,1,TRANSFER,0x200a06000000,4096,20,3,dram_hybrid_act
6551382000,HBM,0,READ,0x100a86000000,2048,21,3,hbm_compute
6553259700,CXL,2,READ,0x300a80000000,17301504,21,0,cxl_expert_access
6556340300,HBM,0,READ,0x100b04000000,2048,22,2,hbm_compute
6558071300,CXL,2,READ,0x300b00000000,17301504,22,0,cxl_expert_access
6562083200,CXL,2,READ,0x300b80000000,17301504,23,0,cxl_expert_access
6562613100,HBM,0,READ,0x100b84000000,2048,23,2,hbm_compute
6571883300,CXL,2,READ,0x300002000000,17301504,0,1,cxl_expert_access
6572419600,HBM,0,READ,0x100006000000,2048,0,3,hbm_compute
6575572900,HBM,0,READ,0x100082000000,2048,1,1,hbm_compute
6576641100,CXL,2,READ,0x300084000000,17301504,1,2,cxl_expert_access
6579482700,HBM,0,READ,0x100100000000,2048,2,0,hbm_compute
6580368100,DRAM,1,TRANSFER,0x200102000000,4096,2,1,dram_hybrid_act
6584987200,CXL,2,READ,0x300184000000,17301504,3,2,cxl_expert_access
6586721400,DRAM,1,TRANSFER,0x200180000000,4096,3,0,dram_hybrid_act
6591565300,DRAM,1,TRANSFER,0x200206000000,4096,4,3,dram_hybrid_act
6592774800,DRAM,1,TRANSFER,0x200204000000,4096,4,2,dram_hybrid_act
6596236900,HBM,0,READ,0x100286000000,2048,5,3,hbm_compute
6598165700,CXL,2,READ,0x300280000000,17301504,5,0,cxl_expert_access
6602987800,CXL,2,READ,0x300300000000,17301504,6,0,cxl_expert_access
6604147200,DRAM,1,TRANSFER,0x200304000000,4096,6,2,dram_hybrid_act
6608651400,CXL,2,READ,0x300380000000,17301504,7,0,cxl_expert_access
6609971900,CXL,2,READ,0x300386000000,17301504,7,3,cxl_expert_access
6613120900,HBM,0,READ,0x100404000000,2048,8,2,hbm_compute
6614903400,CXL,2,READ,0x300406000000,17301504,8,3,cxl_expert_access
6619468800,DRAM,1,TRANSFER,0x200484000000,4096,9,2,dram_hybrid_act
6620772800,CXL,2,READ,0x300486000000,17301504,9,3,cxl_expert_access
6625022800,CXL,2,READ,0x300506000000,17301504,10,3,cxl_expert_access
6626644000,DRAM,1,TRANSFER,0x200502000000,4096,10,1,dram_hybrid_act
6629619400,HBM,0,READ,0x100582000000,2048,11,1,hbm_compute
6631388200,CXL,2,READ,0x300580000000,17301504,11,0,cxl_expert_access
6634404700,HBM,0,READ,0x100602000000,2048,12,1,hbm_compute
6636185900,CXL,2,READ,0x300604000000,17301504,12,2,cxl_expert_access
6640764400,CXL,2,READ,0x300684000000,17301504,13,2,cxl_expert_access
6641220100,HBM,0,READ,0x100680000000,2048,13,0,hbm_compute
6644762600,DRAM,1,TRANSFER,0x200706000000,4096,14,3,dram_hybrid_act
6645364900,HBM,0,READ,0x100702000000,2048,14,1,hbm_compute
6648339000,HBM,0,READ,0x100782000000,2048,15,1,hbm_compute
6650020000,CXL,2,READ,0x300784000000,17301504,15,2,cxl_expert_access
6653316700,HBM,0,READ,0x100802000000,2048,16,1,hbm_compute
6653674300,HBM,0,READ,0x100800000000,2048,16,0,hbm_compute
6656279900,HBM,0,READ,0x100886000000,2048,17,3,hbm_compute
6658164800,CXL,2,READ,0x300884000000,17301504,17,2,cxl_expert_access
6661492200,DRAM,1,TRANSFER,0x200906000000,4096,18,3,dram_hybrid_act
6662530600,DRAM,1,TRANSFER,0x200900000000,4096,18,0,dram_hybrid_act
6667059500,CXL,2,READ,0x300982000000,17301504,19,1,cxl_expert_access
6669136400,DRAM,1,TRANSFER,0x200980000000,4096,19,0,dram_hybrid_act
6672848800,HBM,0,READ,0x100a04000000,2048,20,2,hbm_compute
6674622900,CXL,2,READ,0x300a00000000,17301504,20,0,cxl_expert_access
6678604700,CXL,2,READ,0x300a80000000,17301504,21,0,cxl_expert_access
6679090200,HBM,0,READ,0x100a84000000,2048,21,2,hbm_compute
6683566200,CXL,2,READ,0x300b02000000,17301504,22,1,cxl_expert_access
6685570200,CXL,2,READ,0x300b00000000,17301504,22,0,cxl_expert_access
6689468300,HBM,0,READ,0x100b86000000,2048,23,3,hbm_compute
6689840600,HBM,0,READ,0x100b84000000,2048,23,2,hbm_compute
6697189200,HBM,0,READ,0x100006000000,2048,0,3,hbm_compute
6698883500,DRAM,1,TRANSFER,0x200000000000,4096,0,0,dram_hybrid_act
6704077800,CXL,2,READ,0x300084000000,17301504,1,2,cxl_expert_access
6704666400,HBM,0,READ,0x100082000000,2048,1,1,hbm_compute
6707679300,HBM,0,READ,0x100100000000,2048,2,0,hbm_compute
6709302700,DRAM,1,TRANSFER,0x200102000000,4096,2,1,dram_hybrid_act
6712700000,DRAM,1,TRANSFER,0x200182000000,4096,3,1,dram_hybrid_act
6713678500,DRAM,1,TRANSFER,0x200180000000,4096,3,0,dram_hybrid_act
6718763100,DRAM,1,TRANSFER,0x200204000000,4096,4,2,dram_hybrid_act
6719293500,HBM,0,READ,0x100200000000,2048,4,0,hbm_compute
6723622900,DRAM,1,TRANSFER,0x200284000000,4096,5,2,dram_hybrid_act
6725545600,CXL,2,READ,0x300282000000,17301504,5,1,cxl_expert_access
6729374200,DRAM,1,TRANSFER,0x200302000000,4096,6,1,dram_hybrid_act
6729797100,HBM,0,READ,0x100306000000,2048,6,3,hbm_compute
6734778600,CXL,2,READ,0x300380000000,17301504,7,0,cxl_expert_access
6736586900,CXL,2,READ,0x300386000000,17301504,7,3,cxl_expert_access
6740028500,HBM,0,READ,0x100404000000,2048,8,2,hbm_compute
6741800400,CXL,2,READ,0x300406000000,17301504,8,3,cxl_expert_access
6745505000,CXL,2,READ,0x300486000000,17301504,9,3,cxl_expert_access
6746122900,HBM,0,READ,0x100482000000,2048,9,1,hbm_compute
6750617500,DRAM,1,TRANSFER,0x200502000000,4096,10,1,dram_hybrid_act
6751222900,HBM,0,READ,0x100504000000,2048,10,2,hbm_compute
6756147700,CXL,2,READ,0x300580000000,17301504,11,0,cxl_expert_access
6757956000,CXL,2,READ,0x300586000000,17301504,11,3,cxl_expert_access
6762696500,CXL,2,READ,0x300606000000,17301504,12,3,cxl_expert_access
6763292500,HBM,0,READ,0x100600000000,2048,12,0,hbm_compute
6767346700,CXL,2,READ,0x300684000000,17301504,13,2,cxl_expert_access
6767777800,HBM,0,READ,0x100680000000,2048,13,0,hbm_compute
6771488300,HBM,0,READ,0x100702000000,2048,14,1,hbm_compute
6771853600,HBM,0,READ,0x100700000000,2048,14,0,hbm_compute
6775598300,CXL,2,READ,0x300784000000,17301504,15,2,cxl_expert_access
6776029700,HBM,0,READ,0x100780000000,2048,15,0,hbm_compute
6779743100,CXL,2,READ,0x300806000000,17301504,16,3,cxl_expert_access
6780353700,HBM,0,READ,0x100802000000,2048,16,1,hbm_compute
6784969200,CXL,2,READ,0x300884000000,17301504,17,2,cxl_expert_access
6785524700,HBM,0,READ,0x100882000000,2048,17,1,hbm_compute
6789664600,DRAM,1,TRANSFER,0x200902000000,4096,18,1,dram_hybrid_act
6791437200,DRAM,1,TRANSFER,0x200906000000,4096,18,3,dram_hybrid_act
6796993000,DRAM,1,TRANSFER,0x200986000000,4096,19,3,dram_hybrid_act
6799088600,CXL,2,READ,0x300982000000,17301504,19,1,cxl_expert_access
6802242600,HBM,0,READ,0x100a04000000,2048,20,2,hbm_compute
6804056100,CXL,2,READ,0x300a00000000,17301504,20,0,cxl_expert_access
6807088200,HBM,0,READ,0x100a86000000,2048,21,3,hbm_compute
6807455100,HBM,0,READ,0x100a84000000,2048,21,2,hbm_compute
6810705900,HBM,0,READ,0x100b04000000,2048,22,2,hbm_compute
6811982600,CXL,2,READ,0x300b00000000,17301504,22,0,cxl_expert_access
6814972500,HBM,0,READ,0x100b86000000,2048,23,3,hbm_compute
6815336400,HBM,0,READ,0x100b84000000,2048,23,2,hbm_compute
6822780800,HBM,0,READ,0x100006000000,2048,0,3,hbm_compute
6824839700,CXL,2,READ,0x300002000000,17301504,0,1,cxl_expert_access
6828015400,HBM,0,READ,0x100082000000,2048,1,1,hbm_compute
6828410900,HBM,0,READ,0x100080000000,2048,1,0,hbm_compute
6832392000,DRAM,1,TRANSFER,0x200106000000,4096,2,3,dram_hybrid_act
6834188400,CXL,2,READ,0x300104000000,17301504,2,2,cxl_expert_access
6839037200,DRAM,1,TRANSFER,0x200180000000,4096,3,0,dram_hybrid_act
6839890900,HBM,0,READ,0x100186000000,2048,3,3,hbm_compute
6843632600,DRAM,1,TRANSFER,0x200204000000,4096,4,2,dram_hybrid_act
6844076500,HBM,0,READ,0x100200000000,2048,4,0,hbm_compute
6847728500,DRAM,1,TRANSFER,0x200284000000,4096,5,2,dram_hybrid_act
6849568400,CXL,2,READ,0x300280000000,17301504,5,0,cxl_expert_access
6853237300,HBM,0,READ,0x100306000000,2048,6,3,hbm_compute
6855030800,CXL,2,READ,0x300300000000,17301504,6,0,cxl_expert_access
6858583900,HBM,0,READ,0x100384000000,2048,7,2,hbm_compute
6858926000,HBM,0,READ,0x100382000000,2048,7,1,hbm_compute
6862379600,CXL,2,READ,0x300400000000,17301504,8,0,cxl_expert_access
6862954100,HBM,0,READ,0x100404000000,2048,8,2,hbm_compute
6867507500,CXL,2,READ,0x300486000000,17301504,9,3,cxl_expert_access
6868063600,HBM,0,READ,0x100482000000,2048,9,1,hbm_compute
6872846500,DRAM,1,TRANSFER,0x200502000000,4096,10,1,dram_hybrid_act
6874765500,CXL,2,READ,0x300506000000,17301504,10,3,cxl_expert_access
6879916100,HBM,0,READ,0x100584000000,2048,11,2,hbm_compute
6881775400,CXL,2,READ,0x300580000000,17301504,11,0,cxl_expert_access
6885023200,HBM,0,READ,0x100600000000,2048,12,0,hbm_compute
6886970900,CXL,2,READ,0x300604000000,17301504,12,2,cxl_expert_access
6891655300,CXL,2,READ,0x300684000000,17301504,13,2,cxl_expert_access
6892225000,HBM,0,READ,0x100680000000,2048,13,0,hbm_compute
6895535000,HBM,0,READ,0x100700000000,2048,14,0,hbm_compute
6895894500,HBM,0,READ,0x100702000000,2048,14,1,hbm_compute
6899554500,CXL,2,READ,0x300784000000,17301504,15,2,cxl_expert_access
6900072000,HBM,0,READ,0x100782000000,2048,15,1,hbm_compute
6904346000,CXL,2,READ,0x300806000000,17301504,16,3,cxl_expert_access
6904984300,HBM,0,READ,0x100802000000,2048,16,1,hbm_compute
6908049100,HBM,0,READ,0x100886000000,2048,17,3,hbm_compute
6908424000,HBM,0,READ,0x100882000000,2048,17,1,hbm_compute
6911709700,DRAM,1,TRANSFER,0x200906000000,4096,18,3,dram_hybrid_act
6912720600,DRAM,1,TRANSFER,0x200902000000,4096,18,1,dram_hybrid_act
6917661000,DRAM,1,TRANSFER,0x200986000000,4096,19,3,dram_hybrid_act
6919717000,DRAM,1,TRANSFER,0x200980000000,4096,19,0,dram_hybrid_act
6924796500,CXL,2,READ,0x300a00000000,17301504,20,0,cxl_expert_access
6925353400,HBM,0,READ,0x100a04000000,2048,20,2,hbm_compute
6928513800,HBM,0,READ,0x100a86000000,2048,21,3,hbm_compute
6928902400,HBM,0,READ,0x100a84000000,2048,21,2,hbm_compute
6931625500,HBM,0,READ,0x100b04000000,2048,22,2,hbm_compute
6933370100,CXL,2,READ,0x300b02000000,17301504,22,1,cxl_expert_access
6938182800,CXL,2,READ,0x300b82000000,17301504,23,1,cxl_expert_access
6938702900,HBM,0,READ,0x100b86000000,2048,23,3,hbm_compute
6947572500,CXL,2,READ,0x300002000000,17301504,0,1,cxl_expert_access
6949373400,DRAM,1,TRANSFER,0x200004000000,4096,0,2,dram_hybrid_act
6953352800,HBM,0,READ,0x100082000000,2048,1,1,hbm_compute
6953715900,HBM,0,READ,0x100080000000,2048,1,0,hbm_compute
6957889800,DRAM,1,TRANSFER,0x200102000000,4096,2,1,dram_hybrid_act
6959281700,DRAM,1,TRANSFER,0x200106000000,4096,2,3,dram_hybrid_act
6962827700,DRAM,1,TRANSFER,0x200180000000,4096,3,0,dram_hybrid_act
6964106300,DRAM,1,TRANSFER,0x200182000000,4096,3,1,dram_hybrid_act
6969177000,DRAM,1,TRANSFER,0x200206000000,4096,4,3,dram_hybrid_act
6969654500,HBM,0,READ,0x100200000000,2048,4,0,hbm_compute
6973645400,DRAM,1,TRANSFER,0x200284000000,4096,5,2,dram_hybrid_act
6975606600,CXL,2,READ,0x300280000000,17301504,5,0,cxl_expert_access
6978770400,HBM,0,READ,0x100306000000,2048,6,3,hbm_compute
6979690700,CXL,2,READ,0x300300000000,17301504,6,0,cxl_expert_access
6984331100,CXL,2,READ,0x300386000000,17301504,7,3,cxl_expert_access
6984891000,HBM,0,READ,0x100384000000,2048,7,2,hbm_compute
6988890000,CXL,2,READ,0x300400000000,17301504,8,0,cxl_expert_access
6990566000,CXL,2,READ,0x300406000000,17301504,8,3,cxl_expert_access
6993370200,HBM,0,READ,0x100482000000,2048,9,1,hbm_compute
6994467500,CXL,2,READ,0x300486000000,17301504,9,3,cxl_expert_access
6998974000,DRAM,1,TRANSFER,0x200502000000,4096,10,1,dram_hybrid_act
6999545400,HBM,0,READ,0x100504000000,2048,10,2,hbm_compute
7002755900,HBM,0,READ,0x100584000000,2048,11,2,hbm_compute
7004527000,CXL,2,READ,0x300580000000,17301504,11,0,cxl_expert_access
7007668500,HBM,0,READ,0x100600000000,2048,12,0,hbm_compute
7008057000,HBM,0,READ,0x100602000000,2048,12,1,hbm_compute
7010646100,HBM,0,READ,0x100680000000,2048,13,0,hbm_compute
7011647800,CXL,2,READ,0x300684000000,17301504,13,2,cxl_expert_access
7015244300,HBM,0,READ,0x100702000000,2048,14,1,hbm_compute
7016990900,CXL,2,READ,0x300704000000,17301504,14,2,cxl_expert_access
7020091600,HBM,0,READ,0x100780000000,2048,15,0,hbm_compute
7021753900,CXL,2,READ,0x300784000000,17301504,15,2,cxl_expert_access
7026035100,CXL,2,READ,0x300806000000,17301504,16,3,cxl_expert_access
7026491800,HBM,0,READ,0x100802000000,2048,16,1,hbm_compute
7030253300,DRAM,1,TRANSFER,0x200880000000,4096,17,0,dram_hybrid_act
7030771000,HBM,0,READ,0x100886000000,2048,17,3,hbm_compute
7035485100,DRAM,1,TRANSFER,0x200902000000,4096,18,1,dram_hybrid_act
7037334900,DRAM,1,TRANSFER,0x200906000000,4096,18,3,dram_hybrid_act
7042135500,DRAM,1,TRANSFER,0x200986000000,4096,19,3,dram_hybrid_act
7043408700,DRAM,1,TRANSFER,0x200980000000,4096,19,0,dram_hybrid_act
7046859800,HBM,0,READ,0x100a04000000,2048,20,2,hbm_compute
7048183400,CXL,2,READ,0x300a02000000,17301504,20,1,cxl_expert_access
7051431900,HBM,0,READ,0x100a84000000,2048,21,2,hbm_compute
7051813600,HBM,0,READ,0x100a86000000,2048,21,3,hbm_compute
7054467700,HBM,0,READ,0x100b04000000,2048,22,2,hbm_compute
7056281200,CXL,2,READ,0x300b00000000,17301504,22,0,cxl_expert_access
7060433300,CXL,2,READ,0x300b80000000,17301504,23,0,cxl_expert_access
7061135000,HBM,0,READ,0x100b86000000,2048,23,3,hbm_compute
7069330800,HBM,0,READ,0x100006000000,2048,0,3,hbm_compute
7071177900,CXL,2,READ,0x300002000000,17301504,0,1,cxl_expert_access
7074499600,HBM,0,READ,0x100082000000,2048,1,1,hbm_compute
7076466300,CXL,2,READ,0x300084000000,17301504,1,2,cxl_expert_access
7082005000,DRAM,1,TRANSFER,0x200102000000,4096,2,1,dram_hybrid_act
7083048100,CXL,2,READ,0x300104000000,17301504,2,2,cxl_expert_access
7087638800,DRAM,1,TRANSFER,0x200180000000,4096,3,0,dram_hybrid_act
7089312400,DRAM,1,TRANSFER,0x200182000000,4096,3,1,dram_hybrid_act
7092948500,DRAM,1,TRANSFER,0x200206000000,4096,4,3,dram_hybrid_act
7094011100,CXL,2,READ,0x300202000000,17301504,4,1,cxl_expert_access
7098778100,CXL,2,READ,0x300280000000,17301504,5,0,cxl_expert_access
7100562500,CXL,2,READ,0x300282000000,17301504,5,1,cxl_expert_access
7104024700,HBM,0,READ,0x100306000000,2048,6,3,hbm_compute
7105804400,CXL,2,READ,0x300300000000,17301504,6,0,cxl_expert_access
7110106300,HBM,0,READ,0x100384000000,2048,7,2,hbm_compute
7111055300,CXL,2,READ,0x300386000000,17301504,7,3,cxl_expert_access
7115985500,CXL,2,READ,0x300400000000,17301504,8,0,cxl_expert_access
7116564600,HBM,0,READ,0x100404000000,2048,8,2,hbm_compute
7119572000,HBM,0,READ,0x100482000000,2048,9,1,hbm_compute
7121337600,DRAM,1,TRANSFER,0x200480000000,4096,9,0,dram_hybrid_act
7126185400,DRAM,1,TRANSFER,0x200502000000,4096,10,1,dram_hybrid_act
7126654000,HBM,0,READ,0x100504000000,2048,10,2,hbm_compute
7129560100,HBM,0,READ,0x100584000000,2048,11,2,hbm_compute
7130787400,CXL,2,READ,0x300580000000,17301504,11,0,cxl_expert_access
7135399500,CXL,2,READ,0x300604000000,17301504,12,2,cxl_expert_access
7135904700,HBM,0,READ,0x100600000000,2048,12,0,hbm_compute
7139552800,HBM,0,READ,0x100680000000,2048,13,0,hbm_compute
7141500800,CXL,2,READ,0x300684000000,17301504,13,2,cxl_expert_access
7144656000,HBM,0,READ,0x100700000000,2048,14,0,hbm_compute
7145059700,HBM,0,READ,0x100702000000,2048,14,1,hbm_compute
7148106200,HBM,0,READ,0x100780000000,2048,15,0,hbm_compute
7149950900,CXL,2,READ,0x300784000000,17301504,15,2,cxl_expert_access
7155047100,CXL,2,READ,0x300806000000,17301504,16,3,cxl_expert_access
7155698200,HBM,0,READ,0x100802000000,2048,16,1,hbm_compute
7160511500,DRAM,1,TRANSFER,0x200880000000,4096,17,0,dram_hybrid_act
7163105700,CXL,2,READ,0x300884000000,17301504,17,2,cxl_expert_access
7167325100,DRAM,1,TRANSFER,0x200906000000,4096,18,3,dram_hybrid_act
7169037000,DRAM,1,TRANSFER,0x200900000000,4096,18,0,dram_hybrid_act
7173402400,DRAM,1,TRANSFER,0x200986000000,4096,19,3,dram_hybrid_act
7175022300,CXL,2,READ,0x300982000000,17301504,19,1,cxl_expert_access
7178129700,HBM,0,READ,0x100a04000000,2048,20,2,hbm_compute
7179120400,DRAM,1,TRANSFER,0x200a06000000,4096,20,3,dram_hybrid_act
7183069600,HBM,0,READ,0x100a84000000,2048,21,2,hbm_compute
7183653500,HBM,0,READ,0x100a86000000,2048,21,3,hbm_compute
7186695300,HBM,0,READ,0x100b04000000,2048,22,2,hbm_compute
7187069600,HBM,0,READ,0x100b06000000,2048,22,3,hbm_compute
7191001700,CXL,2,READ,0x300b82000000,17301504,23,1,cxl_expert_access
7191723200,HBM,0,READ,0x100b86000000,2048,23,3,hbm_compute
7205543000,CXL,2,READ,0x300002000000,17301504,0,1,cxl_expert_access
7206202400,HBM,0,READ,0x100006000000,2048,0,3,hbm_compute
7211197100,CXL,2,READ,0x300086000000,17301504,1,3,cxl_expert_access
7211838100,HBM,0,READ,0x100080000000,2048,1,0,hbm_compute
7215347200,HBM,0,READ,0x100100000000,2048,2,0,hbm_compute
7222964800,DRAM,1,TRANSFER,0x200106000000,4096,2,3,dram_hybrid_act
7233171400,DRAM,1,TRANSFER,0x200182000000,4096,3,1,dram_hybrid_act
7234654100,DRAM,1,TRANSFER,0x200180000000,4096,3,0,dram_hybrid_act
7239094300,DRAM,1,TRANSFER,0x200206000000,4096,4,3,dram_hybrid_act
7239687500,HBM,0,READ,0x100200000000,2048,4,0,hbm_compute
7243180000,HBM,0,READ,0x100286000000,2048,5,3,hbm_compute
7247413900,CXL,2,READ,0x300280000000,17301504,5,0,cxl_expert_access
7253191500,DRAM,1,TRANSFER,0x200304000000,4096,6,2,dram_hybrid_act
7254637100,DRAM,1,TRANSFER,0x200302000000,4096,6,1,dram_hybrid_act
7259074300,CXL,2,READ,0x300380000000,17301504,7,0,cxl_expert_access
7259665700,HBM,0,READ,0x100384000000,2048,7,2,hbm_compute
7264316600,CXL,2,READ,0x300400000000,17301504,8,0,cxl_expert_access
7264798900,HBM,0,READ,0x100404000000,2048,8,2,hbm_compute
7267860400,HBM,0,READ,0x100482000000,2048,9,1,hbm_compute
7269696400,CXL,2,READ,0x300486000000,17301504,9,3,cxl_expert_access
7275914900,DRAM,1,TRANSFER,0x200502000000,4096,10,1,dram_hybrid_act
7277251600,DRAM,1,TRANSFER,0x200500000000,4096,10,0,dram_hybrid_act
7282413600,CXL,2,READ,0x300580000000,17301504,11,0,cxl_expert_access
7282995400,HBM,0,READ,0x100584000000,2048,11,2,hbm_compute
7287259800,CXL,2,READ,0x300606000000,17301504,12,3,cxl_expert_access
7288201800,CXL,2,READ,0x300604000000,17301504,12,2,cxl_expert_access
7291295700,CXL,2,READ,0x300684000000,17301504,13,2,cxl_expert_access
7292409900,CXL,2,READ,0x300686000000,17301504,13,3,cxl_expert_access
7297701800,CXL,2,READ,0x300704000000,17301504,14,2,cxl_expert_access
7298299200,HBM,0,READ,0x100700000000,2048,14,0,hbm_compute
7302269500,CXL,2,READ,0x300784000000,17301504,15,2,cxl_expert_access
7302900300,HBM,0,READ,0x100780000000,2048,15,0,hbm_compute
7305646800,HBM,0,READ,0x100802000000,2048,16,1,hbm_compute
7306651200,CXL,2,READ,0x300806000000,17301504,16,3,cxl_expert_access
7311094900,CXL,2,READ,0x300884000000,17301504,17,2,cxl_expert_access
7312522900,DRAM,1,TRANSFER,0x200880000000,4096,17,0,dram_hybrid_act
7318340200,DRAM,1,TRANSFER,0x200906000000,4096,18,3,dram_hybrid_act
7319411800,DRAM,1,TRANSFER,0x200900000000,4096,18,0,dram_hybrid_act
7323020900,DRAM,1,TRANSFER,0x200986000000,4096,19,3,dram_hybrid_act
7323511100,HBM,0,READ,0x100984000000,2048,19,2,hbm_compute
7326740500,HBM,0,READ,0x100a04000000,2048,20,2,hbm_compute
7327665700,CXL,2,READ,0x300a00000000,17301504,20,0,cxl_expert_access
7330652700,HBM,0,READ,0x100a86000000,2048,21,3,hbm_compute
7332350800,CXL,2,READ,0x300a82000000,17301504,21,1,cxl_expert_access
7335590400,HBM,0,READ,0x100b04000000,2048,22,2,hbm_compute
7335925200,HBM,0,READ,0x100b06000000,2048,22,3,hbm_compute
7338211700,HBM,0,READ,0x100b86000000,2048,23,3,hbm_compute
7338500400,HBM,0,READ,0x100b84000000,2048,23,2,hbm_compute
7346790200,CXL,2,READ,0x300002000000,17301504,0,1,cxl_expert_access
7348593500,DRAM,1,TRANSFER,0x200004000000,4096,0,2,dram_hybrid_act
7351663800,HBM,0,READ,0x100082000000,2048,1,1,hbm_compute
7352053700,HBM,0,READ,0x100080000000,2048,1,0,hbm_compute
7354457800,HBM,0,READ,0x100100000000,2048,2,0,hbm_compute
7356120000,CXL,2,READ,0x300104000000,17301504,2,2,cxl_expert_access
7360590500,DRAM,1,TRANSFER,0x200182000000,4096,3,1,dram_hybrid_act
7362851400,CXL,2,READ,0x300184000000,17301504,3,2,cxl_expert_access
7366551200,DRAM,1,TRANSFER,0x200204000000,4096,4,2,dram_hybrid_act
7368321600,DRAM,1,TRANSFER,0x200206000000,4096,4,3,dram_hybrid_act
7371471700,HBM,0,READ,0x100286000000,2048,5,3,hbm_compute
7373610200,CXL,2,READ,0x300280000000,17301504,5,0,cxl_expert_access
7377181400,DRAM,1,TRANSFER,0x200304000000,4096,6,2,dram_hybrid_act
7377610900,HBM,0,READ,0x100306000000,2048,6,3,hbm_compute
7381877800,CXL,2,READ,0x300380000000,17301504,7,0,cxl_expert_access
7382392700,HBM,0,READ,0x100382000000,2048,7,1,hbm_compute
7386210800,CXL,2,READ,0x300400000000,17301504,8,0,cxl_expert_access
7386794700,HBM,0,READ,0x100404000000,2048,8,2,hbm_compute
7389716100,HBM,0,READ,0x100482000000,2048,9,1,hbm_compute
7391605000,DRAM,1,TRANSFER,0x200480000000,4096,9,0,dram_hybrid_act
7396375800,DRAM,1,TRANSFER,0x200502000000,4096,10,1,dram_hybrid_act
7396872400,HBM,0,READ,0x100504000000,2048,10,2,hbm_compute
7400754800,CXL,2,READ,0x300580000000,17301504,11,0,cxl_expert_access
7401207800,HBM,0,READ,0x100584000000,2048,11,2,hbm_compute
7406091100,CXL,2,READ,0x300606000000,17301504,12,3,cxl_expert_access
7406675700,HBM,0,READ,0x100600000000,2048,12,0,hbm_compute
7410233500,CXL,2,READ,0x300684000000,17301504,13,2,cxl_expert_access
7411508000,CXL,2,READ,0x300686000000,17301504,13,3,cxl_expert_access
7415104400,HBM,0,READ,0x100700000000,2048,14,0,hbm_compute
7416864300,CXL,2,READ,0x300704000000,17301504,14,2,cxl_expert_access
7420153200,HBM,0,READ,0x100780000000,2048,15,0,hbm_compute
7421960700,CXL,2,READ,0x300784000000,17301504,15,2,cxl_expert_access
7425114800,HBM,0,READ,0x100802000000,2048,16,1,hbm_compute
7427009800,CXL,2,READ,0x300806000000,17301504,16,3,cxl_expert_access
7430028200,HBM,0,READ,0x100882000000,2048,17,1,hbm_compute
7431776700,CXL,2,READ,0x300884000000,17301504,17,2,cxl_expert_access
7436444600,DRAM,1,TRANSFER,0x200906000000,4096,18,3,dram_hybrid_act
7438281600,DRAM,1,TRANSFER,0x200900000000,4096,18,0,dram_hybrid_act
7442521700,DRAM,1,TRANSFER,0x200986000000,4096,19,3,dram_hybrid_act
7442979200,HBM,0,READ,0x100984000000,2048,19,2,hbm_compute
7446924700,CXL,2,READ,0x300a00000000,17301504,20,0,cxl_expert_access
7447435200,HBM,0,READ,0x100a04000000,2048,20,2,hbm_compute
7450607300,HBM,0,READ,0x100a86000000,2048,21,3,hbm_compute
7452390400,CXL,2,READ,0x300a80000000,17301504,21,0,cxl_expert_access
7455869100,HBM,0,READ,0x100b04000000,2048,22,2,hbm_compute
7457525900,CXL,2,READ,0x300b00000000,17301504,22,0,cxl_expert_access
7461023900,CXL,2,READ,0x300b80000000,17301504,23,0,cxl_expert_access
7461723200,HBM,0,READ,0x100b86000000,2048,23,3,hbm_compute
7469079400,HBM,0,READ,0x100006000000,2048,0,3,hbm_compute
7470766000,DRAM,1,TRANSFER,0x200004000000,4096,0,2,dram_hybrid_act
7473682100,HBM,0,READ,0x100082000000,2048,1,1,hbm_compute
7475494800,CXL,2,READ,0x300084000000,17301504,1,2,cxl_expert_access
7478900800,CXL,2,READ,0x300104000000,17301504,2,2,cxl_expert_access
7479860600,DRAM,1,TRANSFER,0x200102000000,4096,2,1,dram_hybrid_act
7484677300,DRAM,1,TRANSFER,0x200182000000,4096,3,1,dram_hybrid_act
7486514100,DRAM,1,TRANSFER,0x200180000000,4096,3,0,dram_hybrid_act
7490622400,DRAM,1,TRANSFER,0x200206000000,4096,4,3,dram_hybrid_act
7492056700,CXL,2,READ,0x300202000000,17301504,4,1,cxl_expert_access
7496053900,DRAM,1,TRANSFER,0x200284000000,4096,5,2,dram_hybrid_act
7497031600,CXL,2,READ,0x300280000000,17301504,5,0,cxl_expert_access
7499906100,HBM,0,READ,0x100306000000,2048,6,3,hbm_compute
7501646300,CXL,2,READ,0x300300000000,17301504,6,0,cxl_expert_access
7505958600,CXL,2,READ,0x300380000000,17301504,7,0,cxl_expert_access
7506425200,HBM,0,READ,0x100384000000,2048,7,2,hbm_compute
7508863000,HBM,0,READ,0x100404000000,2048,8,2,hbm_compute
7509971600,CXL,2,READ,0x300400000000,17301504,8,0,cxl_expert_access
7513330700,HBM,0,READ,0x100482000000,2048,9,1,hbm_compute
7515157000,DRAM,1,TRANSFER,0x200480000000,4096,9,0,dram_hybrid_act
7520604300,CXL,2,READ,0x300506000000,17301504,10,3,cxl_expert_access
7521194300,HBM,0,READ,0x100504000000,2048,10,2,hbm_compute
7526345000,CXL,2,READ,0x300580000000,17301504,11,0,cxl_expert_access
7527089400,HBM,0,READ,0x100584000000,2048,11,2,hbm_compute
7532027000,CXL,2,READ,0x300606000000,17301504,12,3,cxl_expert_access
7532529600,HBM,0,READ,0x100600000000,2048,12,0,hbm_compute
7537001600,CXL,2,READ,0x300684000000,17301504,13,2,cxl_expert_access
7537516300,HBM,0,READ,0x100682000000,2048,13,1,hbm_compute
7540373800,HBM,0,READ,0x100700000000,2048,14,0,hbm_compute
7540726000,HBM,0,READ,0x100702000000,2048,14,1,hbm_compute
7543733900,HBM,0,READ,0x100780000000,2048,15,0,hbm_compute
7545185100,CXL,2,READ,0x300784000000,17301504,15,2,cxl_expert_access
7549565600,CXL,2,READ,0x300806000000,17301504,16,3,cxl_expert_access
7550147800,HBM,0,READ,0x100802000000,2048,16,1,hbm_compute
7553104700,HBM,0,READ,0x100882000000,2048,17,1,hbm_compute
7554984300,CXL,2,READ,0x300884000000,17301504,17,2,cxl_expert_access
7560156500,DRAM,1,TRANSFER,0x200906000000,4096,18,3,dram_hybrid_act
7561216000,DRAM,1,TRANSFER,0x200900000000,4096,18,0,dram_hybrid_act
7565745200,DRAM,1,TRANSFER,0x200986000000,4096,19,3,dram_hybrid_act
7566322200,HBM,0,READ,0x100984000000,2048,19,2,hbm_compute
7570694300,DRAM,1,TRANSFER,0x200a06000000,4096,20,3,dram_hybrid_act
7571207000,HBM,0,READ,0x100a04000000,2048,20,2,hbm_compute
7575823600,CXL,2,READ,0x300a80000000,17301504,21,0,cxl_expert_access
7576350000,HBM,0,READ,0x100a86000000,2048,21,3,hbm_compute
7579985500,CXL,2,READ,0x300b02000000,17301504,22,1,cxl_expert_access
7580477300,HBM,0,READ,0x100b06000000,2048,22,3,hbm_compute
7584801500,CXL,2,READ,0x300b80000000,17301504,23,0,cxl_expert_access
7585321000,HBM,0,READ,0x100b86000000,2048,23,3,hbm_compute
7593787200,CXL,2,READ,0x300002000000,17301504,0,1,cxl_expert_access
7594802800,DRAM,1,TRANSFER,0x200004000000,4096,0,2,dram_hybrid_act
7598368000,HBM,0,READ,0x100082000000,2048,1,1,hbm_compute
7600211000,CXL,2,READ,0x300084000000,17301504,1,2,cxl_expert_access
7605543300,DRAM,1,TRANSFER,0x200106000000,4096,2,3,dram_hybrid_act
7607393900,DRAM,1,TRANSFER,0x200102000000,4096,2,1,dram_hybrid_act
7611775600,DRAM,1,TRANSFER,0x200182000000,4096,3,1,dram_hybrid_act
7612292000,HBM,0,READ,0x100186000000,2048,3,3,hbm_compute
7616591200,DRAM,1,TRANSFER,0x200206000000,4096,4,3,dram_hybrid_act
7617109200,HBM,0,READ,0x100200000000,2048,4,0,hbm_compute
7620416900,HBM,0,READ,0x100286000000,2048,5,3,hbm_compute
7622330000,CXL,2,READ,0x300282000000,17301504,5,1,cxl_expert_access
7626444000,DRAM,1,TRANSFER,0x200302000000,4096,6,1,dram_hybrid_act
7627317300,CXL,2,READ,0x300300000000,17301504,6,0,cxl_expert_access
7630608400,HBM,0,READ,0x100384000000,2048,7,2,hbm_compute
7630990700,HBM,0,READ,0x100382000000,2048,7,1,hbm_compute
7635024500,CXL,2,READ,0x300400000000,17301504,8,0,cxl_expert_access
7635766500,HBM,0,READ,0x100404000000,2048,8,2,hbm_compute
7638805600,HBM,0,READ,0x100482000000,2048,9,1,hbm_compute
7640567300,DRAM,1,TRANSFER,0x200480000000,4096,9,0,dram_hybrid_act
7644180800,DRAM,1,TRANSFER,0x200500000000,4096,10,0,dram_hybrid_act
7644827500,HBM,0,READ,0x100504000000,2048,10,2,hbm_compute
7647711600,HBM,0,READ,0x100584000000,2048,11,2,hbm_compute
7649500900,CXL,2,READ,0x300580000000,17301504,11,0,cxl_expert_access
7654481200,CXL,2,READ,0x300606000000,17301504,12,3,cxl_expert_access
7656251200,CXL,2,READ,0x300604000000,17301504,12,2,cxl_expert_access
7660278800,CXL,2,READ,0x300684000000,17301504,13,2,cxl_expert_access
7660757700,HBM,0,READ,0x100682000000,2048,13,1,hbm_compute
7664201500,DRAM,1,TRANSFER,0x200706000000,4096,14,3,dram_hybrid_act
7665160300,HBM,0,READ,0x100702000000,2048,14,1,hbm_compute
7668413900,HBM,0,READ,0x100780000000,2048,15,0,hbm_compute
7668775900,HBM,0,READ,0x100782000000,2048,15,1,hbm_compute
7672826100,CXL,2,READ,0x300806000000,17301504,16,3,cxl_expert_access
7673409200,HBM,0,READ,0x100802000000,2048,16,1,hbm_compute
7676307400,HBM,0,READ,0x100882000000,2048,17,1,hbm_compute
7677269800,CXL,2,READ,0x300884000000,17301504,17,2,cxl_expert_access
7680589500,DRAM,1,TRANSFER,0x200906000000,4096,18,3,dram_hybrid_act
7682571700,DRAM,1,TRANSFER,0x200904000000,4096,18,2,dram_hybrid_act
7686119600,HBM,0,READ,0x100984000000,2048,19,2,hbm_compute
7687861800,DRAM,1,TRANSFER,0x200986000000,4096,19,3,dram_hybrid_act
7693203100,DRAM,1,TRANSFER,0x200a06000000,4096,20,3,dram_hybrid_act
7693739400,HBM,0,READ,0x100a04000000,2048,20,2,hbm_compute
7697739400,HBM,0,READ,0x100a86000000,2048,21,3,hbm_compute
7700270000,CXL,2,READ,0x300a82000000,17301504,21,1,cxl_expert_access
7703659700,HBM,0,READ,0x100b06000000,2048,22,3,hbm_compute
7705492200,CXL,2,READ,0x300b02000000,17301504,22,1,cxl_expert_access
7709263700,CXL,2,READ,0x300b82000000,17301504,23,1,cxl_expert_access
7709697400,HBM,0,READ,0x100b86000000,2048,23,3,hbm_compute
7719270100,CXL,2,READ,0x300002000000,17301504,0,1,cxl_expert_access
7721129300,DRAM,1,TRANSFER,0x200000000000,4096,0,0,dram_hybrid_act
7725362300,HBM,0,READ,0x100082000000,2048,1,1,hbm_compute
7726340400,CXL,2,READ,0x300086000000,17301504,1,3,cxl_expert_access
7730219000,DRAM,1,TRANSFER,0x200106000000,4096,2,3,dram_hybrid_act
7730864600,HBM,0,READ,0x100100000000,2048,2,0,hbm_compute
7735592500,DRAM,1,TRANSFER,0x200182000000,4096,3,1,dram_hybrid_act
7737514200,DRAM,1,TRANSFER,0x200180000000,4096,3,0,dram_hybrid_act
7742379800,CXL,2,READ,0x300202000000,17301504,4,1,cxl_expert_access
7743319600,DRAM,1,TRANSFER,0x200206000000,4096,4,3,dram_hybrid_act
7747373300,DRAM,1,TRANSFER,0x200284000000,4096,5,2,dram_hybrid_act
7747876500,HBM,0,READ,0x100286000000,2048,5,3,hbm_compute
7752040700,DRAM,1,TRANSFER,0x200304000000,4096,6,2,dram_hybrid_act
7754047500,DRAM,1,TRANSFER,0x200302000000,4096,6,1,dram_hybrid_act
7758075200,HBM,0,READ,0x100382000000,2048,7,1,hbm_compute
7758447000,HBM,0,READ,0x100384000000,2048,7,2,hbm_compute
7762204700,CXL,2,READ,0x300400000000,17301504,8,0,cxl_expert_access
7762729700,HBM,0,READ,0x100404000000,2048,8,2,hbm_compute
7765602300,HBM,0,READ,0x100482000000,2048,9,1,hbm_compute
7767321000,DRAM,1,TRANSFER,0x200484000000,4096,9,2,dram_hybrid_act
7770495800,HBM,0,READ,0x100504000000,2048,10,2,hbm_compute
7772246900,CXL,2,READ,0x300506000000,17301504,10,3,cxl_expert_access
7775623400,HBM,0,READ,0x100584000000,2048,11,2,hbm_compute
7776622100,CXL,2,READ,0x300580000000,17301504,11,0,cxl_expert_access
7779723400,HBM,0,READ,0x100600000000,2048,12,0,hbm_compute
7780665400,CXL,2,READ,0x300606000000,17301504,12,3,cxl_expert_access
7785165300,CXL,2,READ,0x300686000000,17301504,13,3,cxl_expert_access
7786875400,CXL,2,READ,0x300684000000,17301504,13,2,cxl_expert_access
7790161200,HBM,0,READ,0x100700000000,2048,14,0,hbm_compute
7792279000,DRAM,1,TRANSFER,0x200706000000,4096,14,3,dram_hybrid_act
7795623000,HBM,0,READ,0x100780000000,2048,15,0,hbm_compute
7796827200,CXL,2,READ,0x300784000000,17301504,15,2,cxl_expert_access
7800028700,HBM,0,READ,0x100802000000,2048,16,1,hbm_compute
7801957700,CXL,2,READ,0x300806000000,17301504,16,3,cxl_expert_access
7806780000,CXL,2,READ,0x300884000000,17301504,17,2,cxl_expert_access
7807385400,HBM,0,READ,0x100882000000,2048,17,1,hbm_compute
7810992700,DRAM,1,TRANSFER,0x200902000000,4096,18,1,dram_hybrid_act
7812322800,DRAM,1,TRANSFER,0x200900000000,4096,18,0,dram_hybrid_act
7815427800,HBM,0,READ,0x100984000000,2048,19,2,hbm_compute
7817190800,DRAM,1,TRANSFER,0x200986000000,4096,19,3,dram_hybrid_act
7822261800,CXL,2,READ,0x300a00000000,17301504,20,0,cxl_expert_access
7824379800,CXL,2,READ,0x300a02000000,17301504,20,1,cxl_expert_access
7828203700,HBM,0,READ,0x100a86000000,2048,21,3,hbm_compute
7828678400,HBM,0,READ,0x100a84000000,2048,21,2,hbm_compute
7833556800,CXL,2,READ,0x300b02000000,17301504,22,1,cxl_expert_access
7834287300,HBM,0,READ,0x100b04000000,2048,22,2,hbm_compute
7838004200,HBM,0,READ,0x100b86000000,2048,23,3,hbm_compute
7838383800,HBM,0,READ,0x100b84000000,2048,23,2,hbm_compute
7847501300,CXL,2,READ,0x300002000000,17301504,0,1,cxl_expert_access
7849348400,DRAM,1,TRANSFER,0x200000000000,4096,0,0,dram_hybrid_act
7853218500,HBM,0,READ,0x100082000000,2048,1,1,hbm_compute
7853645000,HBM,0,READ,0x100080000000,2048,1,0,hbm_compute
7857912500,DRAM,1,TRANSFER,0x200106000000,4096,2,3,dram_hybrid_act
7858450900,HBM,0,READ,0x100100000000,2048,2,0,hbm_compute
7861231400,HBM,0,READ,0x100186000000,2048,3,3,hbm_compute
7862222800,DRAM,1,TRANSFER,0x200180000000,4096,3,0,dram_hybrid_act
7866816500,CXL,2,READ,0x300202000000,17301504,4,1,cxl_expert_access
7867372600,HBM,0,READ,0x100200000000,2048,4,0,hbm_compute
7872149900,DRAM,1,TRANSFER,0x200284000000,4096,5,2,dram_hybrid_act
7874143200,CXL,2,READ,0x300282000000,17301504,5,1,cxl_expert_access
7878816000,CXL,2,READ,0x300300000000,17301504,6,0,cxl_expert_access
7879855300,DRAM,1,TRANSFER,0x200302000000,4096,6,1,dram_hybrid_act
7883581400,HBM,0,READ,0x100382000000,2048,7,1,hbm_compute
7885365700,CXL,2,READ,0x300380000000,17301504,7,0,cxl_expert_access
7890025000,CXL,2,READ,0x300400000000,17301504,8,0,cxl_expert_access
7890615300,HBM,0,READ,0x100402000000,2048,8,1,hbm_compute
7893675000,HBM,0,READ,0x100482000000,2048,9,1,hbm_compute
7894632300,CXL,2,READ,0x300486000000,17301504,9,3,cxl_expert_access
7899750800,DRAM,1,TRANSFER,0x200502000000,4096,10,1,dram_hybrid_act
7900349000,HBM,0,READ,0x100504000000,2048,10,2,hbm_compute
7905099600,CXL,2,READ,0x300586000000,17301504,11,3,cxl_expert_access
7906876000,CXL,2,READ,0x300580000000,17301504,11,0,cxl_expert_access
7910723800,CXL,2,READ,0x300606000000,17301504,12,3,cxl_expert_access
7911181800,HBM,0,READ,0x100600000000,2048,12,0,hbm_compute
7915483000,CXL,2,READ,0x300684000000,17301504,13,2,cxl_expert_access
7917403600,CXL,2,READ,0x300686000000,17301504,13,3,cxl_expert_access
7920949300,HBM,0,READ,0x100700000000,2048,14,0,hbm_compute
7921316400,HBM,0,READ,0x100702000000,2048,14,1,hbm_compute
7924017100,HBM,0,READ,0x100782000000,2048,15,1,hbm_compute
7925786400,CXL,2,READ,0x300784000000,17301504,15,2,cxl_expert_access
7928634500,HBM,0,READ,0x100802000000,2048,16,1,hbm_compute
7929731600,CXL,2,READ,0x300806000000,17301504,16,3,cxl_expert_access
7938131600,HBM,0,READ,0x100882000000,2048,17,1,hbm_compute
7939521700,CXL,2,READ,0x300884000000,17301504,17,2,cxl_expert_access
7946066900,DRAM,1,TRANSFER,0x200904000000,4096,18,2,dram_hybrid_act
7947459500,DRAM,1,TRANSFER,0x200902000000,4096,18,1,dram_hybrid_act
7951828700,DRAM,1,TRANSFER,0x200986000000,4096,19,3,dram_hybrid_act
7952670500,HBM,0,READ,0x100984000000,2048,19,2,hbm_compute
7957262600,CXL,2,READ,0x300a02000000,17301504,20,1,cxl_expert_access
7957868300,HBM,0,READ,0x100a04000000,2048,20,2,hbm_compute
7963157400,CXL,2,READ,0x300a82000000,17301504,21,1,cxl_expert_access
7963826000,HBM,0,READ,0x100a86000000,2048,21,3,hbm_compute
7967102300,HBM,0,READ,0x100b04000000,2048,22,2,hbm_compute
7977134800,CXL,2,READ,0x300b00000000,17301504,22,0,cxl_expert_access
7981745400,HBM,0,READ,0x100b84000000,2048,23,2,hbm_compute
7983043200,CXL,2,READ,0x300b82000000,17301504,23,1,cxl_expert_access
7992970500,CXL,2,READ,0x300002000000,17301504,0,1,cxl_expert_access
7994774200,DRAM,1,TRANSFER,0x200000000000,4096,0,0,dram_hybrid_act
7997977000,HBM,0,READ,0x100080000000,2048,1,0,hbm_compute
7998904300,CXL,2,READ,0x300084000000,17301504,1,2,cxl_expert_access
8002067000,DRAM,1,TRANSFER,0x200106000000,4096,2,3,dram_hybrid_act
8002533900,HBM,0,READ,0x100100000000,2048,2,0,hbm_compute
8006503000,DRAM,1,TRANSFER,0x200182000000,4096,3,1,dram_hybrid_act
8007785900,DRAM,1,TRANSFER,0x200180000000,4096,3,0,dram_hybrid_act
8011852600,DRAM,1,TRANSFER,0x200206000000,4096,4,3,dram_hybrid_act
8012752100,HBM,0,READ,0x100200000000,2048,4,0,hbm_compute
8017184300,DRAM,1,TRANSFER,0x200284000000,4096,5,2,dram_hybrid_act
8017796700,HBM,0,READ,0x100286000000,2048,5,3,hbm_compute
8022522400,CXL,2,READ,0x300300000000,17301504,6,0,cxl_expert_access
8023145400,HBM,0,READ,0x100306000000,2048,6,3,hbm_compute
8027006400,CXL,2,READ,0x300380000000,17301504,7,0,cxl_expert_access
8027402900,HBM,0,READ,0x100384000000,2048,7,2,hbm_compute
8031828500,CXL,2,READ,0x300406000000,17301504,8,3,cxl_expert_access
8033240600,CXL,2,READ,0x300400000000,17301504,8,0,cxl_expert_access
8036262500,HBM,0,READ,0x100482000000,2048,9,1,hbm_compute
8038147100,CXL,2,READ,0x300486000000,17301504,9,3,cxl_expert_access
8041362100,HBM,0,READ,0x100504000000,2048,10,2,hbm_compute
8042264900,DRAM,1,TRANSFER,0x200500000000,4096,10,0,dram_hybrid_act
8045114100,HBM,0,READ,0x100584000000,2048,11,2,hbm_compute
8046081300,CXL,2,READ,0x300586000000,17301504,11,3,cxl_expert_access
8049159100,HBM,0,READ,0x100600000000,2048,12,0,hbm_compute
8051048600,CXL,2,READ,0x300606000000,17301504,12,3,cxl_expert_access
8055658500,CXL,2,READ,0x300684000000,17301504,13,2,cxl_expert_access
8056149900,HBM,0,READ,0x100682000000,2048,13,1,hbm_compute
8058911700,HBM,0,READ,0x100702000000,2048,14,1,hbm_compute
8059270400,HBM,0,READ,0x100700000000,2048,14,0,hbm_compute
8061877000,HBM,0,READ,0x100782000000,2048,15,1,hbm_compute
8062859800,CXL,2,READ,0x300784000000,17301504,15,2,cxl_expert_access
8065888100,HBM,0,READ,0x100802000000,2048,16,1,hbm_compute
8066275100,HBM,0,READ,0x100800000000,2048,16,0,hbm_compute
8068834100,HBM,0,READ,0x100882000000,2048,17,1,hbm_compute
8070606900,DRAM,1,TRANSFER,0x200880000000,4096,17,0,dram_hybrid_act
8074918400,DRAM,1,TRANSFER,0x200902000000,4096,18,1,dram_hybrid_act
8075869500,DRAM,1,TRANSFER,0x200906000000,4096,18,3,dram_hybrid_act
8079519700,DRAM,1,TRANSFER,0x200986000000,4096,19,3,dram_hybrid_act
8080019000,HBM,0,READ,0x100984000000,2048,19,2,hbm_compute
8084069500,CXL,2,READ,0x300a00000000,17301504,20,0,cxl_expert_access
8084542300,HBM,0,READ,0x100a04000000,2048,20,2,hbm_compute
8087265200,HBM,0,READ,0x100a86000000,2048,21,3,hbm_compute
8088190900,CXL,2,READ,0x300a80000000,17301504,21,0,cxl_expert_access
8091294900,CXL,2,READ,0x300b00000000,17301504,22,0,cxl_expert_access
8092926000,CXL,2,READ,0x300b02000000,17301504,22,1,cxl_expert_access
8096030200,HBM,0,READ,0x100b86000000,2048,23,3,hbm_compute
8096366200,HBM,0,READ,0x100b84000000,2048,23,2,hbm_compute
8104050000,HBM,0,READ,0x100006000000,2048,0,3,hbm_compute
8105732800,DRAM,1,TRANSFER,0x200004000000,4096,0,2,dram_hybrid_act
8108175400,HBM,0,READ,0x100082000000,2048,1,1,hbm_compute
8108510000,HBM,0,READ,0x100080000000,2048,1,0,hbm_compute
8111546400,CXL,2,READ,0x300104000000,17301504,2,2,cxl_expert_access
8112586200,DRAM,1,TRANSFER,0x200102000000,4096,2,1,dram_hybrid_act
8116651700,DRAM,1,TRANSFER,0x200182000000,4096,3,1,dram_hybrid_act
8118435700,DRAM,1,TRANSFER,0x200180000000,4096,3,0,dram_hybrid_act
8122711000,CXL,2,READ,0x300202000000,17301504,4,1,cxl_expert_access
8123633000,DRAM,1,TRANSFER,0x200204000000,4096,4,2,dram_hybrid_act
8127257500,DRAM,1,TRANSFER,0x200284000000,4096,5,2,dram_hybrid_act
8128296100,CXL,2,READ,0x300282000000,17301504,5,1,cxl_expert_access
8133030200,CXL,2,READ,0x300300000000,17301504,6,0,cxl_expert_access
8133694300,HBM,0,READ,0x100306000000,2048,6,3,hbm_compute
8138510300,CXL,2,READ,0x300386000000,17301504,7,3,cxl_expert_access
8139031000,HBM,0,READ,0x100382000000,2048,7,1,hbm_compute
8143405000,CXL,2,READ,0x300400000000,17301504,8,0,cxl_expert_access
8145010200,CXL,2,READ,0x300406000000,17301504,8,3,cxl_expert_access
8148561500,HBM,0,READ,0x100482000000,2048,9,1,hbm_compute
8150310100,DRAM,1,TRANSFER,0x200484000000,4096,9,2,dram_hybrid_act
8153404200,HBM,0,READ,0x100504000000,2048,10,2,hbm_compute
8155250400,DRAM,1,TRANSFER,0x200502000000,4096,10,1,dram_hybrid_act
8158311500,HBM,0,READ,0x100584000000,2048,11,2,hbm_compute
8159382600,CXL,2,READ,0x300586000000,17301504,11,3,cxl_expert_access
8163162700,CXL,2,READ,0x300606000000,17301504,12,3,cxl_expert_access
8163846700,HBM,0,READ,0x100600000000,2048,12,0,hbm_compute
8167523900,HBM,0,READ,0x100680000000,2048,13,0,hbm_compute
8169469300,CXL,2,READ,0x300684000000,17301504,13,2,cxl_expert_access
8172669100,HBM,0,READ,0x100702000000,2048,14,1,hbm_compute
8173000800,HBM,0,READ,0x100700000000,2048,14,0,hbm_compute
8175335400,HBM,0,READ,0x100782000000,2048,15,1,hbm_compute
8176229000,CXL,2,READ,0x300784000000,17301504,15,2,cxl_expert_access
8179240600,HBM,0,READ,0x100802000000,2048,16,1,hbm_compute
8180143300,CXL,2,READ,0x300806000000,17301504,16,3,cxl_expert_access
8183308700,HBM,0,READ,0x100882000000,2048,17,1,hbm_compute
8185136700,CXL,2,READ,0x300884000000,17301504,17,2,cxl_expert_access
8189668500,DRAM,1,TRANSFER,0x200904000000,4096,18,2,dram_hybrid_act
8191444900,DRAM,1,TRANSFER,0x200902000000,4096,18,1,dram_hybrid_act
8195539700,DRAM,1,TRANSFER,0x200986000000,4096,19,3,dram_hybrid_act
8196042800,HBM,0,READ,0x100984000000,2048,19,2,hbm_compute
8200428600,CXL,2,READ,0x300a02000000,17301504,20,1,cxl_expert_access
8202225700,CXL,2,READ,0x300a00000000,17301504,20,0,cxl_expert_access
8206400200,CXL,2,READ,0x300a82000000,17301504,21,1,cxl_expert_access
8208030100,CXL,2,READ,0x300a80000000,17301504,21,0,cxl_expert_access
8211022600,HBM,0,READ,0x100b04000000,2048,22,2,hbm_compute
8212097600,CXL,2,READ,0x300b00000000,17301504,22,0,cxl_expert_access
8216576100,CXL,2,READ,0x300b82000000,17301504,23,1,cxl_expert_access
8217251600,HBM,0,READ,0x100b84000000,2048,23,2,hbm_compute
8226493700,CXL,2,READ,0x300002000000,17301504,0,1,cxl_expert_access
8227401600,DRAM,1,TRANSFER,0x200004000000,4096,0,2,dram_hybrid_act
8230366000,HBM,0,READ,0x100080000000,2048,1,0,hbm_compute
8232083300,CXL,2,READ,0x300084000000,17301504,1,2,cxl_expert_access
8236866200,CXL,2,READ,0x300104000000,17301504,2,2,cxl_expert_access
8237386900,HBM,0,READ,0x100100000000,2048,2,0,hbm_compute
8242038000,DRAM,1,TRANSFER,0x200180000000,4096,3,0,dram_hybrid_act
8243310100,DRAM,1,TRANSFER,0x200182000000,4096,3,1,dram_hybrid_act
8246775500,DRAM,1,TRANSFER,0x200204000000,4096,4,2,dram_hybrid_act
8247257300,HBM,0,READ,0x100200000000,2048,4,0,hbm_compute
8251491100,DRAM,1,TRANSFER,0x200284000000,4096,5,2,dram_hybrid_act
8253298400,CXL,2,READ,0x300282000000,17301504,5,1,cxl_expert_access
8258590200,CXL,2,READ,0x300300000000,17301504,6,0,cxl_expert_access
8259187800,HBM,0,READ,0x100306000000,2048,6,3,hbm_compute
8262761900,HBM,0,READ,0x100384000000,2048,7,2,hbm_compute
8263680000,CXL,2,READ,0x300380000000,17301504,7,0,cxl_expert_access
8267580500,HBM,0,READ,0x100402000000,2048,8,1,hbm_compute
8269343000,CXL,2,READ,0x300400000000,17301504,8,0,cxl_expert_access
8274341700,CXL,2,READ,0x300486000000,17301504,9,3,cxl_expert_access
8274900600,HBM,0,READ,0x100482000000,2048,9,1,hbm_compute
8277739100,HBM,0,READ,0x100504000000,2048,10,2,hbm_compute
8278648700,DRAM,1,TRANSFER,0x200502000000,4096,10,1,dram_hybrid_act
8282796900,CXL,2,READ,0x300580000000,17301504,11,0,cxl_expert_access
8283327700,HBM,0,READ,0x100584000000,2048,11,2,hbm_compute
8287881500,CXL,2,READ,0x300606000000,17301504,12,3,cxl_expert_access
8289726800,CXL,2,READ,0x300604000000,17301504,12,2,cxl_expert_access
8293764100,CXL,2,READ,0x300684000000,17301504,13,2,cxl_expert_access
8294312900,HBM,0,READ,0x100680000000,2048,13,0,hbm_compute
8297047800,HBM,0,READ,0x100700000000,2048,14,0,hbm_compute
8298871600,DRAM,1,TRANSFER,0x200706000000,4096,14,3,dram_hybrid_act
8304347300,CXL,2,READ,0x300784000000,17301504,15,2,cxl_expert_access
8304934100,HBM,0,READ,0x100782000000,2048,15,1,hbm_compute
8308862300,CXL,2,READ,0x300806000000,17301504,16,3,cxl_expert_access
8309755700,CXL,2,READ,0x300804000000,17301504,16,2,cxl_expert_access
8312490900,HBM,0,READ,0x100882000000,2048,17,1,hbm_compute
8313339700,DRAM,1,TRANSFER,0x200880000000,4096,17,0,dram_hybrid_act
8317582800,DRAM,1,TRANSFER,0x200902000000,4096,18,1,dram_hybrid_act
8319399000,DRAM,1,TRANSFER,0x200906000000,4096,18,3,dram_hybrid_act
8323105200,DRAM,1,TRANSFER,0x200986000000,4096,19,3,dram_hybrid_act
8325021900,CXL,2,READ,0x300982000000,17301504,19,1,cxl_expert_access
8328858000,DRAM,1,TRANSFER,0x200a06000000,4096,20,3,dram_hybrid_act
8329364600,HBM,0,READ,0x100a04000000,2048,20,2,hbm_compute
8332532800,HBM,0,READ,0x100a86000000,2048,21,3,hbm_compute
8334378200,CXL,2,READ,0x300a82000000,17301504,21,1,cxl_expert_access
8338960400,CXL,2,READ,0x300b00000000,17301504,22,0,cxl_expert_access
8339497700,HBM,0,READ,0x100b06000000,2048,22,3,hbm_compute
8342499000,HBM,0,READ,0x100b86000000,2048,23,3,hbm_compute
8342843500,HBM,0,READ,0x100b84000000,2048,23,2,hbm_compute
8353048800,DRAM,1,TRANSFER,0x200004000000,4096,0,2,dram_hybrid_act
8353593500,HBM,0,READ,0x100006000000,2048,0,3,hbm_compute
8356492900,HBM,0,READ,0x100080000000,2048,1,0,hbm_compute
8358234000,CXL,2,READ,0x300086000000,17301504,1,3,cxl_expert_access
8361791000,DRAM,1,TRANSFER,0x200102000000,4096,2,1,dram_hybrid_act
8362992900,DRAM,1,TRANSFER,0x200106000000,4096,2,3,dram_hybrid_act
8366250000,HBM,0,READ,0x100186000000,2048,3,3,hbm_compute
8368020700,DRAM,1,TRANSFER,0x200182000000,4096,3,1,dram_hybrid_act
8371056400,HBM,0,READ,0x100200000000,2048,4,0,hbm_compute
8372820700,DRAM,1,TRANSFER,0x200204000000,4096,4,2,dram_hybrid_act
8376590100,DRAM,1,TRANSFER,0x200284000000,4096,5,2,dram_hybrid_act
8377600200,CXL,2,READ,0x300280000000,17301504,5,0,cxl_expert_access
8382464400,DRAM,1,TRANSFER,0x200302000000,4096,6,1,dram_hybrid_act
8384438400,CXL,2,READ,0x300300000000,17301504,6,0,cxl_expert_access
8387839900,HBM,0,READ,0x100382000000,2048,7,1,hbm_compute
8388214600,HBM,0,READ,0x100384000000,2048,7,2,hbm_compute
8392103100,CXL,2,READ,0x300400000000,17301504,8,0,cxl_expert_access
8392610500,HBM,0,READ,0x100402000000,2048,8,1,hbm_compute
8396175000,CXL,2,READ,0x300486000000,17301504,9,3,cxl_expert_access
8396645600,HBM,0,READ,0x100482000000,2048,9,1,hbm_compute
8399818700,HBM,0,READ,0x100504000000,2048,10,2,hbm_compute
8401678700,DRAM,1,TRANSFER,0x200502000000,4096,10,1,dram_hybrid_act
8405048500,HBM,0,READ,0x100584000000,2048,11,2,hbm_compute
8406919700,CXL,2,READ,0x300586000000,17301504,11,3,cxl_expert_access
8410993200,CXL,2,READ,0x300606000000,17301504,12,3,cxl_expert_access
8411514400,HBM,0,READ,0x100600000000,2048,12,0,hbm_compute
8416198300,CXL,2,READ,0x300684000000,17301504,13,2,cxl_expert_access
8416770300,HBM,0,READ,0x100680000000,2048,13,0,hbm_compute
8421304700,DRAM,1,TRANSFER,0x200706000000,4096,14,3,dram_hybrid_act
8423230100,CXL,2,READ,0x300704000000,17301504,14,2,cxl_expert_access
8426910100,HBM,0,READ,0x100782000000,2048,15,1,hbm_compute
8429113100,CXL,2,READ,0x300784000000,17301504,15,2,cxl_expert_access
8433921300,CXL,2,READ,0x300806000000,17301504,16,3,cxl_expert_access
8435733400,CXL,2,READ,0x300804000000,17301504,16,2,cxl_expert_access
8439242800,HBM,0,READ,0x100882000000,2048,17,1,hbm_compute
8440995200,DRAM,1,TRANSFER,0x200880000000,4096,17,0,dram_hybrid_act
8444928900,DRAM,1,TRANSFER,0x200902000000,4096,18,1,dram_hybrid_act
8445979100,DRAM,1,TRANSFER,0x200900000000,4096,18,0,dram_hybrid_act
8450511300,CXL,2,READ,0x300982000000,17301504,19,1,cxl_expert_access
8451045400,HBM,0,READ,0x100984000000,2048,19,2,hbm_compute
8455574100,DRAM,1,TRANSFER,0x200a06000000,4096,20,3,dram_hybrid_act
8457605900,CXL,2,READ,0x300a00000000,17301504,20,0,cxl_expert_access
8462442000,CXL,2,READ,0x300a82000000,17301504,21,1,cxl_expert_access
8463508200,CXL,2,READ,0x300a80000000,17301504,21,0,cxl_expert_access
8468390100,CXL,2,READ,0x300b00000000,17301504,22,0,cxl_expert_access
8468928100,HBM,0,READ,0x100b06000000,2048,22,3,hbm_compute
8472625100,HBM,0,READ,0x100b86000000,2048,23,3,hbm_compute
8474486600,CXL,2,READ,0x300b82000000,17301504,23,1,cxl_expert_access
8484727500,DRAM,1,TRANSFER,0x200004000000,4096,0,2,dram_hybrid_act
8486820500,CXL,2,READ,0x300002000000,17301504,0,1,cxl_expert_access
8491964300,CXL,2,READ,0x300084000000,17301504,1,2,cxl_expert_access
8492517900,HBM,0,READ,0x100082000000,2048,1,1,hbm_compute
8496361500,DRAM,1,TRANSFER,0x200106000000,4096,2,3,dram_hybrid_act
8497592200,DRAM,1,TRANSFER,0x200102000000,4096,2,1,dram_hybrid_act
8502835300,DRAM,1,TRANSFER,0x200182000000,4096,3,1,dram_hybrid_act
8504969900,CXL,2,READ,0x300184000000,17301504,3,2,cxl_expert_access
8509422500,CXL,2,READ,0x300202000000,17301504,4,1,cxl_expert_access
8510366300,DRAM,1,TRANSFER,0x200206000000,4096,4,3,dram_hybrid_act
8515193500,CXL,2,READ,0x300282000000,17301504,5,1,cxl_expert_access
8515799700,HBM,0,READ,0x100286000000,2048,5,3,hbm_compute
8520650000,DRAM,1,TRANSFER,0x200302000000,4096,6,1,dram_hybrid_act
8522517500,CXL,2,READ,0x300300000000,17301504,6,0,cxl_expert_access
8525847000,HBM,0,READ,0x100382000000,2048,7,1,hbm_compute
8526783800,CXL,2,READ,0x300380000000,17301504,7,0,cxl_expert_access
8530349600,CXL,2,READ,0x300400000000,17301504,8,0,cxl_expert_access
8532157400,CXL,2,READ,0x300406000000,17301504,8,3,cxl_expert_access
8536024100,HBM,0,READ,0x100482000000,2048,9,1,hbm_compute
8537922000,CXL,2,READ,0x300486000000,17301504,9,3,cxl_expert_access
8541052400,HBM,0,READ,0x100504000000,2048,10,2,hbm_compute
8542858900,CXL,2,READ,0x300506000000,17301504,10,3,cxl_expert_access
8546081200,HBM,0,READ,0x100584000000,2048,11,2,hbm_compute
8547018900,CXL,2,READ,0x300586000000,17301504,11,3,cxl_expert_access
8552032700,CXL,2,READ,0x300606000000,17301504,12,3,cxl_expert_access
8552788000,HBM,0,READ,0x100600000000,2048,12,0,hbm_compute
8556423500,HBM,0,READ,0x100680000000,2048,13,0,hbm_compute
8558252100,CXL,2,READ,0x300684000000,17301504,13,2,cxl_expert_access
8562182900,HBM,0,READ,0x100700000000,2048,14,0,hbm_compute
8563270300,DRAM,1,TRANSFER,0x200706000000,4096,14,3,dram_hybrid_act
8567591700,HBM,0,READ,0x100782000000,2048,15,1,hbm_compute
8569643000,CXL,2,READ,0x300784000000,17301504,15,2,cxl_expert_access
8573888300,HBM,0,READ,0x100802000000,2048,16,1,hbm_compute
8576074200,CXL,2,READ,0x300806000000,17301504,16,3,cxl_expert_access
8580163000,HBM,0,READ,0x100882000000,2048,17,1,hbm_compute
8580562600,HBM,0,READ,0x100886000000,2048,17,3,hbm_compute
8586142100,DRAM,1,TRANSFER,0x200902000000,4096,18,1,dram_hybrid_act
8588214900,DRAM,1,TRANSFER,0x200904000000,4096,18,2,dram_hybrid_act
8592114000,HBM,0,READ,0x100984000000,2048,19,2,hbm_compute
8593836200,CXL,2,READ,0x300982000000,17301504,19,1,cxl_expert_access
8600433600,CXL,2,READ,0x300a00000000,17301504,20,0,cxl_expert_access
8602142500,CXL,2,READ,0x300a02000000,17301504,20,1,cxl_expert_access
8607451900,CXL,2,READ,0x300a82000000,17301504,21,1,cxl_expert_access
8608648800,CXL,2,READ,0x300a80000000,17301504,21,0,cxl_expert_access
8612685800,HBM,0,READ,0x100b04000000,2048,22,2,hbm_compute
8614527500,CXL,2,READ,0x300b00000000,17301504,22,0,cxl_expert_access
8617999800,HBM,0,READ,0x100b86000000,2048,23,3,hbm_compute
8619882600,CXL,2,READ,0x300b80000000,17301504,23,0,cxl_expert_access
8629914700,HBM,0,READ,0x100006000000,2048,0,3,hbm_compute
8631881900,CXL,2,READ,0x300002000000,17301504,0,1,cxl_expert_access
8635982700,HBM,0,READ,0x100082000000,2048,1,1,hbm_compute
8636462200,HBM,0,READ,0x100080000000,2048,1,0,hbm_compute
8641080400,DRAM,1,TRANSFER,0x200106000000,4096,2,3,dram_hybrid_act
8642690600,CXL,2,READ,0x300104000000,17301504,2,2,cxl_expert_access
8648925000,DRAM,1,TRANSFER,0x200180000000,4096,3,0,dram_hybrid_act
8651007200,DRAM,1,TRANSFER,0x200182000000,4096,3,1,dram_hybrid_act
8655544200,DRAM,1,TRANSFER,0x200204000000,4096,4,2,dram_hybrid_act
8656199500,HBM,0,READ,0x100200000000,2048,4,0,hbm_compute
8660316400,DRAM,1,TRANSFER,0x200284000000,4096,5,2,dram_hybrid_act
8661564900,CXL,2,READ,0x300280000000,17301504,5,0,cxl_expert_access
8665618900,HBM,0,READ,0x100306000000,2048,6,3,hbm_compute
8667934100,CXL,2,READ,0x300300000000,17301504,6,0,cxl_expert_access
8671380100,HBM,0,READ,0x100382000000,2048,7,1,hbm_compute
8673196600,CXL,2,READ,0x300380000000,17301504,7,0,cxl_expert_access
8676604100,HBM,0,READ,0x100402000000,2048,8,1,hbm_compute
8677781000,CXL,2,READ,0x300400000000,17301504,8,0,cxl_expert_access
8682343800,HBM,0,READ,0x100482000000,2048,9,1,hbm_compute
8684763400,CXL,2,READ,0x300486000000,17301504,9,3,cxl_expert_access
8690404600,DRAM,1,TRANSFER,0x200502000000,4096,10,1,dram_hybrid_act
8691068200,HBM,0,READ,0x100504000000,2048,10,2,hbm_compute
8694194900,HBM,0,READ,0x100584000000,2048,11,2,hbm_compute
8695695800,CXL,2,READ,0x300580000000,17301504,11,0,cxl_expert_access
8699333000,HBM,0,READ,0x100600000000,2048,12,0,hbm_compute
8701455600,CXL,2,READ,0x300604000000,17301504,12,2,cxl_expert_access
8706871600,CXL,2,READ,0x300684000000,17301504,13,2,cxl_expert_access
8707681300,HBM,0,READ,0x100680000000,2048,13,0,hbm_compute
8710706600,HBM,0,READ,0x100700000000,2048,14,0,hbm_compute
8711981500,DRAM,1,TRANSFER,0x200706000000,4096,14,3,dram_hybrid_act
8715463300,HBM,0,READ,0x100782000000,2048,15,1,hbm_compute
8715874600,HBM,0,READ,0x100780000000,2048,15,0,hbm_compute
8720384800,CXL,2,READ,0x300806000000,17301504,16,3,cxl_expert_access
8720994900,HBM,0,READ,0x100802000000,2048,16,1,hbm_compute
8724632100,HBM,0,READ,0x100886000000,2048,17,3,hbm_compute
8724980700,HBM,0,READ,0x100882000000,2048,17,1,hbm_compute
8728786500,DRAM,1,TRANSFER,0x200902000000,4096,18,1,dram_hybrid_act
8729851200,DRAM,1,TRANSFER,0x200900000000,4096,18,0,dram_hybrid_act
8733616400,HBM,0,READ,0x100984000000,2048,19,2,hbm_compute
8735713700,DRAM,1,TRANSFER,0x200980000000,4096,19,0,dram_hybrid_act
8739695500,HBM,0,READ,0x100a04000000,2048,20,2,hbm_compute
8741635000,CXL,2,READ,0x300a00000000,17301504,20,0,cxl_expert_access
8745476800,CXL,2,READ,0x300a82000000,17301504,21,1,cxl_expert_access
8746017600,HBM,0,READ,0x100a86000000,2048,21,3,hbm_compute
8749111200,HBM,0,READ,0x100b06000000,2048,22,3,hbm_compute
8749469900,HBM,0,READ,0x100b04000000,2048,22,2,hbm_compute
8754149000,CXL,2,READ,0x300b82000000,17301504,23,1,cxl_expert_access
8756208600,CXL,2,READ,0x300b80000000,17301504,23,0,cxl_expert_access
8766883600,CXL,2,READ,0x300002000000,17301504,0,1,cxl_expert_access
8768995100,DRAM,1,TRANSFER,0x200000000000,4096,0,0,dram_hybrid_act
8774045600,CXL,2,READ,0x300084000000,17301504,1,2,cxl_expert_access
8774649500,HBM,0,READ,0x100080000000,2048,1,0,hbm_compute
8777699200,HBM,0,READ,0x100100000000,2048,2,0,hbm_compute
8778691200,DRAM,1,TRANSFER,0x200106000000,4096,2,3,dram_hybrid_act
8782788400,DRAM,1,TRANSFER,0x200182000000,4096,3,1,dram_hybrid_act
8784818600,DRAM,1,TRANSFER,0x200180000000,4096,3,0,dram_hybrid_act
8789959500,CXL,2,READ,0x300202000000,17301504,4,1,cxl_expert_access
8790494000,HBM,0,READ,0x100200000000,2048,4,0,hbm_compute
8794256500,CXL,2,READ,0x300280000000,17301504,5,0,cxl_expert_access
8794757600,HBM,0,READ,0x100286000000,2048,5,3,hbm_compute
8799093700,DRAM,1,TRANSFER,0x200302000000,4096,6,1,dram_hybrid_act
8801461500,CXL,2,READ,0x300300000000,17301504,6,0,cxl_expert_access
8804710800,HBM,0,READ,0x100384000000,2048,7,2,hbm_compute
8805096800,HBM,0,READ,0x100382000000,2048,7,1,hbm_compute
8809064300,CXL,2,READ,0x300400000000,17301504,8,0,cxl_expert_access
8810046500,CXL,2,READ,0x300406000000,17301504,8,3,cxl_expert_access
8813534300,HBM,0,READ,0x100482000000,2048,9,1,hbm_compute
8815723100,CXL,2,READ,0x300486000000,17301504,9,3,cxl_expert_access
8819303500,HBM,0,READ,0x100504000000,2048,10,2,hbm_compute
8821037800,DRAM,1,TRANSFER,0x200502000000,4096,10,1,dram_hybrid_act
8824793600,HBM,0,READ,0x100584000000,2048,11,2,hbm_compute
8826266100,CXL,2,READ,0x300586000000,17301504,11,3,cxl_expert_access
8829819900,CXL,2,READ,0x300606000000,17301504,12,3,cxl_expert_access
8830281500,HBM,0,READ,0x100600000000,2048,12,0,hbm_compute
8835556900,CXL,2,READ,0x300684000000,17301504,13,2,cxl_expert_access
8837436300,CXL,2,READ,0x300686000000,17301504,13,3,cxl_expert_access
8841246700,HBM,0,READ,0x100700000000,2048,14,0,hbm_compute
8842921400,CXL,2,READ,0x300704000000,17301504,14,2,cxl_expert_access
8846470800,HBM,0,READ,0x100780000000,2048,15,0,hbm_compute
8846885900,HBM,0,READ,0x100782000000,2048,15,1,hbm_compute
8849729100,HBM,0,READ,0x100802000000,2048,16,1,hbm_compute
8851533700,CXL,2,READ,0x300806000000,17301504,16,3,cxl_expert_access
8855981200,DRAM,1,TRANSFER,0x200880000000,4096,17,0,dram_hybrid_act
8856514500,HBM,0,READ,0x100886000000,2048,17,3,hbm_compute
8860190600,DRAM,1,TRANSFER,0x200900000000,4096,18,0,dram_hybrid_act
8861228500,DRAM,1,TRANSFER,0x200906000000,4096,18,3,dram_hybrid_act
8866154700,CXL,2,READ,0x300982000000,17301504,19,1,cxl_expert_access
8867842100,DRAM,1,TRANSFER,0x200980000000,4096,19,0,dram_hybrid_act
8872637500,DRAM,1,TRANSFER,0x200a06000000,4096,20,3,dram_hybrid_act
8874423700,CXL,2,READ,0x300a02000000,17301504,20,1,cxl_expert_access
8877799400,HBM,0,READ,0x100a86000000,2048,21,3,hbm_compute
8878842700,CXL,2,READ,0x300a82000000,17301504,21,1,cxl_expert_access
8882056700,HBM,0,READ,0x100b04000000,2048,22,2,hbm_compute
8883868900,CXL,2,READ,0x300b02000000,17301504,22,1,cxl_expert_access
8887435800,HBM,0,READ,0x100b86000000,2048,23,3,hbm_compute
8889244100,CXL,2,READ,0x300b82000000,17301504,23,1,cxl_expert_access
8902055600,CXL,2,READ,0x300002000000,17301504,0,1,cxl_expert_access
8904087100,DRAM,1,TRANSFER,0x200004000000,4096,0,2,dram_hybrid_act
8909672700,HBM,0,READ,0x100082000000,2048,1,1,hbm_compute
8910259500,HBM,0,READ,0x100080000000,2048,1,0,hbm_compute
8915186400,HBM,0,READ,0x100100000000,2048,2,0,hbm_compute
8917054300,DRAM,1,TRANSFER,0x200106000000,4096,2,3,dram_hybrid_act
8922269900,DRAM,1,TRANSFER,0x200182000000,4096,3,1,dram_hybrid_act
8924434100,DRAM,1,TRANSFER,0x200180000000,4096,3,0,dram_hybrid_act
8928531900,CXL,2,READ,0x300202000000,17301504,4,1,cxl_expert_access
8930192500,DRAM,1,TRANSFER,0x200206000000,4096,4,3,dram_hybrid_act
8935021600,DRAM,1,TRANSFER,0x200284000000,4096,5,2,dram_hybrid_act
8935566000,HBM,0,READ,0x100286000000,2048,5,3,hbm_compute
8940350200,DRAM,1,TRANSFER,0x200304000000,4096,6,2,dram_hybrid_act
8942510200,DRAM,1,TRANSFER,0x200302000000,4096,6,1,dram_hybrid_act
8948791000,CXL,2,READ,0x300380000000,17301504,7,0,cxl_expert_access
8949397900,HBM,0,READ,0x100384000000,2048,7,2,hbm_compute
8954658000,CXL,2,READ,0x300400000000,17301504,8,0,cxl_expert_access
8956737500,CXL,2,READ,0x300406000000,17301504,8,3,cxl_expert_access
8960902700,HBM,0,READ,0x100482000000,2048,9,1,hbm_compute
8961975100,DRAM,1,TRANSFER,0x200484000000,4096,9,2,dram_hybrid_act
8965524900,HBM,0,READ,0x100504000000,2048,10,2,hbm_compute
8967350100,DRAM,1,TRANSFER,0x200500000000,4096,10,0,dram_hybrid_act
8973030600,CXL,2,READ,0x300586000000,17301504,11,3,cxl_expert_access
8973995500,HBM,0,READ,0x100584000000,2048,11,2,hbm_compute
8979386600,HBM,0,READ,0x100600000000,2048,12,0,hbm_compute
8980417300,CXL,2,READ,0x300606000000,17301504,12,3,cxl_expert_access
8985825100,CXL,2,READ,0x300684000000,17301504,13,2,cxl_expert_access
8987978900,CXL,2,READ,0x300686000000,17301504,13,3,cxl_expert_access
8991887100,HBM,0,READ,0x100702000000,2048,14,1,hbm_compute
8993367700,DRAM,1,TRANSFER,0x200706000000,4096,14,3,dram_hybrid_act
8997875300,CXL,2,READ,0x300784000000,17301504,15,2,cxl_expert_access
8998671600,HBM,0,READ,0x100780000000,2048,15,0,hbm_compute
9002245200,HBM,0,READ,0x100802000000,2048,16,1,hbm_compute
9004532400,CXL,2,READ,0x300804000000,17301504,16,2,cxl_expert_access
9009665700,DRAM,1,TRANSFER,0x200880000000,4096,17,0,dram_hybrid_act
9011597500,CXL,2,READ,0x300884000000,17301504,17,2,cxl_expert_access
9016532500,DRAM,1,TRANSFER,0x200902000000,4096,18,1,dram_hybrid_act
9017656700,DRAM,1,TRANSFER,0x200906000000,4096,18,3,dram_hybrid_act
9022972600,DRAM,1,TRANSFER,0x200980000000,4096,19,0,dram_hybrid_act
9023641700,HBM,0,READ,0x100984000000,2048,19,2,hbm_compute
9028824700,CXL,2,READ,0x300a02000000,17301504,20,1,cxl_expert_access
9029966100,CXL,2,READ,0x300a00000000,17301504,20,0,cxl_expert_access
9035006400,CXL,2,READ,0x300a82000000,17301504,21,1,cxl_expert_access
9035601100,HBM,0,READ,0x100a86000000,2048,21,3,hbm_compute
9038900500,HBM,0,READ,0x100b04000000,2048,22,2,hbm_compute
9040816100,CXL,2,READ,0x300b00000000,17301504,22,0,cxl_expert_access
9045203700,CXL,2,READ,0x300b82000000,17301504,23,1,cxl_expert_access
9045808800,HBM,0,READ,0x100b84000000,2048,23,2,hbm_compute
9056609200,CXL,2,READ,0x300002000000,17301504,0,1,cxl_expert_access
9057072800,HBM,0,READ,0x100006000000,2048,0,3,hbm_compute
9060086400,CXL,2,READ,0x300086000000,17301504,1,3,cxl_expert_access
9060478600,HBM,0,READ,0x100082000000,2048,1,1,hbm_compute
9065230100,CXL,2,READ,0x300104000000,17301504,2,2,cxl_expert_access
9066038900,HBM,0,READ,0x100100000000,2048,2,0,hbm_compute
9069122300,DRAM,1,TRANSFER,0x200182000000,4096,3,1,dram_hybrid_act
9070621400,DRAM,1,TRANSFER,0x200180000000,4096,3,0,dram_hybrid_act
9073991200,DRAM,1,TRANSFER,0x200206000000,4096,4,3,dram_hybrid_act
9075696700,CXL,2,READ,0x300202000000,17301504,4,1,cxl_expert_access
9079291400,HBM,0,READ,0x100286000000,2048,5,3,hbm_compute
9080249400,CXL,2,READ,0x300282000000,17301504,5,1,cxl_expert_access
9084915300,CXL,2,READ,0x300300000000,17301504,6,0,cxl_expert_access
9086534500,DRAM,1,TRANSFER,0x200302000000,4096,6,1,dram_hybrid_act
9090386000,CXL,2,READ,0x300380000000,17301504,7,0,cxl_expert_access
9091698800,CXL,2,READ,0x300386000000,17301504,7,3,cxl_expert_access
9095501800,CXL,2,READ,0x300400000000,17301504,8,0,cxl_expert_access
9096300700,HBM,0,READ,0x100404000000,2048,8,2,hbm_compute
9099292800,HBM,0,READ,0x100482000000,2048,9,1,hbm_compute
9100949900,CXL,2,READ,0x300486000000,17301504,9,3,cxl_expert_access
9104320500,HBM,0,READ,0x100504000000,2048,10,2,hbm_compute
9106298600,DRAM,1,TRANSFER,0x200500000000,4096,10,0,dram_hybrid_act
9109782800,CXL,2,READ,0x300586000000,17301504,11,3,cxl_expert_access
9110185200,HBM,0,READ,0x100584000000,2048,11,2,hbm_compute
9114500400,CXL,2,READ,0x300606000000,17301504,12,3,cxl_expert_access
9115411000,HBM,0,READ,0x100602000000,2048,12,1,hbm_compute
9119350900,CXL,2,READ,0x300684000000,17301504,13,2,cxl_expert_access
9120355200,CXL,2,READ,0x300686000000,17301504,13,3,cxl_expert_access
9123390300,HBM,0,READ,0x100700000000,2048,14,0,hbm_compute
9123756300,HBM,0,READ,0x100702000000,2048,14,1,hbm_compute
9126459100,HBM,0,READ,0x100780000000,2048,15,0,hbm_compute
9127716400,CXL,2,READ,0x300784000000,17301504,15,2,cxl_expert_access
9130993100,HBM,0,READ,0x100802000000,2048,16,1,hbm_compute
9132810500,CXL,2,READ,0x300804000000,17301504,16,2,cxl_expert_access
9137062000,CXL,2,READ,0x300884000000,17301504,17,2,cxl_expert_access
9138461200,DRAM,1,TRANSFER,0x200880000000,4096,17,0,dram_hybrid_act
9141881300,DRAM,1,TRANSFER,0x200904000000,4096,18,2,dram_hybrid_act
9143107300,DRAM,1,TRANSFER,0x200902000000,4096,18,1,dram_hybrid_act
9147935700,DRAM,1,TRANSFER,0x200980000000,4096,19,0,dram_hybrid_act
9149942300,DRAM,1,TRANSFER,0x200986000000,4096,19,3,dram_hybrid_act
9153676200,CXL,2,READ,0x300a00000000,17301504,20,0,cxl_expert_access
9154759700,CXL,2,READ,0x300a02000000,17301504,20,1,cxl_expert_access
9158275200,HBM,0,READ,0x100a86000000,2048,21,3,hbm_compute
9160588300,CXL,2,READ,0x300a80000000,17301504,21,0,cxl_expert_access
9165647000,CXL,2,READ,0x300b00000000,17301504,22,0,cxl_expert_access
9166166500,HBM,0,READ,0x100b04000000,2048,22,2,hbm_compute
9169204300,HBM,0,READ,0x100b86000000,2048,23,3,hbm_compute
9169574400,HBM,0,READ,0x100b84000000,2048,23,2,hbm_compute
9178557100,HBM,0,READ,0x100006000000,2048,0,3,hbm_compute
9179467000,DRAM,1,TRANSFER,0x200004000000,4096,0,2,dram_hybrid_act
9183788300,CXL,2,READ,0x300084000000,17301504,1,2,cxl_expert_access
9184513800,HBM,0,READ,0x100082000000,2048,1,1,hbm_compute
9188708100,CXL,2,READ,0x300104000000,17301504,2,2,cxl_expert_access
9190209800,DRAM,1,TRANSFER,0x200102000000,4096,2,1,dram_hybrid_act
9193832500,DRAM,1,TRANSFER,0x200182000000,4096,3,1,dram_hybrid_act
9194885300,DRAM,1,TRANSFER,0x200180000000,4096,3,0,dram_hybrid_act
9199544600,DRAM,1,TRANSFER,0x200206000000,4096,4,3,dram_hybrid_act
9200884800,DRAM,1,TRANSFER,0x200204000000,4096,4,2,dram_hybrid_act
9204972700,CXL,2,READ,0x300282000000,17301504,5,1,cxl_expert_access
9206724100,DRAM,1,TRANSFER,0x200284000000,4096,5,2,dram_hybrid_act
9210233800,HBM,0,READ,0x100306000000,2048,6,3,hbm_compute
9211170000,CXL,2,READ,0x300300000000,17301504,6,0,cxl_expert_access
9216046800,CXL,2,READ,0x300380000000,17301504,7,0,cxl_expert_access
9218375000,CXL,2,READ,0x300386000000,17301504,7,3,cxl_expert_access
9222381400,CXL,2,READ,0x300400000000,17301504,8,0,cxl_expert_access
9223101700,HBM,0,READ,0x100402000000,2048,8,1,hbm_compute
9226249100,HBM,0,READ,0x100482000000,2048,9,1,hbm_compute
9227131500,DRAM,1,TRANSFER,0x200484000000,4096,9,2,dram_hybrid_act
9230847800,DRAM,1,TRANSFER,0x200502000000,4096,10,1,dram_hybrid_act
9231407100,HBM,0,READ,0x100504000000,2048,10,2,hbm_compute
9235830000,CXL,2,READ,0x300580000000,17301504,11,0,cxl_expert_access
9238180700,CXL,2,READ,0x300586000000,17301504,11,3,cxl_expert_access
9242418400,CXL,2,READ,0x300604000000,17301504,12,2,cxl_expert_access
9242839800,HBM,0,READ,0x100602000000,2048,12,1,hbm_compute
9246196700,CXL,2,READ,0x300684000000,17301504,13,2,cxl_expert_access
9247139000,CXL,2,READ,0x300686000000,17301504,13,3,cxl_expert_access
9251435300,DRAM,1,TRANSFER,0x200706000000,4096,14,3,dram_hybrid_act
9253428000,CXL,2,READ,0x300704000000,17301504,14,2,cxl_expert_access
9256908300,HBM,0,READ,0x100782000000,2048,15,1,hbm_compute
9257340800,HBM,0,READ,0x100780000000,2048,15,0,hbm_compute
9260502500,HBM,0,READ,0x100802000000,2048,16,1,hbm_compute
9262043200,CXL,2,READ,0x300806000000,17301504,16,3,cxl_expert_access
9267034800,CXL,2,READ,0x300884000000,17301504,17,2,cxl_expert_access
9267696400,HBM,0,READ,0x100882000000,2048,17,1,hbm_compute
9272425400,DRAM,1,TRANSFER,0x200902000000,4096,18,1,dram_hybrid_act
9274389400,DRAM,1,TRANSFER,0x200900000000,4096,18,0,dram_hybrid_act
9280085800,CXL,2,READ,0x300982000000,17301504,19,1,cxl_expert_access
9282070700,DRAM,1,TRANSFER,0x200980000000,4096,19,0,dram_hybrid_act
9287557700,CXL,2,READ,0x300a00000000,17301504,20,0,cxl_expert_access
9289333600,CXL,2,READ,0x300a02000000,17301504,20,1,cxl_expert_access
9292374200,HBM,0,READ,0x100a86000000,2048,21,3,hbm_compute
9294347800,CXL,2,READ,0x300a80000000,17301504,21,0,cxl_expert_access
9298243000,HBM,0,READ,0x100b04000000,2048,22,2,hbm_compute
9300271500,CXL,2,READ,0x300b02000000,17301504,22,1,cxl_expert_access
9304721200,CXL,2,READ,0x300b80000000,17301504,23,0,cxl_expert_access
9305378300,HBM,0,READ,0x100b86000000,2048,23,3,hbm_compute
9905443300,DRAM,1,TRANSFER,0x200004000000,4096,0,2,dram_hybrid_act
9907401800,DRAM,1,TRANSFER,0x200000000000,4096,0,0,dram_hybrid_act
9911425100,HBM,0,READ,0x100082000000,2048,1,1,hbm_compute
9912459200,CXL,2,READ,0x300084000000,17301504,1,2,cxl_expert_access
9915661600,HBM,0,READ,0x100100000000,2048,2,0,hbm_compute
9917325200,DRAM,1,TRANSFER,0x200106000000,4096,2,3,dram_hybrid_act
9920308900,HBM,0,READ,0x100186000000,2048,3,3,hbm_compute
9922151100,DRAM,1,TRANSFER,0x200182000000,4096,3,1,dram_hybrid_act
9927102800,CXL,2,READ,0x300202000000,17301504,4,1,cxl_expert_access
9928368000,DRAM,1,TRANSFER,0x200204000000,4096,4,2,dram_hybrid_act
9932823500,CXL,2,READ,0x300280000000,17301504,5,0,cxl_expert_access
9933349400,HBM,0,READ,0x100286000000,2048,5,3,hbm_compute
9937686900,DRAM,1,TRANSFER,0x200302000000,4096,6,1,dram_hybrid_act
9939361700,DRAM,1,TRANSFER,0x200304000000,4096,6,2,dram_hybrid_act
9942936800,HBM,0,READ,0x100382000000,2048,7,1,hbm_compute
9943900900,CXL,2,READ,0x300380000000,17301504,7,0,cxl_expert_access
9947327300,HBM,0,READ,0x100402000000,2048,8,1,hbm_compute
9949158000,CXL,2,READ,0x300406000000,17301504,8,3,cxl_expert_access
9954437100,CXL,2,READ,0x300486000000,17301504,9,3,cxl_expert_access
9954916400,HBM,0,READ,0x100482000000,2048,9,1,hbm_compute
9958146200,HBM,0,READ,0x100504000000,2048,10,2,hbm_compute
9959351000,DRAM,1,TRANSFER,0x200500000000,4096,10,0,dram_hybrid_act
9962992900,HBM,0,READ,0x100584000000,2048,11,2,hbm_compute
9964571400,CXL,2,READ,0x300586000000,17301504,11,3,cxl_expert_access
9969517000,CXL,2,READ,0x300604000000,17301504,12,2,cxl_expert_access
9970083500,HBM,0,READ,0x100602000000,2048,12,1,hbm_compute
9975097500,CXL,2,READ,0x300686000000,17301504,13,3,cxl_expert_access
9975697100,HBM,0,READ,0x100680000000,2048,13,0,hbm_compute
9979024700,HBM,0,READ,0x100700000000,2048,14,0,hbm_compute
9979459600,HBM,0,READ,0x100702000000,2048,14,1,hbm_compute
9982231600,HBM,0,READ,0x100780000000,2048,15,0,hbm_compute
9982604100,HBM,0,READ,0x100782000000,2048,15,1,hbm_compute
9985402600,HBM,0,READ,0x100800000000,2048,16,0,hbm_compute
9985776500,HBM,0,READ,0x100802000000,2048,16,1,hbm_compute
9988766800,HBM,0,READ,0x100886000000,2048,17,3,hbm_compute
9990744300,DRAM,1,TRANSFER,0x200880000000,4096,17,0,dram_hybrid_act
9995308400,DRAM,1,TRANSFER,0x200900000000,4096,18,0,dram_hybrid_act
9996288100,DRAM,1,TRANSFER,0x200904000000,4096,18,2,dram_hybrid_act
9999560500,HBM,0,READ,0x100984000000,2048,19,2,hbm_compute
10001366500,DRAM,1,TRANSFER,0x200986000000,4096,19,3,dram_hybrid_act
10006235100,CXL,2,READ,0x300a02000000,17301504,20,1,cxl_expert_access
10008217900,CXL,2,READ,0x300a00000000,17301504,20,0,cxl_expert_access
10011652000,HBM,0,READ,0x100a86000000,2048,21,3,hbm_compute
10012667500,CXL,2,READ,0x300a80000000,17301504,21,0,cxl_expert_access
10017337300,CXL,2,READ,0x300b02000000,17301504,22,1,cxl_expert_access
10017877900,HBM,0,READ,0x100b06000000,2048,22,3,hbm_compute
10021247400,HBM,0,READ,0x100b84000000,2048,23,2,hbm_compute
10021713300,HBM,0,READ,0x100b86000000,2048,23,3,hbm_compute
10030369500,CXL,2,READ,0x300002000000,17301504,0,1,cxl_expert_access
10032186500,DRAM,1,TRANSFER,0x200004000000,4096,0,2,dram_hybrid_act
10035991000,HBM,0,READ,0x100082000000,2048,1,1,hbm_compute
10037658400,CXL,2,READ,0x300084000000,17301504,1,2,cxl_expert_access
10040591100,HBM,0,READ,0x100100000000,2048,2,0,hbm_compute
10042289500,CXL,2,READ,0x300104000000,17301504,2,2,cxl_expert_access
10045835000,DRAM,1,TRANSFER,0x200182000000,4096,3,1,dram_hybrid_act
10046764300,CXL,2,READ,0x300184000000,17301504,3,2,cxl_expert_access
10051215700,DRAM,1,TRANSFER,0x200204000000,4096,4,2,dram_hybrid_act
10053423300,CXL,2,READ,0x300202000000,17301504,4,1,cxl_expert_access
10058477800,CXL,2,READ,0x300280000000,17301504,5,0,cxl_expert_access
10059016800,HBM,0,READ,0x100286000000,2048,5,3,hbm_compute
10062705400,DRAM,1,TRANSFER,0x200304000000,4096,6,2,dram_hybrid_act
10064585300,CXL,2,READ,0x300300000000,17301504,6,0,cxl_expert_access
10068057800,HBM,0,READ,0x100382000000,2048,7,1,hbm_compute
10069817100,CXL,2,READ,0x300380000000,17301504,7,0,cxl_expert_access
10074240600,CXL,2,READ,0x300406000000,17301504,8,3,cxl_expert_access
10076029000,CXL,2,READ,0x300400000000,17301504,8,0,cxl_expert_access
10082079300,CXL,2,READ,0x300486000000,17301504,9,3,cxl_expert_access
10084070000,DRAM,1,TRANSFER,0x200480000000,4096,9,0,dram_hybrid_act
10087795100,HBM,0,READ,0x100504000000,2048,10,2,hbm_compute
10089647700,CXL,2,READ,0x300506000000,17301504,10,3,cxl_expert_access
10093464000,HBM,0,READ,0x100582000000,2048,11,1,hbm_compute
10095050000,CXL,2,READ,0x300586000000,17301504,11,3,cxl_expert_access
10099963000,CXL,2,READ,0x300604000000,17301504,12,2,cxl_expert_access
10100681000,HBM,0,READ,0x100602000000,2048,12,1,hbm_compute
10105084800,CXL,2,READ,0x300686000000,17301504,13,3,cxl_expert_access
10105590900,HBM,0,READ,0x100680000000,2048,13,0,hbm_compute
10108365800,HBM,0,READ,0x100700000000,2048,14,0,hbm_compute
10108734500,HBM,0,READ,0x100702000000,2048,14,1,hbm_compute
10111738300,HBM,0,READ,0x100782000000,2048,15,1,hbm_compute
10112935900,CXL,2,READ,0x300784000000,17301504,15,2,cxl_expert_access
10116393300,HBM,0,READ,0x100800000000,2048,16,0,hbm_compute
10116768500,HBM,0,READ,0x100802000000,2048,16,1,hbm_compute
10121056800,DRAM,1,TRANSFER,0x200880000000,4096,17,0,dram_hybrid_act
10121599700,HBM,0,READ,0x100886000000,2048,17,3,hbm_compute
10125914500,DRAM,1,TRANSFER,0x200900000000,4096,18,0,dram_hybrid_act
10126848700,DRAM,1,TRANSFER,0x200904000000,4096,18,2,dram_hybrid_act
10130992500,DRAM,1,TRANSFER,0x200980000000,4096,19,0,dram_hybrid_act
10132869700,CXL,2,READ,0x300982000000,17301504,19,1,cxl_expert_access
10137841100,CXL,2,READ,0x300a02000000,17301504,20,1,cxl_expert_access
10138409100,HBM,0,READ,0x100a04000000,2048,20,2,hbm_compute
10141446100,HBM,0,READ,0x100a86000000,2048,21,3,hbm_compute
10141833700,HBM,0,READ,0x100a84000000,2048,21,2,hbm_compute
10145443200,CXL,2,READ,0x300b02000000,17301504,22,1,cxl_expert_access
10146486900,CXL,2,READ,0x300b00000000,17301504,22,0,cxl_expert_access
10149814600,HBM,0,READ,0x100b84000000,2048,23,2,hbm_compute
10150209500,HBM,0,READ,0x100b86000000,2048,23,3,hbm_compute
10158539500,HBM,0,READ,0x100006000000,2048,0,3,hbm_compute
10159814800,DRAM,1,TRANSFER,0x200004000000,4096,0,2,dram_hybrid_act
10162795100,HBM,0,READ,0x100080000000,2048,1,0,hbm_compute
10163174100,HBM,0,READ,0x100082000000,2048,1,1,hbm_compute
10167394400,DRAM,1,TRANSFER,0x200106000000,4096,2,3,dram_hybrid_act
10167974900,HBM,0,READ,0x100100000000,2048,2,0,hbm_compute
10172361400,DRAM,1,TRANSFER,0x200182000000,4096,3,1,dram_hybrid_act
10173180500,HBM,0,READ,0x100186000000,2048,3,3,hbm_compute
10176910600,DRAM,1,TRANSFER,0x200204000000,4096,4,2,dram_hybrid_act
10178110600,CXL,2,READ,0x300202000000,17301504,4,1,cxl_expert_access
10183110800,CXL,2,READ,0x300280000000,17301504,5,0,cxl_expert_access
10183725500,HBM,0,READ,0x100286000000,2048,5,3,hbm_compute
10188596000,DRAM,1,TRANSFER,0x200302000000,4096,6,1,dram_hybrid_act
10190637100,DRAM,1,TRANSFER,0x200304000000,4096,6,2,dram_hybrid_act
10194821600,HBM,0,READ,0x100382000000,2048,7,1,hbm_compute
10195795100,CXL,2,READ,0x300380000000,17301504,7,0,cxl_expert_access
10201267400,CXL,2,READ,0x300406000000,17301504,8,3,cxl_expert_access
10201960500,HBM,0,READ,0x100404000000,2048,8,2,hbm_compute
10207299500,CXL,2,READ,0x300486000000,17301504,9,3,cxl_expert_access
10209191900,DRAM,1,TRANSFER,0x200480000000,4096,9,0,dram_hybrid_act
10213451200,HBM,0,READ,0x100504000000,2048,10,2,hbm_compute
10215334200,DRAM,1,TRANSFER,0x200502000000,4096,10,1,dram_hybrid_act
10219446100,HBM,0,READ,0x100582000000,2048,11,1,hbm_compute
10219934800,HBM,0,READ,0x100584000000,2048,11,2,hbm_compute
10225386900,CXL,2,READ,0x300604000000,17301504,12,2,cxl_expert_access
10226437100,CXL,2,READ,0x300606000000,17301504,12,3,cxl_expert_access
10231236000,CXL,2,READ,0x300686000000,17301504,13,3,cxl_expert_access
10233096400,CXL,2,READ,0x300684000000,17301504,13,2,cxl_expert_access
10236663200,HBM,0,READ,0x100700000000,2048,14,0,hbm_compute
10237120200,HBM,0,READ,0x100702000000,2048,14,1,hbm_compute
10239893600,HBM,0,READ,0x100780000000,2048,15,0,hbm_compute
10240265100,HBM,0,READ,0x100782000000,2048,15,1,hbm_compute
10242855700,HBM,0,READ,0x100802000000,2048,16,1,hbm_compute
10243203100,HBM,0,READ,0x100800000000,2048,16,0,hbm_compute
10246521200,DRAM,1,TRANSFER,0x200880000000,4096,17,0,dram_hybrid_act
10248284400,CXL,2,READ,0x300884000000,17301504,17,2,cxl_expert_access
10253478600,DRAM,1,TRANSFER,0x200906000000,4096,18,3,dram_hybrid_act
10255521600,DRAM,1,TRANSFER,0x200902000000,4096,18,1,dram_hybrid_act
10259942700,DRAM,1,TRANSFER,0x200986000000,4096,19,3,dram_hybrid_act
10260933000,CXL,2,READ,0x300982000000,17301504,19,1,cxl_expert_access
10266520800,CXL,2,READ,0x300a02000000,17301504,20,1,cxl_expert_access
10268932300,DRAM,1,TRANSFER,0x200a06000000,4096,20,3,dram_hybrid_act
10272470900,HBM,0,READ,0x100a86000000,2048,21,3,hbm_compute
10274314500,CXL,2,READ,0x300a80000000,17301504,21,0,cxl_expert_access
10277274500,HBM,0,READ,0x100b04000000,2048,22,2,hbm_compute
10278397600,CXL,2,READ,0x300b00000000,17301504,22,0,cxl_expert_access
10283126600,CXL,2,READ,0x300b80000000,17301504,23,0,cxl_expert_access
10283772800,HBM,0,READ,0x100b84000000,2048,23,2,hbm_compute
10292857800,CXL,2,READ,0x300002000000,17301504,0,1,cxl_expert_access
10293382800,HBM,0,READ,0x100006000000,2048,0,3,hbm_compute
10296568000,HBM,0,READ,0x100082000000,2048,1,1,hbm_compute
10298194000,CXL,2,READ,0x300084000000,17301504,1,2,cxl_expert_access
10301502600,HBM,0,READ,0x100100000000,2048,2,0,hbm_compute
10303252000,DRAM,1,TRANSFER,0x200102000000,4096,2,1,dram_hybrid_act
10307665100,CXL,2,READ,0x300184000000,17301504,3,2,cxl_expert_access
10309277400,DRAM,1,TRANSFER,0x200180000000,4096,3,0,dram_hybrid_act
10312932100,DRAM,1,TRANSFER,0x200206000000,4096,4,3,dram_hybrid_act
10314279700,DRAM,1,TRANSFER,0x200204000000,4096,4,2,dram_hybrid_act
10317918300,HBM,0,READ,0x100286000000,2048,5,3,hbm_compute
10319790700,CXL,2,READ,0x300280000000,17301504,5,0,cxl_expert_access
10324335700,CXL,2,READ,0x300300000000,17301504,6,0,cxl_expert_access
10326017200,DRAM,1,TRANSFER,0x200304000000,4096,6,2,dram_hybrid_act
10330153400,CXL,2,READ,0x300380000000,17301504,7,0,cxl_expert_access
10331899500,CXL,2,READ,0x300386000000,17301504,7,3,cxl_expert_access
10336058700,HBM,0,READ,0x100404000000,2048,8,2,hbm_compute
10337761400,CXL,2,READ,0x300406000000,17301504,8,3,cxl_expert_access
10342371700,DRAM,1,TRANSFER,0x200484000000,4096,9,2,dram_hybrid_act
10343474400,CXL,2,READ,0x300486000000,17301504,9,3,cxl_expert_access
10347473900,CXL,2,READ,0x300506000000,17301504,10,3,cxl_expert_access
10349376500,DRAM,1,TRANSFER,0x200502000000,4096,10,1,dram_hybrid_act
10353565800,HBM,0,READ,0x100582000000,2048,11,1,hbm_compute
10355512200,CXL,2,READ,0x300580000000,17301504,11,0,cxl_expert_access
10358181000,HBM,0,READ,0x100602000000,2048,12,1,hbm_compute
10359845800,CXL,2,READ,0x300604000000,17301504,12,2,cxl_expert_access
10363638100,CXL,2,READ,0x300684000000,17301504,13,2,cxl_expert_access
10364084200,HBM,0,READ,0x100680000000,2048,13,0,hbm_compute
10368344000,DRAM,1,TRANSFER,0x200706000000,4096,14,3,dram_hybrid_act
10368898200,HBM,0,READ,0x100702000000,2048,14,1,hbm_compute
10371839100,HBM,0,READ,0x100782000000,2048,15,1,hbm_compute
10373611300,CXL,2,READ,0x300784000000,17301504,15,2,cxl_expert_access
10377172100,HBM,0,READ,0x100802000000,2048,16,1,hbm_compute
10377516700,HBM,0,READ,0x100800000000,2048,16,0,hbm_compute
10380222300,HBM,0,READ,0x100886000000,2048,17,3,hbm_compute
10382014500,CXL,2,READ,0x300884000000,17301504,17,2,cxl_expert_access
10386708100,DRAM,1,TRANSFER,0x200906000000,4096,18,3,dram_hybrid_act
10388533600,DRAM,1,TRANSFER,0x200900000000,4096,18,0,dram_hybrid_act
10392982900,CXL,2,READ,0x300982000000,17301504,19,1,cxl_expert_access
10393920400,DRAM,1,TRANSFER,0x200980000000,4096,19,0,dram_hybrid_act
10396815800,HBM,0,READ,0x100a04000000,2048,20,2,hbm_compute
10398449600,CXL,2,READ,0x300a00000000,17301504,20,0,cxl_expert_access
10402888900,CXL,2,READ,0x300a80000000,17301504,21,0,cxl_expert_access
10403450800,HBM,0,READ,0x100a84000000,2048,21,2,hbm_compute
10408233700,CXL,2,READ,0x300b02000000,17301504,22,1,cxl_expert_access
10409344100,CXL,2,READ,0x300b00000000,17301504,22,0,cxl_expert_access
10412514400,HBM,0,READ,0x100b86000000,2048,23,3,hbm_compute
10412938900,HBM,0,READ,0x100b84000000,2048,23,2,hbm_compute
10420943800,HBM,0,READ,0x100006000000,2048,0,3,hbm_compute
10423390700,DRAM,1,TRANSFER,0x200000000000,4096,0,0,dram_hybrid_act
10427554500,CXL,2,READ,0x300084000000,17301504,1,2,cxl_expert_access
10428012300,HBM,0,READ,0x100082000000,2048,1,1,hbm_compute
10430869900,HBM,0,READ,0x100100000000,2048,2,0,hbm_compute
10432543200,DRAM,1,TRANSFER,0x200102000000,4096,2,1,dram_hybrid_act
10436998000,DRAM,1,TRANSFER,0x200182000000,4096,3,1,dram_hybrid_act
10439044500,DRAM,1,TRANSFER,0x200180000000,4096,3,0,dram_hybrid_act
10442943100,DRAM,1,TRANSFER,0x200204000000,4096,4,2,dram_hybrid_act
10443431800,HBM,0,READ,0x100200000000,2048,4,0,hbm_compute
10447158300,DRAM,1,TRANSFER,0x200284000000,4096,5,2,dram_hybrid_act
10448858500,CXL,2,READ,0x300282000000,17301504,5,1,cxl_expert_access
10453802700,DRAM,1,TRANSFER,0x200302000000,4096,6,1,dram_hybrid_act
10454437600,HBM,0,READ,0x100306000000,2048,6,3,hbm_compute
10458485800,CXL,2,READ,0x300380000000,17301504,7,0,cxl_expert_access
10459648900,CXL,2,READ,0x300386000000,17301504,7,3,cxl_expert_access
10462782900,HBM,0,READ,0x100404000000,2048,8,2,hbm_compute
10464664600,CXL,2,READ,0x300406000000,17301504,8,3,cxl_expert_access
10469578700,CXL,2,READ,0x300486000000,17301504,9,3,cxl_expert_access
10470280300,HBM,0,READ,0x100482000000,2048,9,1,hbm_compute
10474906600,DRAM,1,TRANSFER,0x200502000000,4096,10,1,dram_hybrid_act
10475390900,HBM,0,READ,0x100504000000,2048,10,2,hbm_compute
10479102700,CXL,2,READ,0x300580000000,17301504,11,0,cxl_expert_access
10480705100,CXL,2,READ,0x300586000000,17301504,11,3,cxl_expert_access
10486018100,CXL,2,READ,0x300606000000,17301504,12,3,cxl_expert_access
10486656800,HBM,0,READ,0x100600000000,2048,12,0,hbm_compute
10491697900,CXL,2,READ,0x300684000000,17301504,13,2,cxl_expert_access
10492194600,HBM,0,READ,0x100680000000,2048,13,0,hbm_compute
10495865800,HBM,0,READ,0x100702000000,2048,14,1,hbm_compute
10496258800,HBM,0,READ,0x100700000000,2048,14,0,hbm_compute
10500676700,CXL,2,READ,0x300784000000,17301504,15,2,cxl_expert_access
10501540100,HBM,0,READ,0x100780000000,2048,15,0,hbm_compute
10507289000,CXL,2,READ,0x300806000000,17301504,16,3,cxl_expert_access
10507900500,HBM,0,READ,0x100802000000,2048,16,1,hbm_compute
10513223000,CXL,2,READ,0x300884000000,17301504,17,2,cxl_expert_access
10513756000,HBM,0,READ,0x100882000000,2048,17,1,hbm_compute
10517472000,DRAM,1,TRANSFER,0x200902000000,4096,18,1,dram_hybrid_act
10519143400,DRAM,1,TRANSFER,0x200906000000,4096,18,3,dram_hybrid_act
10522309500,DRAM,1,TRANSFER,0x200986000000,4096,19,3,dram_hybrid_act
10523201000,CXL,2,READ,0x300982000000,17301504,19,1,cxl_expert_access
10526320100,HBM,0,READ,0x100a04000000,2048,20,2,hbm_compute
10527830700,CXL,2,READ,0x300a00000000,17301504,20,0,cxl_expert_access
10531376200,HBM,0,READ,0x100a86000000,2048,21,3,hbm_compute
10531731400,HBM,0,READ,0x100a84000000,2048,21,2,hbm_compute
10534686100,HBM,0,READ,0x100b04000000,2048,22,2,hbm_compute
10536482600,CXL,2,READ,0x300b00000000,17301504,22,0,cxl_expert_access
10539688500,HBM,0,READ,0x100b86000000,2048,23,3,hbm_compute
10540066900,HBM,0,READ,0x100b84000000,2048,23,2,hbm_compute
10547822600,HBM,0,READ,0x100006000000,2048,0,3,hbm_compute
10549550700,CXL,2,READ,0x300002000000,17301504,0,1,cxl_expert_access
10552746100,HBM,0,READ,0x100082000000,2048,1,1,hbm_compute
10553108500,HBM,0,READ,0x100080000000,2048,1,0,hbm_compute
10557157400,DRAM,1,TRANSFER,0x200106000000,4096,2,3,dram_hybrid_act
10558890600,CXL,2,READ,0x300104000000,17301504,2,2,cxl_expert_access
10562752000,DRAM,1,TRANSFER,0x200180000000,4096,3,0,dram_hybrid_act
10563215700,HBM,0,READ,0x100186000000,2048,3,3,hbm_compute
10567490400,DRAM,1,TRANSFER,0x200204000000,4096,4,2,dram_hybrid_act
10568026300,HBM,0,READ,0x100200000000,2048,4,0,hbm_compute
10572120200,DRAM,1,TRANSFER,0x200284000000,4096,5,2,dram_hybrid_act
10574272800,CXL,2,READ,0x300280000000,17301504,5,0,cxl_expert_access
10577554000,HBM,0,READ,0x100306000000,2048,6,3,hbm_compute
10578976700,CXL,2,READ,0x300300000000,17301504,6,0,cxl_expert_access
10582463000,HBM,0,READ,0x100384000000,2048,7,2,hbm_compute
10582906100,HBM,0,READ,0x100382000000,2048,7,1,hbm_compute
10587626900,CXL,2,READ,0x300400000000,17301504,8,0,cxl_expert_access
10588348900,HBM,0,READ,0x100404000000,2048,8,2,hbm_compute
10592849100,CXL,2,READ,0x300486000000,17301504,9,3,cxl_expert_access
10593521700,HBM,0,READ,0x100482000000,2048,9,1,hbm_compute
10597445300,DRAM,1,TRANSFER,0x200502000000,4096,10,1,dram_hybrid_act
10599434600,CXL,2,READ,0x300506000000,17301504,10,3,cxl_expert_access
10603106900,HBM,0,READ,0x100584000000,2048,11,2,hbm_compute
10604857700,CXL,2,READ,0x300580000000,17301504,11,0,cxl_expert_access
10607996100,HBM,0,READ,0x100600000000,2048,12,0,hbm_compute
10609636900,CXL,2,READ,0x300604000000,17301504,12,2,cxl_expert_access
10614922400,CXL,2,READ,0x300684000000,17301504,13,2,cxl_expert_access
10615641600,HBM,0,READ,0x100680000000,2048,13,0,hbm_compute
10618918300,HBM,0,READ,0x100700000000,2048,14,0,hbm_compute
10619293300,HBM,0,READ,0x100702000000,2048,14,1,hbm_compute
10623592700,CXL,2,READ,0x300784000000,17301504,15,2,cxl_expert_access
10624180000,HBM,0,READ,0x100782000000,2048,15,1,hbm_compute
10628023000,CXL,2,READ,0x300806000000,17301504,16,3,cxl_expert_access
10628571200,HBM,0,READ,0x100802000000,2048,16,1,hbm_compute
10631658900,HBM,0,READ,0x100886000000,2048,17,3,hbm_compute
10632046400,HBM,0,READ,0x100882000000,2048,17,1,hbm_compute
10636301100,DRAM,1,TRANSFER,0x200906000000,4096,18,3,dram_hybrid_act
10638039200,DRAM,1,TRANSFER,0x200902000000,4096,18,1,dram_hybrid_act
10643201100,DRAM,1,TRANSFER,0x200986000000,4096,19,3,dram_hybrid_act
10645321800,DRAM,1,TRANSFER,0x200980000000,4096,19,0,dram_hybrid_act
10650406600,CXL,2,READ,0x300a00000000,17301504,20,0,cxl_expert_access
10650972300,HBM,0,READ,0x100a04000000,2048,20,2,hbm_compute
10654010800,HBM,0,READ,0x100a86000000,2048,21,3,hbm_compute
10654380900,HBM,0,READ,0x100a84000000,2048,21,2,hbm_compute
10657655600,HBM,0,READ,0x100b04000000,2048,22,2,hbm_compute
10659376800,CXL,2,READ,0x300b02000000,17301504,22,1,cxl_expert_access
10663140800,CXL,2,READ,0x300b82000000,17301504,23,1,cxl_expert_access
10663665500,HBM,0,READ,0x100b86000000,2048,23,3,hbm_compute
10673744600,CXL,2,READ,0x300002000000,17301504,0,1,cxl_expert_access
10675430700,DRAM,1,TRANSFER,0x200004000000,4096,0,2,dram_hybrid_act
10678814800,HBM,0,READ,0x100082000000,2048,1,1,hbm_compute
10679179600,HBM,0,READ,0x100080000000,2048,1,0,hbm_compute
10683107900,DRAM,1,TRANSFER,0x200102000000,4096,2,1,dram_hybrid_act
10684141500,DRAM,1,TRANSFER,0x200106000000,4096,2,3,dram_hybrid_act
10688422200,DRAM,1,TRANSFER,0x200180000000,4096,3,0,dram_hybrid_act
10689562600,DRAM,1,TRANSFER,0x200182000000,4096,3,1,dram_hybrid_act
10693398300,DRAM,1,TRANSFER,0x200206000000,4096,4,3,dram_hybrid_act
10693794900,HBM,0,READ,0x100200000000,2048,4,0,hbm_compute
10698401600,DRAM,1,TRANSFER,0x200284000000,4096,5,2,dram_hybrid_act
10700226000,CXL,2,READ,0x300280000000,17301504,5,0,cxl_expert_access
10703764600,HBM,0,READ,0x100306000000,2048,6,3,hbm_compute
10705762200,CXL,2,READ,0x300300000000,17301504,6,0,cxl_expert_access
10709415500,CXL,2,READ,0x300386000000,17301504,7,3,cxl_expert_access
10709884300,HBM,0,READ,0x100384000000,2048,7,2,hbm_compute
10713312800,CXL,2,READ,0x300400000000,17301504,8,0,cxl_expert_access
10715223500,CXL,2,READ,0x300406000000,17301504,8,3,cxl_expert_access
10718950300,HBM,0,READ,0x100482000000,2048,9,1,hbm_compute
10720983200,CXL,2,READ,0x300486000000,17301504,9,3,cxl_expert_access
10725255500,DRAM,1,TRANSFER,0x200502000000,4096,10,1,dram_hybrid_act
10725830100,HBM,0,READ,0x100504000000,2048,10,2,hbm_compute
10728700200,HBM,0,READ,0x100584000000,2048,11,2,hbm_compute
10729628200,CXL,2,READ,0x300580000000,17301504,11,0,cxl_expert_access
10732671300,HBM,0,READ,0x100600000000,2048,12,0,hbm_compute
10733046200,HBM,0,READ,0x100602000000,2048,12,1,hbm_compute
10736058500,HBM,0,READ,0x100680000000,2048,13,0,hbm_compute
10737957200,CXL,2,READ,0x300684000000,17301504,13,2,cxl_expert_access
10741095800,HBM,0,READ,0x100702000000,2048,14,1,hbm_compute
10742665900,CXL,2,READ,0x300704000000,17301504,14,2,cxl_expert_access
10745691000,HBM,0,READ,0x100780000000,2048,15,0,hbm_compute
10746624400,CXL,2,READ,0x300784000000,17301504,15,2,cxl_expert_access
10751383000,CXL,2,READ,0x300806000000,17301504,16,3,cxl_expert_access
10751990100,HBM,0,READ,0x100802000000,2048,16,1,hbm_compute
10756038600,DRAM,1,TRANSFER,0x200880000000,4096,17,0,dram_hybrid_act
10756590500,HBM,0,READ,0x100886000000,2048,17,3,hbm_compute
10759909500,DRAM,1,TRANSFER,0x200902000000,4096,18,1,dram_hybrid_act
10760830700,DRAM,1,TRANSFER,0x200906000000,4096,18,3,dram_hybrid_act
10764511600,DRAM,1,TRANSFER,0x200986000000,4096,19,3,dram_hybrid_act
10765908100,DRAM,1,TRANSFER,0x200980000000,4096,19,0,dram_hybrid_act
10769391400,HBM,0,READ,0x100a04000000,2048,20,2,hbm_compute
10771152900,CXL,2,READ,0x300a02000000,17301504,20,1,cxl_expert_access
10774561700,HBM,0,READ,0x100a84000000,2048,21,2,hbm_compute
10774929000,HBM,0,READ,0x100a86000000,2048,21,3,hbm_compute
10777568600,HBM,0,READ,0x100b04000000,2048,22,2,hbm_compute
10778620500,CXL,2,READ,0x300b00000000,17301504,22,0,cxl_expert_access
10783267300,CXL,2,READ,0x300b80000000,17301504,23,0,cxl_expert_access
10783870000,HBM,0,READ,0x100b86000000,2048,23,3,hbm_compute
10791648700,HBM,0,READ,0x100006000000,2048,0,3,hbm_compute
10793133700,CXL,2,READ,0x300002000000,17301504,0,1,cxl_expert_access
10796141000,HBM,0,READ,0x100082000000,2048,1,1,hbm_compute
10797029800,CXL,2,READ,0x300084000000,17301504,1,2,cxl_expert_access
10801248100,DRAM,1,TRANSFER,0x200102000000,4096,2,1,dram_hybrid_act
10802971100,CXL,2,READ,0x300104000000,17301504,2,2,cxl_expert_access
10807201700,DRAM,1,TRANSFER,0x200180000000,4096,3,0,dram_hybrid_act
10808612400,DRAM,1,TRANSFER,0x200182000000,4096,3,1,dram_hybrid_act
10811879300,DRAM,1,TRANSFER,0x200206000000,4096,4,3,dram_hybrid_act
10812981800,CXL,2,READ,0x300202000000,17301504,4,1,cxl_expert_access
10817482400,CXL,2,READ,0x300280000000,17301504,5,0,cxl_expert_access
10819240600,CXL,2,READ,0x300282000000,17301504,5,1,cxl_expert_access
10822148800,HBM,0,READ,0x100306000000,2048,6,3,hbm_compute
10823501800,CXL,2,READ,0x300300000000,17301504,6,0,cxl_expert_access
10826604000,HBM,0,READ,0x100384000000,2048,7,2,hbm_compute
10827735300,CXL,2,READ,0x300386000000,17301504,7,3,cxl_expert_access
10832080700,CXL,2,READ,0x300400000000,17301504,8,0,cxl_expert_access
10832647500,HBM,0,READ,0x100404000000,2048,8,2,hbm_compute
10835646700,HBM,0,READ,0x100482000000,2048,9,1,hbm_compute
10837392500,DRAM,1,TRANSFER,0x200480000000,4096,9,0,dram_hybrid_act
10841799400,DRAM,1,TRANSFER,0x200502000000,4096,10,1,dram_hybrid_act
10842460600,HBM,0,READ,0x100504000000,2048,10,2,hbm_compute
10845613600,HBM,0,READ,0x100584000000,2048,11,2,hbm_compute
10846492200,CXL,2,READ,0x300580000000,17301504,11,0,cxl_expert_access
10851402400,CXL,2,READ,0x300604000000,17301504,12,2,cxl_expert_access
10851943300,HBM,0,READ,0x100600000000,2048,12,0,hbm_compute
10855038500,HBM,0,READ,0x100680000000,2048,13,0,hbm_compute
10856822200,CXL,2,READ,0x300684000000,17301504,13,2,cxl_expert_access
10860151000,HBM,0,READ,0x100700000000,2048,14,0,hbm_compute
10860657700,HBM,0,READ,0x100702000000,2048,14,1,hbm_compute
10864116600,HBM,0,READ,0x100780000000,2048,15,0,hbm_compute
10866005500,CXL,2,READ,0x300784000000,17301504,15,2,cxl_expert_access
10870659200,CXL,2,READ,0x300806000000,17301504,16,3,cxl_expert_access
10871184900,HBM,0,READ,0x100802000000,2048,16,1,hbm_compute
10875729600,DRAM,1,TRANSFER,0x200880000000,4096,17,0,dram_hybrid_act
10876671100,CXL,2,READ,0x300884000000,17301504,17,2,cxl_expert_access
10880691600,DRAM,1,TRANSFER,0x200906000000,4096,18,3,dram_hybrid_act
10882387100,DRAM,1,TRANSFER,0x200900000000,4096,18,0,dram_hybrid_act
10886960600,DRAM,1,TRANSFER,0x200986000000,4096,19,3,dram_hybrid_act
10889307200,CXL,2,READ,0x300982000000,17301504,19,1,cxl_expert_access
10892802900,HBM,0,READ,0x100a04000000,2048,20,2,hbm_compute
10893739900,DRAM,1,TRANSFER,0x200a06000000,4096,20,3,dram_hybrid_act
10896699800,HBM,0,READ,0x100a84000000,2048,21,2,hbm_compute
10897066700,HBM,0,READ,0x100a86000000,2048,21,3,hbm_compute
10899677500,HBM,0,READ,0x100b04000000,2048,22,2,hbm_compute
10900026700,HBM,0,READ,0x100b06000000,2048,22,3,hbm_compute
10904388300,CXL,2,READ,0x300b82000000,17301504,23,1,cxl_expert_access
10905182300,HBM,0,READ,0x100b86000000,2048,23,3,hbm_compute
10915773900,CXL,2,READ,0x300002000000,17301504,0,1,cxl_expert_access
10916339400,HBM,0,READ,0x100006000000,2048,0,3,hbm_compute
10921074500,CXL,2,READ,0x300086000000,17301504,1,3,cxl_expert_access
10921678700,HBM,0,READ,0x100080000000,2048,1,0,hbm_compute
10924732200,HBM,0,READ,0x100100000000,2048,2,0,hbm_compute
10926577900,DRAM,1,TRANSFER,0x200106000000,4096,2,3,dram_hybrid_act
10930882400,DRAM,1,TRANSFER,0x200182000000,4096,3,1,dram_hybrid_act
10933048000,DRAM,1,TRANSFER,0x200180000000,4096,3,0,dram_hybrid_act
10938622500,DRAM,1,TRANSFER,0x200206000000,4096,4,3,dram_hybrid_act
10939197000,HBM,0,READ,0x100200000000,2048,4,0,hbm_compute
10942149000,HBM,0,READ,0x100286000000,2048,5,3,hbm_compute
10943495600,CXL,2,READ,0x300280000000,17301504,5,0,cxl_expert_access
10947293600,DRAM,1,TRANSFER,0x200304000000,4096,6,2,dram_hybrid_act
10948920300,DRAM,1,TRANSFER,0x200302000000,4096,6,1,dram_hybrid_act
10954328200,CXL,2,READ,0x300380000000,17301504,7,0,cxl_expert_access
10954967200,HBM,0,READ,0x100384000000,2048,7,2,hbm_compute
10959832700,CXL,2,READ,0x300400000000,17301504,8,0,cxl_expert_access
10960282900,HBM,0,READ,0x100404000000,2048,8,2,hbm_compute
10963179200,HBM,0,READ,0x100482000000,2048,9,1,hbm_compute
10965387000,CXL,2,READ,0x300486000000,17301504,9,3,cxl_expert_access
10969724800,DRAM,1,TRANSFER,0x200502000000,4096,10,1,dram_hybrid_act
10971465200,DRAM,1,TRANSFER,0x200500000000,4096,10,0,dram_hybrid_act
10975878500,CXL,2,READ,0x300580000000,17301504,11,0,cxl_expert_access
10976332900,HBM,0,READ,0x100584000000,2048,11,2,hbm_compute
10981062100,CXL,2,READ,0x300606000000,17301504,12,3,cxl_expert_access
10982122700,CXL,2,READ,0x300604000000,17301504,12,2,cxl_expert_access
10986835900,CXL,2,READ,0x300684000000,17301504,13,2,cxl_expert_access
10988562600,CXL,2,READ,0x300686000000,17301504,13,3,cxl_expert_access
10993233100,CXL,2,READ,0x300704000000,17301504,14,2,cxl_expert_access
10993942200,HBM,0,READ,0x100700000000,2048,14,0,hbm_compute
10997537500,CXL,2,READ,0x300784000000,17301504,15,2,cxl_expert_access
10997958400,HBM,0,READ,0x100780000000,2048,15,0,hbm_compute
11000727100,HBM,0,READ,0x100802000000,2048,16,1,hbm_compute
11002472000,CXL,2,READ,0x300806000000,17301504,16,3,cxl_expert_access
11006579000,CXL,2,READ,0x300884000000,17301504,17,2,cxl_expert_access
11008278900,DRAM,1,TRANSFER,0x200880000000,4096,17,0,dram_hybrid_act
11011815300,DRAM,1,TRANSFER,0x200906000000,4096,18,3,dram_hybrid_act
11012820500,DRAM,1,TRANSFER,0x200900000000,4096,18,0,dram_hybrid_act
11015992700,DRAM,1,TRANSFER,0x200986000000,4096,19,3,dram_hybrid_act
11016385100,HBM,0,READ,0x100984000000,2048,19,2,hbm_compute
11018604400,HBM,0,READ,0x100a04000000,2048,20,2,hbm_compute
11019388200,CXL,2,READ,0x300a00000000,17301504,20,0,cxl_expert_access
11022295600,HBM,0,READ,0x100a86000000,2048,21,3,hbm_compute
11023372200,CXL,2,READ,0x300a82000000,17301504,21,1,cxl_expert_access
11026284100,HBM,0,READ,0x100b04000000,2048,22,2,hbm_compute
11026664900,HBM,0,READ,0x100b06000000,2048,22,3,hbm_compute
11029894500,HBM,0,READ,0x100b86000000,2048,23,3,hbm_compute
11030278000,HBM,0,READ,0x100b84000000,2048,23,2,hbm_compute
11039003300,CXL,2,READ,0x300002000000,17301504,0,1,cxl_expert_access
11040461700,DRAM,1,TRANSFER,0x200004000000,4096,0,2,dram_hybrid_act
11043958700,HBM,0,READ,0x100082000000,2048,1,1,hbm_compute
11044425800,HBM,0,READ,0x100080000000,2048,1,0,hbm_compute
11047489500,HBM,0,READ,0x100100000000,2048,2,0,hbm_compute
11049542600,CXL,2,READ,0x300104000000,17301504,2,2,cxl_expert_access
11054952100,DRAM,1,TRANSFER,0x200182000000,4096,3,1,dram_hybrid_act
11056801900,CXL,2,READ,0x300184000000,17301504,3,2,cxl_expert_access
11062236100,DRAM,1,TRANSFER,0x200204000000,4096,4,2,dram_hybrid_act
11064230500,DRAM,1,TRANSFER,0x200206000000,4096,4,3,dram_hybrid_act
11067391200,HBM,0,READ,0x100286000000,2048,5,3,hbm_compute
11069115100,CXL,2,READ,0x300280000000,17301504,5,0,cxl_expert_access
11073762300,DRAM,1,TRANSFER,0x200304000000,4096,6,2,dram_hybrid_act
11074373100,HBM,0,READ,0x100306000000,2048,6,3,hbm_compute
11078805500,CXL,2,READ,0x300380000000,17301504,7,0,cxl_expert_access
11079401000,HBM,0,READ,0x100382000000,2048,7,1,hbm_compute
11083942300,CXL,2,READ,0x300400000000,17301504,8,0,cxl_expert_access
11084477700,HBM,0,READ,0x100404000000,2048,8,2,hbm_compute
11087458000,HBM,0,READ,0x100482000000,2048,9,1,hbm_compute
11089595900,DRAM,1,TRANSFER,0x200480000000,4096,9,0,dram_hybrid_act
11093568400,DRAM,1,TRANSFER,0x200502000000,4096,10,1,dram_hybrid_act
11094057400,HBM,0,READ,0x100504000000,2048,10,2,hbm_compute
11098393500,CXL,2,READ,0x300580000000,17301504,11,0,cxl_expert_access
11098915000,HBM,0,READ,0x100584000000,2048,11,2,hbm_compute
11103307400,CXL,2,READ,0x300606000000,17301504,12,3,cxl_expert_access
11103819700,HBM,0,READ,0x100600000000,2048,12,0,hbm_compute
11108530500,CXL,2,READ,0x300684000000,17301504,13,2,cxl_expert_access
11109491300,CXL,2,READ,0x300686000000,17301504,13,3,cxl_expert_access
11113082600,HBM,0,READ,0x100700000000,2048,14,0,hbm_compute
11114892300,CXL,2,READ,0x300704000000,17301504,14,2,cxl_expert_access
11118116000,HBM,0,READ,0x100780000000,2048,15,0,hbm_compute
11119905400,CXL,2,READ,0x300784000000,17301504,15,2,cxl_expert_access
11123436200,HBM,0,READ,0x100802000000,2048,16,1,hbm_compute
11125239400,CXL,2,READ,0x300806000000,17301504,16,3,cxl_expert_access
11128456900,HBM,0,READ,0x100882000000,2048,17,1,hbm_compute
11129373300,CXL,2,READ,0x300884000000,17301504,17,2,cxl_expert_access
11133934000,DRAM,1,TRANSFER,0x200906000000,4096,18,3,dram_hybrid_act
11135772400,DRAM,1,TRANSFER,0x200900000000,4096,18,0,dram_hybrid_act
11140897400,DRAM,1,TRANSFER,0x200986000000,4096,19,3,dram_hybrid_act
11141383100,HBM,0,READ,0x100984000000,2048,19,2,hbm_compute
11145146600,CXL,2,READ,0x300a00000000,17301504,20,0,cxl_expert_access
11145653600,HBM,0,READ,0x100a04000000,2048,20,2,hbm_compute
11148521500,HBM,0,READ,0x100a86000000,2048,21,3,hbm_compute
11150293900,CXL,2,READ,0x300a80000000,17301504,21,0,cxl_expert_access
11154205800,HBM,0,READ,0x100b04000000,2048,22,2,hbm_compute
11156049000,CXL,2,READ,0x300b00000000,17301504,22,0,cxl_expert_access
11160742500,CXL,2,READ,0x300b80000000,17301504,23,0,cxl_expert_access
11161486500,HBM,0,READ,0x100b86000000,2048,23,3,hbm_compute
11170272500,HBM,0,READ,0x100006000000,2048,0,3,hbm_compute
11172038100,DRAM,1,TRANSFER,0x200004000000,4096,0,2,dram_hybrid_act
11175386000,HBM,0,READ,0x100082000000,2048,1,1,hbm_compute
11177031500,CXL,2,READ,0x300084000000,17301504,1,2,cxl_expert_access
11180996700,CXL,2,READ,0x300104000000,17301504,2,2,cxl_expert_access
11182129500,DRAM,1,TRANSFER,0x200102000000,4096,2,1,dram_hybrid_act
11187465800,DRAM,1,TRANSFER,0x200182000000,4096,3,1,dram_hybrid_act
11189359000,DRAM,1,TRANSFER,0x200180000000,4096,3,0,dram_hybrid_act
11193790000,DRAM,1,TRANSFER,0x200206000000,4096,4,3,dram_hybrid_act
11194966700,CXL,2,READ,0x300202000000,17301504,4,1,cxl_expert_access
11199645400,DRAM,1,TRANSFER,0x200284000000,4096,5,2,dram_hybrid_act
11201684000,CXL,2,READ,0x300280000000,17301504,5,0,cxl_expert_access
11205113900,HBM,0,READ,0x100306000000,2048,6,3,hbm_compute
11206881700,CXL,2,READ,0x300300000000,17301504,6,0,cxl_expert_access
11210336700,CXL,2,READ,0x300380000000,17301504,7,0,cxl_expert_access
11210953700,HBM,0,READ,0x100384000000,2048,7,2,hbm_compute
11214400500,HBM,0,READ,0x100404000000,2048,8,2,hbm_compute
11216586100,CXL,2,READ,0x300400000000,17301504,8,0,cxl_expert_access
11220070900,HBM,0,READ,0x100482000000,2048,9,1,hbm_compute
11221913500,DRAM,1,TRANSFER,0x200480000000,4096,9,0,dram_hybrid_act
11226339300,CXL,2,READ,0x300506000000,17301504,10,3,cxl_expert_access
11226797600,HBM,0,READ,0x100504000000,2048,10,2,hbm_compute
11231698300,CXL,2,READ,0x300580000000,17301504,11,0,cxl_expert_access
11232292500,HBM,0,READ,0x100584000000,2048,11,2,hbm_compute
11236909500,CXL,2,READ,0x300606000000,17301504,12,3,cxl_expert_access
11237418200,HBM,0,READ,0x100600000000,2048,12,0,hbm_compute
11241679600,CXL,2,READ,0x300684000000,17301504,13,2,cxl_expert_access
11242194800,HBM,0,READ,0x100682000000,2048,13,1,hbm_compute
11245692200,HBM,0,READ,0x100700000000,2048,14,0,hbm_compute
11246184600,HBM,0,READ,0x100702000000,2048,14,1,hbm_compute
11249408700,HBM,0,READ,0x100780000000,2048,15,0,hbm_compute
11251268200,CXL,2,READ,0x300784000000,17301504,15,2,cxl_expert_access
11255922000,CXL,2,READ,0x300806000000,17301504,16,3,cxl_expert_access
11256491400,HBM,0,READ,0x100802000000,2048,16,1,hbm_compute
11259423000,HBM,0,READ,0x100882000000,2048,17,1,hbm_compute
11261594100,CXL,2,READ,0x300884000000,17301504,17,2,cxl_expert_access
11267057900,DRAM,1,TRANSFER,0x200906000000,4096,18,3,dram_hybrid_act
11268950400,DRAM,1,TRANSFER,0x200900000000,4096,18,0,dram_hybrid_act
11273667800,DRAM,1,TRANSFER,0x200986000000,4096,19,3,dram_hybrid_act
11274330900,HBM,0,READ,0x100984000000,2048,19,2,hbm_compute
11278428200,DRAM,1,TRANSFER,0x200a06000000,4096,20,3,dram_hybrid_act
11278984800,HBM,0,READ,0x100a04000000,2048,20,2,hbm_compute
11283852100,CXL,2,READ,0x300a80000000,17301504,21,0,cxl_expert_access
11284422700,HBM,0,READ,0x100a86000000,2048,21,3,hbm_compute
11288624800,CXL,2,READ,0x300b02000000,17301504,22,1,cxl_expert_access
11289085600,HBM,0,READ,0x100b06000000,2048,22,3,hbm_compute
11293450300,CXL,2,READ,0x300b80000000,17301504,23,0,cxl_expert_access
11293951900,HBM,0,READ,0x100b86000000,2048,23,3,hbm_compute
11304974300,CXL,2,READ,0x300002000000,17301504,0,1,cxl_expert_access
11306867400,DRAM,1,TRANSFER,0x200004000000,4096,0,2,dram_hybrid_act
11310529900,HBM,0,READ,0x100082000000,2048,1,1,hbm_compute
11311848800,CXL,2,READ,0x300084000000,17301504,1,2,cxl_expert_access
11316624200,DRAM,1,TRANSFER,0x200106000000,4096,2,3,dram_hybrid_act
11318370400,DRAM,1,TRANSFER,0x200102000000,4096,2,1,dram_hybrid_act
11323330100,DRAM,1,TRANSFER,0x200182000000,4096,3,1,dram_hybrid_act
11324008300,HBM,0,READ,0x100186000000,2048,3,3,hbm_compute
11327662300,DRAM,1,TRANSFER,0x200206000000,4096,4,3,dram_hybrid_act
11328342000,HBM,0,READ,0x100200000000,2048,4,0,hbm_compute
11331772400,HBM,0,READ,0x100286000000,2048,5,3,hbm_compute
11333569400,CXL,2,READ,0x300282000000,17301504,5,1,cxl_expert_access
11338758300,DRAM,1,TRANSFER,0x200302000000,4096,6,1,dram_hybrid_act
11340793800,CXL,2,READ,0x300300000000,17301504,6,0,cxl_expert_access
11345016100,HBM,0,READ,0x100384000000,2048,7,2,hbm_compute
11345446500,HBM,0,READ,0x100382000000,2048,7,1,hbm_compute
11349816100,CXL,2,READ,0x300400000000,17301504,8,0,cxl_expert_access
11350346700,HBM,0,READ,0x100404000000,2048,8,2,hbm_compute
11353176700,HBM,0,READ,0x100482000000,2048,9,1,hbm_compute
11355223800,DRAM,1,TRANSFER,0x200480000000,4096,9,0,dram_hybrid_act
11359868400,DRAM,1,TRANSFER,0x200500000000,4096,10,0,dram_hybrid_act
11360545800,HBM,0,READ,0x100504000000,2048,10,2,hbm_compute
11363955700,HBM,0,READ,0x100584000000,2048,11,2,hbm_compute
11365818200,CXL,2,READ,0x300580000000,17301504,11,0,cxl_expert_access
11370534500,CXL,2,READ,0x300606000000,17301504,12,3,cxl_expert_access
11372265000,CXL,2,READ,0x300604000000,17301504,12,2,cxl_expert_access
11377021100,CXL,2,READ,0x300684000000,17301504,13,2,cxl_expert_access
11377613700,HBM,0,READ,0x100682000000,2048,13,1,hbm_compute
11382450900,DRAM,1,TRANSFER,0x200706000000,4096,14,3,dram_hybrid_act
11383010300,HBM,0,READ,0x100702000000,2048,14,1,hbm_compute
11386314500,HBM,0,READ,0x100780000000,2048,15,0,hbm_compute
11386684900,HBM,0,READ,0x100782000000,2048,15,1,hbm_compute
11390763200,CXL,2,READ,0x300806000000,17301504,16,3,cxl_expert_access
11391285400,HBM,0,READ,0x100802000000,2048,16,1,hbm_compute
11394136800,HBM,0,READ,0x100882000000,2048,17,1,hbm_compute
11395113500,CXL,2,READ,0x300884000000,17301504,17,2,cxl_expert_access
11399376300,DRAM,1,TRANSFER,0x200906000000,4096,18,3,dram_hybrid_act
11401316900,DRAM,1,TRANSFER,0x200904000000,4096,18,2,dram_hybrid_act
11404757800,HBM,0,READ,0x100984000000,2048,19,2,hbm_compute
11406546900,DRAM,1,TRANSFER,0x200986000000,4096,19,3,dram_hybrid_act
11410408200,DRAM,1,TRANSFER,0x200a06000000,4096,20,3,dram_hybrid_act
11410889500,HBM,0,READ,0x100a04000000,2048,20,2,hbm_compute
11413784100,HBM,0,READ,0x100a86000000,2048,21,3,hbm_compute
11415757000,CXL,2,READ,0x300a82000000,17301504,21,1,cxl_expert_access
11419237800,HBM,0,READ,0x100b06000000,2048,22,3,hbm_compute
11420932200,CXL,2,READ,0x300b02000000,17301504,22,1,cxl_expert_access
11425315600,CXL,2,READ,0x300b82000000,17301504,23,1,cxl_expert_access
11425746800,HBM,0,READ,0x100b86000000,2048,23,3,hbm_compute
11435507500,CXL,2,READ,0x300002000000,17301504,0,1,cxl_expert_access
11437330200,DRAM,1,TRANSFER,0x200000000000,4096,0,0,dram_hybrid_act
11440888800,HBM,0,READ,0x100082000000,2048,1,1,hbm_compute
11442474100,CXL,2,READ,0x300086000000,17301504,1,3,cxl_expert_access
11445883600,DRAM,1,TRANSFER,0x200106000000,4096,2,3,dram_hybrid_act
11446360700,HBM,0,READ,0x100100000000,2048,2,0,hbm_compute
11451100100,DRAM,1,TRANSFER,0x200182000000,4096,3,1,dram_hybrid_act
11452952500,DRAM,1,TRANSFER,0x200180000000,4096,3,0,dram_hybrid_act
11457823700,CXL,2,READ,0x300202000000,17301504,4,1,cxl_expert_access
11459325900,DRAM,1,TRANSFER,0x200206000000,4096,4,3,dram_hybrid_act
11463161400,DRAM,1,TRANSFER,0x200284000000,4096,5,2,dram_hybrid_act
11463842100,HBM,0,READ,0x100286000000,2048,5,3,hbm_compute
11468528400,DRAM,1,TRANSFER,0x200304000000,4096,6,2,dram_hybrid_act
11470283900,DRAM,1,TRANSFER,0x200302000000,4096,6,1,dram_hybrid_act
11473838900,HBM,0,READ,0x100382000000,2048,7,1,hbm_compute
11474221300,HBM,0,READ,0x100384000000,2048,7,2,hbm_compute
11477498700,CXL,2,READ,0x300400000000,17301504,8,0,cxl_expert_access
11479260000,HBM,0,READ,0x100404000000,2048,8,2,hbm_compute
11482207200,HBM,0,READ,0x100482000000,2048,9,1,hbm_compute
11483965000,DRAM,1,TRANSFER,0x200484000000,4096,9,2,dram_hybrid_act
11487152600,HBM,0,READ,0x100504000000,2048,10,2,hbm_compute
11489116600,CXL,2,READ,0x300506000000,17301504,10,3,cxl_expert_access
11492247500,HBM,0,READ,0x100584000000,2048,11,2,hbm_compute
11493452800,CXL,2,READ,0x300580000000,17301504,11,0,cxl_expert_access
11496439500,HBM,0,READ,0x100600000000,2048,12,0,hbm_compute
11498193400,CXL,2,READ,0x300606000000,17301504,12,3,cxl_expert_access
11502921700,CXL,2,READ,0x300686000000,17301504,13,3,cxl_expert_access
11504754600,CXL,2,READ,0x300684000000,17301504,13,2,cxl_expert_access
11508250300,HBM,0,READ,0x100700000000,2048,14,0,hbm_compute
11510271500,DRAM,1,TRANSFER,0x200706000000,4096,14,3,dram_hybrid_act
11514013400,HBM,0,READ,0x100780000000,2048,15,0,hbm_compute
11516139600,CXL,2,READ,0x300784000000,17301504,15,2,cxl_expert_access
11519784900,HBM,0,READ,0x100802000000,2048,16,1,hbm_compute
11521722900,CXL,2,READ,0x300806000000,17301504,16,3,cxl_expert_access
11526892200,CXL,2,READ,0x300884000000,17301504,17,2,cxl_expert_access
11527443500,HBM,0,READ,0x100882000000,2048,17,1,hbm_compute
11530990900,DRAM,1,TRANSFER,0x200902000000,4096,18,1,dram_hybrid_act
11532846400,DRAM,1,TRANSFER,0x200900000000,4096,18,0,dram_hybrid_act
11536364200,HBM,0,READ,0x100984000000,2048,19,2,hbm_compute
11538129900,DRAM,1,TRANSFER,0x200986000000,4096,19,3,dram_hybrid_act
11542957600,CXL,2,READ,0x300a00000000,17301504,20,0,cxl_expert_access
11544027100,CXL,2,READ,0x300a02000000,17301504,20,1,cxl_expert_access
11547048200,HBM,0,READ,0x100a86000000,2048,21,3,hbm_compute
11547389800,HBM,0,READ,0x100a84000000,2048,21,2,hbm_compute
11551453500,CXL,2,READ,0x300b02000000,17301504,22,1,cxl_expert_access
11551976100,HBM,0,READ,0x100b04000000,2048,22,2,hbm_compute
11554840000,HBM,0,READ,0x100b86000000,2048,23,3,hbm_compute
11555422300,HBM,0,READ,0x100b84000000,2048,23,2,hbm_compute
11565093500,CXL,2,READ,0x300002000000,17301504,0,1,cxl_expert_access
11566911500,DRAM,1,TRANSFER,0x200000000000,4096,0,0,dram_hybrid_act
11570385600,HBM,0,READ,0x100082000000,2048,1,1,hbm_compute
11571731300,HBM,0,READ,0x100080000000,2048,1,0,hbm_compute
11575507400,DRAM,1,TRANSFER,0x200106000000,4096,2,3,dram_hybrid_act
11575887700,HBM,0,READ,0x100100000000,2048,2,0,hbm_compute
11578320200,HBM,0,READ,0x100186000000,2048,3,3,hbm_compute
11579159900,DRAM,1,TRANSFER,0x200180000000,4096,3,0,dram_hybrid_act
11583206900,CXL,2,READ,0x300202000000,17301504,4,1,cxl_expert_access
11583744000,HBM,0,READ,0x100200000000,2048,4,0,hbm_compute
11587806600,DRAM,1,TRANSFER,0x200284000000,4096,5,2,dram_hybrid_act
11589821800,CXL,2,READ,0x300282000000,17301504,5,1,cxl_expert_access
11595193100,CXL,2,READ,0x300300000000,17301504,6,0,cxl_expert_access
11596988100,DRAM,1,TRANSFER,0x200302000000,4096,6,1,dram_hybrid_act
11600088600,HBM,0,READ,0x100382000000,2048,7,1,hbm_compute
11601912800,CXL,2,READ,0x300380000000,17301504,7,0,cxl_expert_access
11607088500,CXL,2,READ,0x300400000000,17301504,8,0,cxl_expert_access
11607738200,HBM,0,READ,0x100402000000,2048,8,1,hbm_compute
11610668000,HBM,0,READ,0x100482000000,2048,9,1,hbm_compute
11612017100,CXL,2,READ,0x300486000000,17301504,9,3,cxl_expert_access
11616716500,DRAM,1,TRANSFER,0x200502000000,4096,10,1,dram_hybrid_act
11617254000,HBM,0,READ,0x100504000000,2048,10,2,hbm_compute
11622125900,CXL,2,READ,0x300586000000,17301504,11,3,cxl_expert_access
11624081000,CXL,2,READ,0x300580000000,17301504,11,0,cxl_expert_access
11628183200,CXL,2,READ,0x300606000000,17301504,12,3,cxl_expert_access
11628787400,HBM,0,READ,0x100600000000,2048,12,0,hbm_compute
11633352300,CXL,2,READ,0x300684000000,17301504,13,2,cxl_expert_access
11635452200,CXL,2,READ,0x300686000000,17301504,13,3,cxl_expert_access
11638924000,HBM,0,READ,0x100700000000,2048,14,0,hbm_compute
11639289300,HBM,0,READ,0x100702000000,2048,14,1,hbm_compute
11641868800,HBM,0,READ,0x100782000000,2048,15,1,hbm_compute
11643904100,CXL,2,READ,0x300784000000,17301504,15,2,cxl_expert_access
11647667300,HBM,0,READ,0x100802000000,2048,16,1,hbm_compute
11649804900,CXL,2,READ,0x300806000000,17301504,16,3,cxl_expert_access
11652976300,HBM,0,READ,0x100882000000,2048,17,1,hbm_compute
11654706400,CXL,2,READ,0x300884000000,17301504,17,2,cxl_expert_access
11658986900,DRAM,1,TRANSFER,0x200904000000,4096,18,2,dram_hybrid_act
11660817900,DRAM,1,TRANSFER,0x200902000000,4096,18,1,dram_hybrid_act
11665606000,DRAM,1,TRANSFER,0x200986000000,4096,19,3,dram_hybrid_act
11666325600,HBM,0,READ,0x100984000000,2048,19,2,hbm_compute
11670777400,CXL,2,READ,0x300a02000000,17301504,20,1,cxl_expert_access
11671307500,HBM,0,READ,0x100a04000000,2048,20,2,hbm_compute
11675760900,CXL,2,READ,0x300a82000000,17301504,21,1,cxl_expert_access
11676289200,HBM,0,READ,0x100a86000000,2048,21,3,hbm_compute
11679019600,HBM,0,READ,0x100b04000000,2048,22,2,hbm_compute
11679906400,CXL,2,READ,0x300b00000000,17301504,22,0,cxl_expert_access
11683232200,HBM,0,READ,0x100b84000000,2048,23,2,hbm_compute
11685220800,CXL,2,READ,0x300b82000000,17301504,23,1,cxl_expert_access
11694360800,CXL,2,READ,0x300002000000,17301504,0,1,cxl_expert_access
11695530000,DRAM,1,TRANSFER,0x200000000000,4096,0,0,dram_hybrid_act
11699281800,HBM,0,READ,0x100080000000,2048,1,0,hbm_compute
11701078200,CXL,2,READ,0x300084000000,17301504,1,2,cxl_expert_access
11705991000,DRAM,1,TRANSFER,0x200106000000,4096,2,3,dram_hybrid_act
11706566000,HBM,0,READ,0x100100000000,2048,2,0,hbm_compute
11710198100,DRAM,1,TRANSFER,0x200182000000,4096,3,1,dram_hybrid_act
11711432800,DRAM,1,TRANSFER,0x200180000000,4096,3,0,dram_hybrid_act
11716188000,DRAM,1,TRANSFER,0x200206000000,4096,4,3,dram_hybrid_act
11716761500,HBM,0,READ,0x100200000000,2048,4,0,hbm_compute
11721091800,DRAM,1,TRANSFER,0x200284000000,4096,5,2,dram_hybrid_act
11721606900,HBM,0,READ,0x100286000000,2048,5,3,hbm_compute
11725983900,CXL,2,READ,0x300300000000,17301504,6,0,cxl_expert_access
11726523600,HBM,0,READ,0x100306000000,2048,6,3,hbm_compute
11731577300,CXL,2,READ,0x300380000000,17301504,7,0,cxl_expert_access
11732256700,HBM,0,READ,0x100384000000,2048,7,2,hbm_compute
11737575900,CXL,2,READ,0x300406000000,17301504,8,3,cxl_expert_access
11739430800,CXL,2,READ,0x300400000000,17301504,8,0,cxl_expert_access
11743703100,HBM,0,READ,0x100482000000,2048,9,1,hbm_compute
11745173500,CXL,2,READ,0x300486000000,17301504,9,3,cxl_expert_access
11748126000,HBM,0,READ,0x100504000000,2048,10,2,hbm_compute
11749847300,DRAM,1,TRANSFER,0x200500000000,4096,10,0,dram_hybrid_act
11753038900,HBM,0,READ,0x100584000000,2048,11,2,hbm_compute
11754888500,CXL,2,READ,0x300586000000,17301504,11,3,cxl_expert_access
11758219400,HBM,0,READ,0x100600000000,2048,12,0,hbm_compute
11760060300,CXL,2,READ,0x300606000000,17301504,12,3,cxl_expert_access
11765620100,CXL,2,READ,0x300684000000,17301504,13,2,cxl_expert_access
11766187600,HBM,0,READ,0x100682000000,2048,13,1,hbm_compute
11769003900,HBM,0,READ,0x100702000000,2048,14,1,hbm_compute
11769344600,HBM,0,READ,0x100700000000,2048,14,0,hbm_compute
11771736600,HBM,0,READ,0x100782000000,2048,15,1,hbm_compute
11773802300,CXL,2,READ,0x300784000000,17301504,15,2,cxl_expert_access
11777211400,HBM,0,READ,0x100802000000,2048,16,1,hbm_compute
11777739100,HBM,0,READ,0x100800000000,2048,16,0,hbm_compute
11781117600,HBM,0,READ,0x100882000000,2048,17,1,hbm_compute
11782904300,DRAM,1,TRANSFER,0x200880000000,4096,17,0,dram_hybrid_act
11787735600,DRAM,1,TRANSFER,0x200902000000,4096,18,1,dram_hybrid_act
11789879200,DRAM,1,TRANSFER,0x200906000000,4096,18,3,dram_hybrid_act
11794283800,DRAM,1,TRANSFER,0x200986000000,4096,19,3,dram_hybrid_act
11794773800,HBM,0,READ,0x100984000000,2048,19,2,hbm_compute
11798886200,CXL,2,READ,0x300a00000000,17301504,20,0,cxl_expert_access
11799419400,HBM,0,READ,0x100a04000000,2048,20,2,hbm_compute
11802340100,HBM,0,READ,0x100a86000000,2048,21,3,hbm_compute
11804167800,CXL,2,READ,0x300a80000000,17301504,21,0,cxl_expert_access
11808956200,CXL,2,READ,0x300b00000000,17301504,22,0,cxl_expert_access
11810030400,CXL,2,READ,0x300b02000000,17301504,22,1,cxl_expert_access
11813069900,HBM,0,READ,0x100b86000000,2048,23,3,hbm_compute
11813485900,HBM,0,READ,0x100b84000000,2048,23,2,hbm_compute
11822364900,HBM,0,READ,0x100006000000,2048,0,3,hbm_compute
11824120700,DRAM,1,TRANSFER,0x200004000000,4096,0,2,dram_hybrid_act
11827277400,HBM,0,READ,0x100082000000,2048,1,1,hbm_compute
11827683900,HBM,0,READ,0x100080000000,2048,1,0,hbm_compute
11831870000,CXL,2,READ,0x300104000000,17301504,2,2,cxl_expert_access
11833686200,DRAM,1,TRANSFER,0x200102000000,4096,2,1,dram_hybrid_act
11838668600,DRAM,1,TRANSFER,0x200182000000,4096,3,1,dram_hybrid_act
11840450000,DRAM,1,TRANSFER,0x200180000000,4096,3,0,dram_hybrid_act
11844628600,CXL,2,READ,0x300202000000,17301504,4,1,cxl_expert_access
11845578000,DRAM,1,TRANSFER,0x200204000000,4096,4,2,dram_hybrid_act
11850056000,DRAM,1,TRANSFER,0x200284000000,4096,5,2,dram_hybrid_act
11852117700,CXL,2,READ,0x300282000000,17301504,5,1,cxl_expert_access
11857145300,CXL,2,READ,0x300300000000,17301504,6,0,cxl_expert_access
11857681200,HBM,0,READ,0x100306000000,2048,6,3,hbm_compute
11861798100,CXL,2,READ,0x300386000000,17301504,7,3,cxl_expert_access
11862350100,HBM,0,READ,0x100382000000,2048,7,1,hbm_compute
11866405100,CXL,2,READ,0x300400000000,17301504,8,0,cxl_expert_access
11868730500,CXL,2,READ,0x300406000000,17301504,8,3,cxl_expert_access
11872685400,HBM,0,READ,0x100482000000,2048,9,1,hbm_compute
11874480600,DRAM,1,TRANSFER,0x200484000000,4096,9,2,dram_hybrid_act
11878071800,HBM,0,READ,0x100504000000,2048,10,2,hbm_compute
11879080700,DRAM,1,TRANSFER,0x200502000000,4096,10,1,dram_hybrid_act
11882609200,HBM,0,READ,0x100584000000,2048,11,2,hbm_compute
11884731800,CXL,2,READ,0x300586000000,17301504,11,3,cxl_expert_access
11889484400,CXL,2,READ,0x300606000000,17301504,12,3,cxl_expert_access
11890037300,HBM,0,READ,0x100600000000,2048,12,0,hbm_compute
11892849700,HBM,0,READ,0x100680000000,2048,13,0,hbm_compute
11893853800,CXL,2,READ,0x300684000000,17301504,13,2,cxl_expert_access
11897229700,HBM,0,READ,0x100702000000,2048,14,1,hbm_compute
11897617100,HBM,0,READ,0x100700000000,2048,14,0,hbm_compute
11900228700,HBM,0,READ,0x100782000000,2048,15,1,hbm_compute
11902030300,CXL,2,READ,0x300784000000,17301504,15,2,cxl_expert_access
11905123100,HBM,0,READ,0x100802000000,2048,16,1,hbm_compute
11906926200,CXL,2,READ,0x300806000000,17301504,16,3,cxl_expert_access
11909998100,HBM,0,READ,0x100882000000,2048,17,1,hbm_compute
11912024100,CXL,2,READ,0x300884000000,17301504,17,2,cxl_expert_access
11917606000,DRAM,1,TRANSFER,0x200904000000,4096,18,2,dram_hybrid_act
11919752000,DRAM,1,TRANSFER,0x200902000000,4096,18,1,dram_hybrid_act
11925292500,DRAM,1,TRANSFER,0x200986000000,4096,19,3,dram_hybrid_act
11925838600,HBM,0,READ,0x100984000000,2048,19,2,hbm_compute
11929894400,CXL,2,READ,0x300a02000000,17301504,20,1,cxl_expert_access
11930876000,CXL,2,READ,0x300a00000000,17301504,20,0,cxl_expert_access
11935647100,CXL,2,READ,0x300a82000000,17301504,21,1,cxl_expert_access
11937493100,CXL,2,READ,0x300a80000000,17301504,21,0,cxl_expert_access
11940841800,HBM,0,READ,0x100b04000000,2048,22,2,hbm_compute
11942663300,CXL,2,READ,0x300b00000000,17301504,22,0,cxl_expert_access
11946671400,CXL,2,READ,0x300b82000000,17301504,23,1,cxl_expert_access
11947187300,HBM,0,READ,0x100b84000000,2048,23,2,hbm_compute
11957448600,CXL,2,READ,0x300002000000,17301504,0,1,cxl_expert_access
11959284800,DRAM,1,TRANSFER,0x200004000000,4096,0,2,dram_hybrid_act
11962538200,HBM,0,READ,0x100080000000,2048,1,0,hbm_compute
11963435300,CXL,2,READ,0x300084000000,17301504,1,2,cxl_expert_access
11967887300,CXL,2,READ,0x300104000000,17301504,2,2,cxl_expert_access
11968428100,HBM,0,READ,0x100100000000,2048,2,0,hbm_compute
11972749200,DRAM,1,TRANSFER,0x200180000000,4096,3,0,dram_hybrid_act
11974686000,DRAM,1,TRANSFER,0x200182000000,4096,3,1,dram_hybrid_act
11978765600,DRAM,1,TRANSFER,0x200204000000,4096,4,2,dram_hybrid_act
11979307800,HBM,0,READ,0x100200000000,2048,4,0,hbm_compute
11983802600,DRAM,1,TRANSFER,0x200284000000,4096,5,2,dram_hybrid_act
11985702900,CXL,2,READ,0x300282000000,17301504,5,1,cxl_expert_access
11990526500,CXL,2,READ,0x300300000000,17301504,6,0,cxl_expert_access
11991056700,HBM,0,READ,0x100306000000,2048,6,3,hbm_compute
11994207400,HBM,0,READ,0x100384000000,2048,7,2,hbm_compute
11995121500,CXL,2,READ,0x300380000000,17301504,7,0,cxl_expert_access
11998235900,HBM,0,READ,0x100402000000,2048,8,1,hbm_compute
11999941000,CXL,2,READ,0x300400000000,17301504,8,0,cxl_expert_access
12004468900,CXL,2,READ,0x300486000000,17301504,9,3,cxl_expert_access
12005010200,HBM,0,READ,0x100482000000,2048,9,1,hbm_compute
12008155000,HBM,0,READ,0x100504000000,2048,10,2,hbm_compute
12009075200,DRAM,1,TRANSFER,0x200502000000,4096,10,1,dram_hybrid_act
12013163800,CXL,2,READ,0x300580000000,17301504,11,0,cxl_expert_access
12013809000,HBM,0,READ,0x100584000000,2048,11,2,hbm_compute
12018240600,CXL,2,READ,0x300606000000,17301504,12,3,cxl_expert_access
12020225100,CXL,2,READ,0x300604000000,17301504,12,2,cxl_expert_access
12025247800,CXL,2,READ,0x300684000000,17301504,13,2,cxl_expert_access
12025706700,HBM,0,READ,0x100680000000,2048,13,0,hbm_compute
12028790200,HBM,0,READ,0x100700000000,2048,14,0,hbm_compute
12029805600,DRAM,1,TRANSFER,0x200706000000,4096,14,3,dram_hybrid_act
12034873300,CXL,2,READ,0x300784000000,17301504,15,2,cxl_expert_access
12035438600,HBM,0,READ,0x100782000000,2048,15,1,hbm_compute
12040091500,CXL,2,READ,0x300806000000,17301504,16,3,cxl_expert_access
12041950500,CXL,2,READ,0x300804000000,17301504,16,2,cxl_expert_access
12046314300,HBM,0,READ,0x100882000000,2048,17,1,hbm_compute
12048026700,DRAM,1,TRANSFER,0x200880000000,4096,17,0,dram_hybrid_act
12052646200,DRAM,1,TRANSFER,0x200902000000,4096,18,1,dram_hybrid_act
12054739000,DRAM,1,TRANSFER,0x200906000000,4096,18,3,dram_hybrid_act
12060131400,DRAM,1,TRANSFER,0x200986000000,4096,19,3,dram_hybrid_act
12061866400,CXL,2,READ,0x300982000000,17301504,19,1,cxl_expert_access
12065800700,DRAM,1,TRANSFER,0x200a06000000,4096,20,3,dram_hybrid_act
12066364100,HBM,0,READ,0x100a04000000,2048,20,2,hbm_compute
12069598000,HBM,0,READ,0x100a86000000,2048,21,3,hbm_compute
12071532100,CXL,2,READ,0x300a82000000,17301504,21,1,cxl_expert_access
12076101800,CXL,2,READ,0x300b00000000,17301504,22,0,cxl_expert_access
12076694000,HBM,0,READ,0x100b06000000,2048,22,3,hbm_compute
12079597300,HBM,0,READ,0x100b86000000,2048,23,3,hbm_compute
12079968700,HBM,0,READ,0x100b84000000,2048,23,2,hbm_compute
12090452100,DRAM,1,TRANSFER,0x200004000000,4096,0,2,dram_hybrid_act
12090983300,HBM,0,READ,0x100006000000,2048,0,3,hbm_compute
12094148300,HBM,0,READ,0x100080000000,2048,1,0,hbm_compute
12095301000,CXL,2,READ,0x300086000000,17301504,1,3,cxl_expert_access
12100007200,DRAM,1,TRANSFER,0x200102000000,4096,2,1,dram_hybrid_act
12102111300,DRAM,1,TRANSFER,0x200106000000,4096,2,3,dram_hybrid_act
12105739900,HBM,0,READ,0x100186000000,2048,3,3,hbm_compute
12107481200,DRAM,1,TRANSFER,0x200182000000,4096,3,1,dram_hybrid_act
12110737900,HBM,0,READ,0x100200000000,2048,4,0,hbm_compute
12111762000,DRAM,1,TRANSFER,0x200204000000,4096,4,2,dram_hybrid_act
12116336700,DRAM,1,TRANSFER,0x200284000000,4096,5,2,dram_hybrid_act
12118295300,CXL,2,READ,0x300280000000,17301504,5,0,cxl_expert_access
12123209500,DRAM,1,TRANSFER,0x200302000000,4096,6,1,dram_hybrid_act
12125000100,CXL,2,READ,0x300300000000,17301504,6,0,cxl_expert_access
12128117100,HBM,0,READ,0x100382000000,2048,7,1,hbm_compute
12128505000,HBM,0,READ,0x100384000000,2048,7,2,hbm_compute
12132668400,CXL,2,READ,0x300400000000,17301504,8,0,cxl_expert_access
12133263900,HBM,0,READ,0x100402000000,2048,8,1,hbm_compute
12137841300,CXL,2,READ,0x300486000000,17301504,9,3,cxl_expert_access
12138374800,HBM,0,READ,0x100482000000,2048,9,1,hbm_compute
12141354700,HBM,0,READ,0x100504000000,2048,10,2,hbm_compute
12142992000,DRAM,1,TRANSFER,0x200502000000,4096,10,1,dram_hybrid_act
12145853600,HBM,0,READ,0x100584000000,2048,11,2,hbm_compute
12147549900,CXL,2,READ,0x300586000000,17301504,11,3,cxl_expert_access
12152276700,CXL,2,READ,0x300606000000,17301504,12,3,cxl_expert_access
12152824200,HBM,0,READ,0x100600000000,2048,12,0,hbm_compute
12157170000,CXL,2,READ,0x300684000000,17301504,13,2,cxl_expert_access
12157693700,HBM,0,READ,0x100680000000,2048,13,0,hbm_compute
12162177700,DRAM,1,TRANSFER,0x200706000000,4096,14,3,dram_hybrid_act
12164427300,CXL,2,READ,0x300704000000,17301504,14,2,cxl_expert_access
12168599800,HBM,0,READ,0x100782000000,2048,15,1,hbm_compute
12170305600,CXL,2,READ,0x300784000000,17301504,15,2,cxl_expert_access
12175458600,CXL,2,READ,0x300806000000,17301504,16,3,cxl_expert_access
12177225000,CXL,2,READ,0x300804000000,17301504,16,2,cxl_expert_access
12181083300,HBM,0,READ,0x100882000000,2048,17,1,hbm_compute
12182827600,DRAM,1,TRANSFER,0x200880000000,4096,17,0,dram_hybrid_act
12187460300,DRAM,1,TRANSFER,0x200902000000,4096,18,1,dram_hybrid_act
12189272300,DRAM,1,TRANSFER,0x200900000000,4096,18,0,dram_hybrid_act
12193585900,CXL,2,READ,0x300982000000,17301504,19,1,cxl_expert_access
12194193400,HBM,0,READ,0x100984000000,2048,19,2,hbm_compute
12198758900,DRAM,1,TRANSFER,0x200a06000000,4096,20,3,dram_hybrid_act
12199842900,CXL,2,READ,0x300a00000000,17301504,20,0,cxl_expert_access
12204456100,CXL,2,READ,0x300a82000000,17301504,21,1,cxl_expert_access
12205809200,CXL,2,READ,0x300a80000000,17301504,21,0,cxl_expert_access
12209413500,CXL,2,READ,0x300b00000000,17301504,22,0,cxl_expert_access
12209882800,HBM,0,READ,0x100b06000000,2048,22,3,hbm_compute
12213135000,HBM,0,READ,0x100b86000000,2048,23,3,hbm_compute
12214733500,CXL,2,READ,0x300b82000000,17301504,23,1,cxl_expert_access
12225615100,DRAM,1,TRANSFER,0x200004000000,4096,0,2,dram_hybrid_act
12226705700,CXL,2,READ,0x300002000000,17301504,0,1,cxl_expert_access
12230432000,CXL,2,READ,0x300084000000,17301504,1,2,cxl_expert_access
12230919500,HBM,0,READ,0x100082000000,2048,1,1,hbm_compute
12234896100,DRAM,1,TRANSFER,0x200106000000,4096,2,3,dram_hybrid_act
12236539400,DRAM,1,TRANSFER,0x200102000000,4096,2,1,dram_hybrid_act
12240663500,DRAM,1,TRANSFER,0x200182000000,4096,3,1,dram_hybrid_act
12242552800,CXL,2,READ,0x300184000000,17301504,3,2,cxl_expert_access
12246082200,CXL,2,READ,0x300202000000,17301504,4,1,cxl_expert_access
12246994400,DRAM,1,TRANSFER,0x200206000000,4096,4,3,dram_hybrid_act
12251438400,CXL,2,READ,0x300282000000,17301504,5,1,cxl_expert_access
12251899500,HBM,0,READ,0x100286000000,2048,5,3,hbm_compute
12255875000,DRAM,1,TRANSFER,0x200302000000,4096,6,1,dram_hybrid_act
12257977300,CXL,2,READ,0x300300000000,17301504,6,0,cxl_expert_access
12262624900,HBM,0,READ,0x100382000000,2048,7,1,hbm_compute
12264515000,CXL,2,READ,0x300380000000,17301504,7,0,cxl_expert_access
12269253600,CXL,2,READ,0x300400000000,17301504,8,0,cxl_expert_access
12271209900,CXL,2,READ,0x300406000000,17301504,8,3,cxl_expert_access
12275689400,HBM,0,READ,0x100482000000,2048,9,1,hbm_compute
12277602900,CXL,2,READ,0x300486000000,17301504,9,3,cxl_expert_access
12281534800,HBM,0,READ,0x100504000000,2048,10,2,hbm_compute
12283443100,CXL,2,READ,0x300506000000,17301504,10,3,cxl_expert_access
12286970800,HBM,0,READ,0x100584000000,2048,11,2,hbm_compute
12289058800,CXL,2,READ,0x300586000000,17301504,11,3,cxl_expert_access
12294483900,CXL,2,READ,0x300606000000,17301504,12,3,cxl_expert_access
12295012500,HBM,0,READ,0x100600000000,2048,12,0,hbm_compute
12298009800,HBM,0,READ,0x100680000000,2048,13,0,hbm_compute
12299775000,CXL,2,READ,0x300684000000,17301504,13,2,cxl_expert_access
12303164100,HBM,0,READ,0x100700000000,2048,14,0,hbm_compute
12305310600,DRAM,1,TRANSFER,0x200706000000,4096,14,3,dram_hybrid_act
12309034600,HBM,0,READ,0x100782000000,2048,15,1,hbm_compute
12310155100,CXL,2,READ,0x300784000000,17301504,15,2,cxl_expert_access
12314065300,HBM,0,READ,0x100802000000,2048,16,1,hbm_compute
12315807800,CXL,2,READ,0x300806000000,17301504,16,3,cxl_expert_access
12319246200,HBM,0,READ,0x100882000000,2048,17,1,hbm_compute
12319678200,HBM,0,READ,0x100886000000,2048,17,3,hbm_compute
12323803000,DRAM,1,TRANSFER,0x200902000000,4096,18,1,dram_hybrid_act
12325662400,DRAM,1,TRANSFER,0x200904000000,4096,18,2,dram_hybrid_act
12329188100,HBM,0,READ,0x100984000000,2048,19,2,hbm_compute
12330096300,CXL,2,READ,0x300982000000,17301504,19,1,cxl_expert_access
12334758800,CXL,2,READ,0x300a00000000,17301504,20,0,cxl_expert_access
12336704600,CXL,2,READ,0x300a02000000,17301504,20,1,cxl_expert_access
12341073800,CXL,2,READ,0x300a82000000,17301504,21,1,cxl_expert_access
12342911900,CXL,2,READ,0x300a80000000,17301504,21,0,cxl_expert_access
12346130900,HBM,0,READ,0x100b04000000,2048,22,2,hbm_compute
12347411600,CXL,2,READ,0x300b00000000,17301504,22,0,cxl_expert_access
12350666800,HBM,0,READ,0x100b86000000,2048,23,3,hbm_compute
12352784000,CXL,2,READ,0x300b80000000,17301504,23,0,cxl_expert_access
12362460000,HBM,0,READ,0x100006000000,2048,0,3,hbm_compute
12363414200,CXL,2,READ,0x300002000000,17301504,0,1,cxl_expert_access
12366698800,HBM,0,READ,0x100082000000,2048,1,1,hbm_compute
12367027400,HBM,0,READ,0x100080000000,2048,1,0,hbm_compute
12370965500,DRAM,1,TRANSFER,0x200106000000,4096,2,3,dram_hybrid_act
12372899400,CXL,2,READ,0x300104000000,17301504,2,2,cxl_expert_access
12376646000,DRAM,1,TRANSFER,0x200180000000,4096,3,0,dram_hybrid_act
12377982800,DRAM,1,TRANSFER,0x200182000000,4096,3,1,dram_hybrid_act
12384591500,DRAM,1,TRANSFER,0x200204000000,4096,4,2,dram_hybrid_act
12385163000,HBM,0,READ,0x100200000000,2048,4,0,hbm_compute
12389550000,DRAM,1,TRANSFER,0x200284000000,4096,5,2,dram_hybrid_act
12391405300,CXL,2,READ,0x300280000000,17301504,5,0,cxl_expert_access
12394485000,HBM,0,READ,0x100306000000,2048,6,3,hbm_compute
12395392700,CXL,2,READ,0x300300000000,17301504,6,0,cxl_expert_access
12398593200,HBM,0,READ,0x100382000000,2048,7,1,hbm_compute
12400307100,CXL,2,READ,0x300380000000,17301504,7,0,cxl_expert_access
12403610100,HBM,0,READ,0x100402000000,2048,8,1,hbm_compute
12405403100,CXL,2,READ,0x300400000000,17301504,8,0,cxl_expert_access
12408480200,HBM,0,READ,0x100482000000,2048,9,1,hbm_compute
12409727000,CXL,2,READ,0x300486000000,17301504,9,3,cxl_expert_access
12414374000,DRAM,1,TRANSFER,0x200502000000,4096,10,1,dram_hybrid_act
12414934200,HBM,0,READ,0x100504000000,2048,10,2,hbm_compute
12418041100,HBM,0,READ,0x100584000000,2048,11,2,hbm_compute
12420076600,CXL,2,READ,0x300580000000,17301504,11,0,cxl_expert_access
12423125800,HBM,0,READ,0x100600000000,2048,12,0,hbm_compute
12425036100,CXL,2,READ,0x300604000000,17301504,12,2,cxl_expert_access
12430040400,CXL,2,READ,0x300684000000,17301504,13,2,cxl_expert_access
12430612300,HBM,0,READ,0x100680000000,2048,13,0,hbm_compute
12433759600,HBM,0,READ,0x100700000000,2048,14,0,hbm_compute
12435583400,DRAM,1,TRANSFER,0x200706000000,4096,14,3,dram_hybrid_act
12438784600,HBM,0,READ,0x100782000000,2048,15,1,hbm_compute
12439152100,HBM,0,READ,0x100780000000,2048,15,0,hbm_compute
12443652700,CXL,2,READ,0x300806000000,17301504,16,3,cxl_expert_access
12444371000,HBM,0,READ,0x100802000000,2048,16,1,hbm_compute
12447377300,HBM,0,READ,0x100886000000,2048,17,3,hbm_compute
12447750900,HBM,0,READ,0x100882000000,2048,17,1,hbm_compute
12451962600,DRAM,1,TRANSFER,0x200902000000,4096,18,1,dram_hybrid_act
12453695300,DRAM,1,TRANSFER,0x200900000000,4096,18,0,dram_hybrid_act
12457111700,HBM,0,READ,0x100984000000,2048,19,2,hbm_compute
12459121100,DRAM,1,TRANSFER,0x200980000000,4096,19,0,dram_hybrid_act
12462151800,HBM,0,READ,0x100a04000000,2048,20,2,hbm_compute
12463214600,CXL,2,READ,0x300a00000000,17301504,20,0,cxl_expert_access
12467883500,CXL,2,READ,0x300a82000000,17301504,21,1,cxl_expert_access
12468437700,HBM,0,READ,0x100a86000000,2048,21,3,hbm_compute
12471471600,HBM,0,READ,0x100b06000000,2048,22,3,hbm_compute
12471851600,HBM,0,READ,0x100b04000000,2048,22,2,hbm_compute
12475854900,CXL,2,READ,0x300b82000000,17301504,23,1,cxl_expert_access
12476785700,CXL,2,READ,0x300b80000000,17301504,23,0,cxl_expert_access
12486757800,CXL,2,READ,0x300002000000,17301504,0,1,cxl_expert_access
12488453900,DRAM,1,TRANSFER,0x200000000000,4096,0,0,dram_hybrid_act
12492597500,CXL,2,READ,0x300084000000,17301504,1,2,cxl_expert_access
12492986600,HBM,0,READ,0x100080000000,2048,1,0,hbm_compute
12495644800,HBM,0,READ,0x100100000000,2048,2,0,hbm_compute
12496526600,DRAM,1,TRANSFER,0x200106000000,4096,2,3,dram_hybrid_act
12500518900,DRAM,1,TRANSFER,0x200182000000,4096,3,1,dram_hybrid_act
12502224700,DRAM,1,TRANSFER,0x200180000000,4096,3,0,dram_hybrid_act
12505806700,CXL,2,READ,0x300202000000,17301504,4,1,cxl_expert_access
12506431300,HBM,0,READ,0x100200000000,2048,4,0,hbm_compute
12510143500,CXL,2,READ,0x300280000000,17301504,5,0,cxl_expert_access
12510565100,HBM,0,READ,0x100286000000,2048,5,3,hbm_compute
12514325300,DRAM,1,TRANSFER,0x200302000000,4096,6,1,dram_hybrid_act
12516136100,CXL,2,READ,0x300300000000,17301504,6,0,cxl_expert_access
12519521900,HBM,0,READ,0x100384000000,2048,7,2,hbm_compute
12519879000,HBM,0,READ,0x100382000000,2048,7,1,hbm_compute
12524798800,CXL,2,READ,0x300400000000,17301504,8,0,cxl_expert_access
12526044200,CXL,2,READ,0x300406000000,17301504,8,3,cxl_expert_access
12529362400,HBM,0,READ,0x100482000000,2048,9,1,hbm_compute
12531122700,CXL,2,READ,0x300486000000,17301504,9,3,cxl_expert_access
12534372700,HBM,0,READ,0x100504000000,2048,10,2,hbm_compute
12536280000,DRAM,1,TRANSFER,0x200502000000,4096,10,1,dram_hybrid_act
12539052200,HBM,0,READ,0x100584000000,2048,11,2,hbm_compute
12540750000,CXL,2,READ,0x300586000000,17301504,11,3,cxl_expert_access
12545386700,CXL,2,READ,0x300606000000,17301504,12,3,cxl_expert_access
12546047800,HBM,0,READ,0x100600000000,2048,12,0,hbm_compute
12550236500,CXL,2,READ,0x300684000000,17301504,13,2,cxl_expert_access
12552243400,CXL,2,READ,0x300686000000,17301504,13,3,cxl_expert_access
12555314000,HBM,0,READ,0x100700000000,2048,14,0,hbm_compute
12557027700,CXL,2,READ,0x300704000000,17301504,14,2,cxl_expert_access
12559611800,HBM,0,READ,0x100780000000,2048,15,0,hbm_compute
12559996600,HBM,0,READ,0x100782000000,2048,15,1,hbm_compute
12562759100,HBM,0,READ,0x100802000000,2048,16,1,hbm_compute
12564625000,CXL,2,READ,0x300806000000,17301504,16,3,cxl_expert_access
12569583300,DRAM,1,TRANSFER,0x200880000000,4096,17,0,dram_hybrid_act
12570156500,HBM,0,READ,0x100886000000,2048,17,3,hbm_compute
12574620900,DRAM,1,TRANSFER,0x200900000000,4096,18,0,dram_hybrid_act
12576264300,DRAM,1,TRANSFER,0x200906000000,4096,18,3,dram_hybrid_act
12579926800,CXL,2,READ,0x300982000000,17301504,19,1,cxl_expert_access
12581095100,DRAM,1,TRANSFER,0x200980000000,4096,19,0,dram_hybrid_act
12586588800,DRAM,1,TRANSFER,0x200a06000000,4096,20,3,dram_hybrid_act
12588418400,CXL,2,READ,0x300a02000000,17301504,20,1,cxl_expert_access
12591659200,HBM,0,READ,0x100a86000000,2048,21,3,hbm_compute
12593213000,CXL,2,READ,0x300a82000000,17301504,21,1,cxl_expert_access
12596121700,HBM,0,READ,0x100b04000000,2048,22,2,hbm_compute
12597013100,CXL,2,READ,0x300b02000000,17301504,22,1,cxl_expert_access
12600386000,HBM,0,READ,0x100b86000000,2048,23,3,hbm_compute
12602279100,CXL,2,READ,0x300b82000000,17301504,23,1,cxl_expert_access
12615315700,CXL,2,READ,0x300002000000,17301504,0,1,cxl_expert_access
12617367500,DRAM,1,TRANSFER,0x200004000000,4096,0,2,dram_hybrid_act
12620935900,HBM,0,READ,0x100082000000,2048,1,1,hbm_compute
12621306900,HBM,0,READ,0x100080000000,2048,1,0,hbm_compute
12624182500,HBM,0,READ,0x100100000000,2048,2,0,hbm_compute
12625611500,DRAM,1,TRANSFER,0x200106000000,4096,2,3,dram_hybrid_act
12628874600,DRAM,1,TRANSFER,0x200182000000,4096,3,1,dram_hybrid_act
12630935500,DRAM,1,TRANSFER,0x200180000000,4096,3,0,dram_hybrid_act
12635599600,CXL,2,READ,0x300202000000,17301504,4,1,cxl_expert_access
12637387300,DRAM,1,TRANSFER,0x200206000000,4096,4,3,dram_hybrid_act
12641650300,DRAM,1,TRANSFER,0x200284000000,4096,5,2,dram_hybrid_act
12642161800,HBM,0,READ,0x100286000000,2048,5,3,hbm_compute
12645514900,DRAM,1,TRANSFER,0x200304000000,4096,6,2,dram_hybrid_act
12646510100,DRAM,1,TRANSFER,0x200302000000,4096,6,1,dram_hybrid_act
12650857500,CXL,2,READ,0x300380000000,17301504,7,0,cxl_expert_access
12651296800,HBM,0,READ,0x100384000000,2048,7,2,hbm_compute
12655300500,CXL,2,READ,0x300400000000,17301504,8,0,cxl_expert_access
12657005100,CXL,2,READ,0x300406000000,17301504,8,3,cxl_expert_access
12659608000,HBM,0,READ,0x100482000000,2048,9,1,hbm_compute
12660739200,DRAM,1,TRANSFER,0x200484000000,4096,9,2,dram_hybrid_act
12664208600,HBM,0,READ,0x100504000000,2048,10,2,hbm_compute
12665965200,DRAM,1,TRANSFER,0x200500000000,4096,10,0,dram_hybrid_act
12670577200,CXL,2,READ,0x300586000000,17301504,11,3,cxl_expert_access
12671132900,HBM,0,READ,0x100584000000,2048,11,2,hbm_compute
12674213600,HBM,0,READ,0x100600000000,2048,12,0,hbm_compute
12675822000,CXL,2,READ,0x300606000000,17301504,12,3,cxl_expert_access
12679841800,CXL,2,READ,0x300684000000,17301504,13,2,cxl_expert_access
12681392200,CXL,2,READ,0x300686000000,17301504,13,3,cxl_expert_access
12685164200,HBM,0,READ,0x100702000000,2048,14,1,hbm_compute
12686850900,DRAM,1,TRANSFER,0x200706000000,4096,14,3,dram_hybrid_act
12691464700,CXL,2,READ,0x300784000000,17301504,15,2,cxl_expert_access
12692147200,HBM,0,READ,0x100780000000,2048,15,0,hbm_compute
12695104400,HBM,0,READ,0x100802000000,2048,16,1,hbm_compute
12696060600,CXL,2,READ,0x300804000000,17301504,16,2,cxl_expert_access
12700614900,DRAM,1,TRANSFER,0x200880000000,4096,17,0,dram_hybrid_act
12702470100,CXL,2,READ,0x300884000000,17301504,17,2,cxl_expert_access
12707773100,DRAM,1,TRANSFER,0x200902000000,4096,18,1,dram_hybrid_act
12709538200,DRAM,1,TRANSFER,0x200906000000,4096,18,3,dram_hybrid_act
12713161100,DRAM,1,TRANSFER,0x200980000000,4096,19,0,dram_hybrid_act
12713617300,HBM,0,READ,0x100984000000,2048,19,2,hbm_compute
12718079400,CXL,2,READ,0x300a02000000,17301504,20,1,cxl_expert_access
12719939800,CXL,2,READ,0x300a00000000,17301504,20,0,cxl_expert_access
12725215900,CXL,2,READ,0x300a82000000,17301504,21,1,cxl_expert_access
12725833700,HBM,0,READ,0x100a86000000,2048,21,3,hbm_compute
12728949000,HBM,0,READ,0x100b04000000,2048,22,2,hbm_compute
12729949200,CXL,2,READ,0x300b00000000,17301504,22,0,cxl_expert_access
12734736500,CXL,2,READ,0x300b82000000,17301504,23,1,cxl_expert_access
12735332700,HBM,0,READ,0x100b84000000,2048,23,2,hbm_compute
12745495700,CXL,2,READ,0x300002000000,17301504,0,1,cxl_expert_access
12745980900,HBM,0,READ,0x100006000000,2048,0,3,hbm_compute
12750458100,CXL,2,READ,0x300086000000,17301504,1,3,cxl_expert_access
12750978200,HBM,0,READ,0x100082000000,2048,1,1,hbm_compute
12755581400,CXL,2,READ,0x300104000000,17301504,2,2,cxl_expert_access
12756168500,HBM,0,READ,0x100100000000,2048,2,0,hbm_compute
12760524200,DRAM,1,TRANSFER,0x200182000000,4096,3,1,dram_hybrid_act
12762529600,DRAM,1,TRANSFER,0x200180000000,4096,3,0,dram_hybrid_act
12767520000,DRAM,1,TRANSFER,0x200206000000,4096,4,3,dram_hybrid_act
12769267200,CXL,2,READ,0x300202000000,17301504,4,1,cxl_expert_access
12772946200,HBM,0,READ,0x100286000000,2048,5,3,hbm_compute
12774689800,CXL,2,READ,0x300282000000,17301504,5,1,cxl_expert_access
12779224000,CXL,2,READ,0x300300000000,17301504,6,0,cxl_expert_access
12780331500,DRAM,1,TRANSFER,0x200302000000,4096,6,1,dram_hybrid_act
12785521800,CXL,2,READ,0x300380000000,17301504,7,0,cxl_expert_access
12787539900,CXL,2,READ,0x300386000000,17301504,7,3,cxl_expert_access
12792159500,CXL,2,READ,0x300400000000,17301504,8,0,cxl_expert_access
12792765600,HBM,0,READ,0x100404000000,2048,8,2,hbm_compute
12795965900,HBM,0,READ,0x100482000000,2048,9,1,hbm_compute
12797282700,CXL,2,READ,0x300486000000,17301504,9,3,cxl_expert_access
12800647100,HBM,0,READ,0x100504000000,2048,10,2,hbm_compute
12802634700,DRAM,1,TRANSFER,0x200500000000,4096,10,0,dram_hybrid_act
12807388500,CXL,2,READ,0x300586000000,17301504,11,3,cxl_expert_access
12807942400,HBM,0,READ,0x100584000000,2048,11,2,hbm_compute
12811359600,CXL,2,READ,0x300606000000,17301504,12,3,cxl_expert_access
12811991600,HBM,0,READ,0x100602000000,2048,12,1,hbm_compute
12816260600,CXL,2,READ,0x300684000000,17301504,13,2,cxl_expert_access
12818317400,CXL,2,READ,0x300686000000,17301504,13,3,cxl_expert_access
12821768100,HBM,0,READ,0x100700000000,2048,14,0,hbm_compute
12822121200,HBM,0,READ,0x100702000000,2048,14,1,hbm_compute
12824756100,HBM,0,READ,0x100780000000,2048,15,0,hbm_compute
12826581000,CXL,2,READ,0x300784000000,17301504,15,2,cxl_expert_access
12829685900,HBM,0,READ,0x100802000000,2048,16,1,hbm_compute
12831424600,CXL,2,READ,0x300804000000,17301504,16,2,cxl_expert_access
12836488500,CXL,2,READ,0x300884000000,17301504,17,2,cxl_expert_access
12840719800,DRAM,1,TRANSFER,0x200880000000,4096,17,0,dram_hybrid_act
12845588700,DRAM,1,TRANSFER,0x200904000000,4096,18,2,dram_hybrid_act
12846713300,DRAM,1,TRANSFER,0x200902000000,4096,18,1,dram_hybrid_act
12855078900,DRAM,1,TRANSFER,0x200980000000,4096,19,0,dram_hybrid_act
12858905100,DRAM,1,TRANSFER,0x200986000000,4096,19,3,dram_hybrid_act
12865843400,CXL,2,READ,0x300a00000000,17301504,20,0,cxl_expert_access
12867889300,CXL,2,READ,0x300a02000000,17301504,20,1,cxl_expert_access
12871129500,HBM,0,READ,0x100a86000000,2048,21,3,hbm_compute
12872984500,CXL,2,READ,0x300a80000000,17301504,21,0,cxl_expert_access
12876760700,CXL,2,READ,0x300b00000000,17301504,22,0,cxl_expert_access
12877186500,HBM,0,READ,0x100b04000000,2048,22,2,hbm_compute
12880537000,HBM,0,READ,0x100b86000000,2048,23,3,hbm_compute
12880901400,HBM,0,READ,0x100b84000000,2048,23,2,hbm_compute
12889636800,HBM,0,READ,0x100006000000,2048,0,3,hbm_compute
12891418800,DRAM,1,TRANSFER,0x200004000000,4096,0,2,dram_hybrid_act
12895300100,CXL,2,READ,0x300084000000,17301504,1,2,cxl_expert_access
12895715600,HBM,0,READ,0x100082000000,2048,1,1,hbm_compute
12899716900,CXL,2,READ,0x300104000000,17301504,2,2,cxl_expert_access
12901458100,DRAM,1,TRANSFER,0x200102000000,4096,2,1,dram_hybrid_act
12905838800,DRAM,1,TRANSFER,0x200182000000,4096,3,1,dram_hybrid_act
12907433700,DRAM,1,TRANSFER,0x200180000000,4096,3,0,dram_hybrid_act
12910978900,DRAM,1,TRANSFER,0x200206000000,4096,4,3,dram_hybrid_act
12912024700,DRAM,1,TRANSFER,0x200204000000,4096,4,2,dram_hybrid_act
12916508700,CXL,2,READ,0x300282000000,17301504,5,1,cxl_expert_access
12918103600,DRAM,1,TRANSFER,0x200284000000,4096,5,2,dram_hybrid_act
12920605800,HBM,0,READ,0x100306000000,2048,6,3,hbm_compute
12921554000,CXL,2,READ,0x300300000000,17301504,6,0,cxl_expert_access
12925749100,CXL,2,READ,0x300380000000,17301504,7,0,cxl_expert_access
12926932100,CXL,2,READ,0x300386000000,17301504,7,3,cxl_expert_access
12931671100,CXL,2,READ,0x300400000000,17301504,8,0,cxl_expert_access
12932212600,HBM,0,READ,0x100402000000,2048,8,1,hbm_compute
12937268700,HBM,0,READ,0x100482000000,2048,9,1,hbm_compute
12939224000,DRAM,1,TRANSFER,0x200484000000,4096,9,2,dram_hybrid_act
12944625200,DRAM,1,TRANSFER,0x200502000000,4096,10,1,dram_hybrid_act
12945208000,HBM,0,READ,0x100504000000,2048,10,2,hbm_compute
12949524900,CXL,2,READ,0x300580000000,17301504,11,0,cxl_expert_access
12951343100,CXL,2,READ,0x300586000000,17301504,11,3,cxl_expert_access
12956617300,CXL,2,READ,0x300604000000,17301504,12,2,cxl_expert_access
12957189100,HBM,0,READ,0x100602000000,2048,12,1,hbm_compute
12960689300,CXL,2,READ,0x300684000000,17301504,13,2,cxl_expert_access
12961864200,CXL,2,READ,0x300686000000,17301504,13,3,cxl_expert_access
12966454400,DRAM,1,TRANSFER,0x200706000000,4096,14,3,dram_hybrid_act
12968229200,CXL,2,READ,0x300704000000,17301504,14,2,cxl_expert_access
12971511300,HBM,0,READ,0x100782000000,2048,15,1,hbm_compute
12971819000,HBM,0,READ,0x100780000000,2048,15,0,hbm_compute
12974512700,HBM,0,READ,0x100802000000,2048,16,1,hbm_compute
12975900800,CXL,2,READ,0x300806000000,17301504,16,3,cxl_expert_access
12979512500,CXL,2,READ,0x300884000000,17301504,17,2,cxl_expert_access
12979907500,HBM,0,READ,0x100882000000,2048,17,1,hbm_compute
12984342400,DRAM,1,TRANSFER,0x200902000000,4096,18,1,dram_hybrid_act
12986151200,DRAM,1,TRANSFER,0x200900000000,4096,18,0,dram_hybrid_act
12989737300,CXL,2,READ,0x300982000000,17301504,19,1,cxl_expert_access
12991431300,DRAM,1,TRANSFER,0x200980000000,4096,19,0,dram_hybrid_act
12995195000,CXL,2,READ,0x300a00000000,17301504,20,0,cxl_expert_access
12996187500,CXL,2,READ,0x300a02000000,17301504,20,1,cxl_expert_access
12999148600,HBM,0,READ,0x100a86000000,2048,21,3,hbm_compute
13000905800,CXL,2,READ,0x300a80000000,17301504,21,0,cxl_expert_access
13004047400,HBM,0,READ,0x100b04000000,2048,22,2,hbm_compute
13005698700,CXL,2,READ,0x300b02000000,17301504,22,1,cxl_expert_access
13009429500,CXL,2,READ,0x300b80000000,17301504,23,0,cxl_expert_access
13009823100,HBM,0,READ,0x100b86000000,2048,23,3,hbm_compute
13599648200,DRAM,1,TRANSFER,0x200004000000,4096,0,2,dram_hybrid_act
13601457100,DRAM,1,TRANSFER,0x200000000000,4096,0,0,dram_hybrid_act
13605081000,HBM,0,READ,0x100082000000,2048,1,1,hbm_compute
13606839200,CXL,2,READ,0x300084000000,17301504,1,2,cxl_expert_access
13610059200,HBM,0,READ,0x100100000000,2048,2,0,hbm_compute
13611359000,DRAM,1,TRANSFER,0x200106000000,4096,2,3,dram_hybrid_act
13614974100,HBM,0,READ,0x100186000000,2048,3,3,hbm_compute
13616780500,DRAM,1,TRANSFER,0x200182000000,4096,3,1,dram_hybrid_act
13621418400,CXL,2,READ,0x300202000000,17301504,4,1,cxl_expert_access
13623242500,DRAM,1,TRANSFER,0x200204000000,4096,4,2,dram_hybrid_act
13628351400,CXL,2,READ,0x300280000000,17301504,5,0,cxl_expert_access
13628922400,HBM,0,READ,0x100286000000,2048,5,3,hbm_compute
13633511100,DRAM,1,TRANSFER,0x200302000000,4096,6,1,dram_hybrid_act
13635228500,DRAM,1,TRANSFER,0x200304000000,4096,6,2,dram_hybrid_act
13638310200,HBM,0,READ,0x100382000000,2048,7,1,hbm_compute
13640092800,CXL,2,READ,0x300380000000,17301504,7,0,cxl_expert_access
13644194200,HBM,0,READ,0x100402000000,2048,8,1,hbm_compute
13645954300,CXL,2,READ,0x300406000000,17301504,8,3,cxl_expert_access
13650512000,CXL,2,READ,0x300486000000,17301504,9,3,cxl_expert_access
13651053300,HBM,0,READ,0x100482000000,2048,9,1,hbm_compute
13654122500,HBM,0,READ,0x100504000000,2048,10,2,hbm_compute
13655922800,DRAM,1,TRANSFER,0x200500000000,4096,10,0,dram_hybrid_act
13659469800,HBM,0,READ,0x100584000000,2048,11,2,hbm_compute
13660539300,CXL,2,READ,0x300586000000,17301504,11,3,cxl_expert_access
13665377400,CXL,2,READ,0x300604000000,17301504,12,2,cxl_expert_access
13665970600,HBM,0,READ,0x100602000000,2048,12,1,hbm_compute
13670440700,CXL,2,READ,0x300686000000,17301504,13,3,cxl_expert_access
13670977000,HBM,0,READ,0x100680000000,2048,13,0,hbm_compute
13674511100,HBM,0,READ,0x100700000000,2048,14,0,hbm_compute
13674868100,HBM,0,READ,0x100702000000,2048,14,1,hbm_compute
13677516900,HBM,0,READ,0x100780000000,2048,15,0,hbm_compute
13677919800,HBM,0,READ,0x100782000000,2048,15,1,hbm_compute
13680571000,HBM,0,READ,0x100800000000,2048,16,0,hbm_compute
13680943600,HBM,0,READ,0x100802000000,2048,16,1,hbm_compute
13683590400,HBM,0,READ,0x100886000000,2048,17,3,hbm_compute
13685423400,DRAM,1,TRANSFER,0x200880000000,4096,17,0,dram_hybrid_act
13690227700,DRAM,1,TRANSFER,0x200900000000,4096,18,0,dram_hybrid_act
13692093700,DRAM,1,TRANSFER,0x200904000000,4096,18,2,dram_hybrid_act
13695341300,HBM,0,READ,0x100984000000,2048,19,2,hbm_compute
13696377100,DRAM,1,TRANSFER,0x200986000000,4096,19,3,dram_hybrid_act
13701148700,CXL,2,READ,0x300a02000000,17301504,20,1,cxl_expert_access
13703053300,CXL,2,READ,0x300a00000000,17301504,20,0,cxl_expert_access
13707649600,HBM,0,READ,0x100a86000000,2048,21,3,hbm_compute
13709142500,CXL,2,READ,0x300a80000000,17301504,21,0,cxl_expert_access
13713413100,CXL,2,READ,0x300b02000000,17301504,22,1,cxl_expert_access
13713970700,HBM,0,READ,0x100b06000000,2048,22,3,hbm_compute
13716964600,HBM,0,READ,0x100b84000000,2048,23,2,hbm_compute
13717339400,HBM,0,READ,0x100b86000000,2048,23,3,hbm_compute
13726204900,CXL,2,READ,0x300002000000,17301504,0,1,cxl_expert_access
13727126200,DRAM,1,TRANSFER,0x200004000000,4096,0,2,dram_hybrid_act
13730079700,HBM,0,READ,0x100082000000,2048,1,1,hbm_compute
13731811800,CXL,2,READ,0x300084000000,17301504,1,2,cxl_expert_access
13735205700,HBM,0,READ,0x100100000000,2048,2,0,hbm_compute
13737017800,CXL,2,READ,0x300104000000,17301504,2,2,cxl_expert_access
13741529900,DRAM,1,TRANSFER,0x200182000000,4096,3,1,dram_hybrid_act
13742827300,CXL,2,READ,0x300184000000,17301504,3,2,cxl_expert_access
13747355700,DRAM,1,TRANSFER,0x200204000000,4096,4,2,dram_hybrid_act
13749239400,CXL,2,READ,0x300202000000,17301504,4,1,cxl_expert_access
13754513000,CXL,2,READ,0x300280000000,17301504,5,0,cxl_expert_access
13755017600,HBM,0,READ,0x100286000000,2048,5,3,hbm_compute
13758818500,DRAM,1,TRANSFER,0x200304000000,4096,6,2,dram_hybrid_act
13760612800,CXL,2,READ,0x300300000000,17301504,6,0,cxl_expert_access
13764324200,HBM,0,READ,0x100382000000,2048,7,1,hbm_compute
13766336600,CXL,2,READ,0x300380000000,17301504,7,0,cxl_expert_access
13771012100,CXL,2,READ,0x300406000000,17301504,8,3,cxl_expert_access
13773016100,CXL,2,READ,0x300400000000,17301504,8,0,cxl_expert_access
13778353300,CXL,2,READ,0x300486000000,17301504,9,3,cxl_expert_access
13780450800,DRAM,1,TRANSFER,0x200480000000,4096,9,0,dram_hybrid_act
13784166300,HBM,0,READ,0x100504000000,2048,10,2,hbm_compute
13785867000,CXL,2,READ,0x300506000000,17301504,10,3,cxl_expert_access
13788884700,HBM,0,READ,0x100582000000,2048,11,1,hbm_compute
13790598900,CXL,2,READ,0x300586000000,17301504,11,3,cxl_expert_access
13794769200,CXL,2,READ,0x300604000000,17301504,12,2,cxl_expert_access
13795429700,HBM,0,READ,0x100602000000,2048,12,1,hbm_compute
13799877800,CXL,2,READ,0x300686000000,17301504,13,3,cxl_expert_access
13800430500,HBM,0,READ,0x100680000000,2048,13,0,hbm_compute
13803232500,HBM,0,READ,0x100700000000,2048,14,0,hbm_compute
13803569000,HBM,0,READ,0x100702000000,2048,14,1,hbm_compute
13806054100,HBM,0,READ,0x100782000000,2048,15,1,hbm_compute
13807795500,CXL,2,READ,0x300784000000,17301504,15,2,cxl_expert_access
13810749900,HBM,0,READ,0x100800000000,2048,16,0,hbm_compute
13811396500,HBM,0,READ,0x100802000000,2048,16,1,hbm_compute
13815661200,DRAM,1,TRANSFER,0x200880000000,4096,17,0,dram_hybrid_act
13816293200,HBM,0,READ,0x100886000000,2048,17,3,hbm_compute
13820835500,DRAM,1,TRANSFER,0x200900000000,4096,18,0,dram_hybrid_act
13822650100,DRAM,1,TRANSFER,0x200904000000,4096,18,2,dram_hybrid_act
13827164000,DRAM,1,TRANSFER,0x200980000000,4096,19,0,dram_hybrid_act
13828193100,CXL,2,READ,0x300982000000,17301504,19,1,cxl_expert_access
13833468900,CXL,2,READ,0x300a02000000,17301504,20,1,cxl_expert_access
13834174900,HBM,0,READ,0x100a04000000,2048,20,2,hbm_compute
13837486700,HBM,0,READ,0x100a86000000,2048,21,3,hbm_compute
13837977500,HBM,0,READ,0x100a84000000,2048,21,2,hbm_compute
13842287300,CXL,2,READ,0x300b02000000,17301504,22,1,cxl_expert_access
13843376600,CXL,2,READ,0x300b00000000,17301504,22,0,cxl_expert_access
13847423600,HBM,0,READ,0x100b84000000,2048,23,2,hbm_compute
13847811500,HBM,0,READ,0x100b86000000,2048,23,3,hbm_compute
13857767200,HBM,0,READ,0x100006000000,2048,0,3,hbm_compute
13859560700,DRAM,1,TRANSFER,0x200004000000,4096,0,2,dram_hybrid_act
13863240300,HBM,0,READ,0x100080000000,2048,1,0,hbm_compute
13863602600,HBM,0,READ,0x100082000000,2048,1,1,hbm_compute
13867643800,DRAM,1,TRANSFER,0x200106000000,4096,2,3,dram_hybrid_act
13868164300,HBM,0,READ,0x100100000000,2048,2,0,hbm_compute
13872372400,DRAM,1,TRANSFER,0x200182000000,4096,3,1,dram_hybrid_act
13872935200,HBM,0,READ,0x100186000000,2048,3,3,hbm_compute
13877154400,DRAM,1,TRANSFER,0x200204000000,4096,4,2,dram_hybrid_act
13880085000,CXL,2,READ,0x300202000000,17301504,4,1,cxl_expert_access
13884762400,CXL,2,READ,0x300280000000,17301504,5,0,cxl_expert_access
13885317100,HBM,0,READ,0x100286000000,2048,5,3,hbm_compute
13889678600,DRAM,1,TRANSFER,0x200302000000,4096,6,1,dram_hybrid_act
13891694000,DRAM,1,TRANSFER,0x200304000000,4096,6,2,dram_hybrid_act
13895516900,HBM,0,READ,0x100382000000,2048,7,1,hbm_compute
13897382600,CXL,2,READ,0x300380000000,17301504,7,0,cxl_expert_access
13902166700,CXL,2,READ,0x300406000000,17301504,8,3,cxl_expert_access
13902727400,HBM,0,READ,0x100404000000,2048,8,2,hbm_compute
13907140500,CXL,2,READ,0x300486000000,17301504,9,3,cxl_expert_access
13908875300,DRAM,1,TRANSFER,0x200480000000,4096,9,0,dram_hybrid_act
13912911300,HBM,0,READ,0x100504000000,2048,10,2,hbm_compute
13913788300,DRAM,1,TRANSFER,0x200502000000,4096,10,1,dram_hybrid_act
13916666000,HBM,0,READ,0x100582000000,2048,11,1,hbm_compute
13917003700,HBM,0,READ,0x100584000000,2048,11,2,hbm_compute
13920560600,CXL,2,READ,0x300604000000,17301504,12,2,cxl_expert_access
13922237700,CXL,2,READ,0x300606000000,17301504,12,3,cxl_expert_access
13926784100,CXL,2,READ,0x300686000000,17301504,13,3,cxl_expert_access
13927721700,CXL,2,READ,0x300684000000,17301504,13,2,cxl_expert_access
13930911200,HBM,0,READ,0x100700000000,2048,14,0,hbm_compute
13931289200,HBM,0,READ,0x100702000000,2048,14,1,hbm_compute
13934176100,HBM,0,READ,0x100780000000,2048,15,0,hbm_compute
13934545600,HBM,0,READ,0x100782000000,2048,15,1,hbm_compute
13937176600,HBM,0,READ,0x100802000000,2048,16,1,hbm_compute
13937535400,HBM,0,READ,0x100800000000,2048,16,0,hbm_compute
13941711000,DRAM,1,TRANSFER,0x200880000000,4096,17,0,dram_hybrid_act
13943240100,CXL,2,READ,0x300884000000,17301504,17,2,cxl_expert_access
13947806600,DRAM,1,TRANSFER,0x200906000000,4096,18,3,dram_hybrid_act
13949592900,DRAM,1,TRANSFER,0x200902000000,4096,18,1,dram_hybrid_act
13954395700,DRAM,1,TRANSFER,0x200986000000,4096,19,3,dram_hybrid_act
13956391900,CXL,2,READ,0x300982000000,17301504,19,1,cxl_expert_access
13960243600,CXL,2,READ,0x300a02000000,17301504,20,1,cxl_expert_access
13961442000,DRAM,1,TRANSFER,0x200a06000000,4096,20,3,dram_hybrid_act
13964740900,HBM,0,READ,0x100a86000000,2048,21,3,hbm_compute
13966571500,CXL,2,READ,0x300a80000000,17301504,21,0,cxl_expert_access
13969690700,HBM,0,READ,0x100b04000000,2048,22,2,hbm_compute
13971498000,CXL,2,READ,0x300b00000000,17301504,22,0,cxl_expert_access
13975845100,CXL,2,READ,0x300b80000000,17301504,23,0,cxl_expert_access
13976293700,HBM,0,READ,0x100b84000000,2048,23,2,hbm_compute
13986058400,CXL,2,READ,0x300002000000,17301504,0,1,cxl_expert_access
13986625000,HBM,0,READ,0x100006000000,2048,0,3,hbm_compute
13990073000,HBM,0,READ,0x100082000000,2048,1,1,hbm_compute
13991854200,CXL,2,READ,0x300084000000,17301504,1,2,cxl_expert_access
13994837600,HBM,0,READ,0x100100000000,2048,2,0,hbm_compute
13995806800,DRAM,1,TRANSFER,0x200102000000,4096,2,1,dram_hybrid_act
14000149700,CXL,2,READ,0x300184000000,17301504,3,2,cxl_expert_access
14001901700,DRAM,1,TRANSFER,0x200180000000,4096,3,0,dram_hybrid_act
14007133500,DRAM,1,TRANSFER,0x200206000000,4096,4,3,dram_hybrid_act
14008945200,DRAM,1,TRANSFER,0x200204000000,4096,4,2,dram_hybrid_act
14012931400,HBM,0,READ,0x100286000000,2048,5,3,hbm_compute
14014818500,CXL,2,READ,0x300280000000,17301504,5,0,cxl_expert_access
14019602600,CXL,2,READ,0x300300000000,17301504,6,0,cxl_expert_access
14021578600,DRAM,1,TRANSFER,0x200304000000,4096,6,2,dram_hybrid_act
14025498700,CXL,2,READ,0x300380000000,17301504,7,0,cxl_expert_access
14026480200,CXL,2,READ,0x300386000000,17301504,7,3,cxl_expert_access
14029653600,HBM,0,READ,0x100404000000,2048,8,2,hbm_compute
14031503500,CXL,2,READ,0x300406000000,17301504,8,3,cxl_expert_access
14036426000,DRAM,1,TRANSFER,0x200484000000,4096,9,2,dram_hybrid_act
14038428500,CXL,2,READ,0x300486000000,17301504,9,3,cxl_expert_access
14042084500,CXL,2,READ,0x300506000000,17301504,10,3,cxl_expert_access
14042963200,DRAM,1,TRANSFER,0x200502000000,4096,10,1,dram_hybrid_act
14045869300,HBM,0,READ,0x100582000000,2048,11,1,hbm_compute
14046721900,CXL,2,READ,0x300580000000,17301504,11,0,cxl_expert_access
14049414500,HBM,0,READ,0x100602000000,2048,12,1,hbm_compute
14051341600,CXL,2,READ,0x300604000000,17301504,12,2,cxl_expert_access
14056026000,CXL,2,READ,0x300684000000,17301504,13,2,cxl_expert_access
14056594700,HBM,0,READ,0x100680000000,2048,13,0,hbm_compute
14060011400,DRAM,1,TRANSFER,0x200706000000,4096,14,3,dram_hybrid_act
14060514900,HBM,0,READ,0x100702000000,2048,14,1,hbm_compute
14063832400,HBM,0,READ,0x100782000000,2048,15,1,hbm_compute
14065646800,CXL,2,READ,0x300784000000,17301504,15,2,cxl_expert_access
14069143900,HBM,0,READ,0x100802000000,2048,16,1,hbm_compute
14069467800,HBM,0,READ,0x100800000000,2048,16,0,hbm_compute
14072120100,HBM,0,READ,0x100886000000,2048,17,3,hbm_compute
14073990800,CXL,2,READ,0x300884000000,17301504,17,2,cxl_expert_access
14078649600,DRAM,1,TRANSFER,0x200906000000,4096,18,3,dram_hybrid_act
14080511800,DRAM,1,TRANSFER,0x200900000000,4096,18,0,dram_hybrid_act
14085622300,CXL,2,READ,0x300982000000,17301504,19,1,cxl_expert_access
14087302500,DRAM,1,TRANSFER,0x200980000000,4096,19,0,dram_hybrid_act
14089960700,HBM,0,READ,0x100a04000000,2048,20,2,hbm_compute
14091433900,CXL,2,READ,0x300a00000000,17301504,20,0,cxl_expert_access
14095809600,CXL,2,READ,0x300a80000000,17301504,21,0,cxl_expert_access
14096304800,HBM,0,READ,0x100a84000000,2048,21,2,hbm_compute
14100888200,CXL,2,READ,0x300b02000000,17301504,22,1,cxl_expert_access
14102806900,CXL,2,READ,0x300b00000000,17301504,22,0,cxl_expert_access
14106022200,HBM,0,READ,0x100b86000000,2048,23,3,hbm_compute
14106396700,HBM,0,READ,0x100b84000000,2048,23,2,hbm_compute
14113850200,HBM,0,READ,0x100006000000,2048,0,3,hbm_compute
14115323800,DRAM,1,TRANSFER,0x200000000000,4096,0,0,dram_hybrid_act
14120092500,CXL,2,READ,0x300084000000,17301504,1,2,cxl_expert_access
14120688700,HBM,0,READ,0x100082000000,2048,1,1,hbm_compute
14123744700,HBM,0,READ,0x100100000000,2048,2,0,hbm_compute
14125547900,DRAM,1,TRANSFER,0x200102000000,4096,2,1,dram_hybrid_act
14129243200,DRAM,1,TRANSFER,0x200182000000,4096,3,1,dram_hybrid_act
14130445400,DRAM,1,TRANSFER,0x200180000000,4096,3,0,dram_hybrid_act
14135219000,DRAM,1,TRANSFER,0x200204000000,4096,4,2,dram_hybrid_act
14135827400,HBM,0,READ,0x100200000000,2048,4,0,hbm_compute
14140260800,DRAM,1,TRANSFER,0x200284000000,4096,5,2,dram_hybrid_act
14142160500,CXL,2,READ,0x300282000000,17301504,5,1,cxl_expert_access
14147832700,DRAM,1,TRANSFER,0x200302000000,4096,6,1,dram_hybrid_act
14148421800,HBM,0,READ,0x100306000000,2048,6,3,hbm_compute
14152955400,CXL,2,READ,0x300380000000,17301504,7,0,cxl_expert_access
14154764200,CXL,2,READ,0x300386000000,17301504,7,3,cxl_expert_access
14157625800,HBM,0,READ,0x100404000000,2048,8,2,hbm_compute
14159271400,CXL,2,READ,0x300406000000,17301504,8,3,cxl_expert_access
14163232200,CXL,2,READ,0x300486000000,17301504,9,3,cxl_expert_access
14163834200,HBM,0,READ,0x100482000000,2048,9,1,hbm_compute
14168168400,DRAM,1,TRANSFER,0x200502000000,4096,10,1,dram_hybrid_act
14168687500,HBM,0,READ,0x100504000000,2048,10,2,hbm_compute
14173087300,CXL,2,READ,0x300580000000,17301504,11,0,cxl_expert_access
14175023300,CXL,2,READ,0x300586000000,17301504,11,3,cxl_expert_access
14178927400,CXL,2,READ,0x300606000000,17301504,12,3,cxl_expert_access
14179439000,HBM,0,READ,0x100600000000,2048,12,0,hbm_compute
14184286400,CXL,2,READ,0x300684000000,17301504,13,2,cxl_expert_access
14184845100,HBM,0,READ,0x100680000000,2048,13,0,hbm_compute
14188301900,HBM,0,READ,0x100702000000,2048,14,1,hbm_compute
14188723300,HBM,0,READ,0x100700000000,2048,14,0,hbm_compute
14193024000,CXL,2,READ,0x300784000000,17301504,15,2,cxl_expert_access
14193964200,HBM,0,READ,0x100780000000,2048,15,0,hbm_compute
14198218000,CXL,2,READ,0x300806000000,17301504,16,3,cxl_expert_access
14198798900,HBM,0,READ,0x100802000000,2048,16,1,hbm_compute
14203303500,CXL,2,READ,0x300884000000,17301504,17,2,cxl_expert_access
14203890400,HBM,0,READ,0x100882000000,2048,17,1,hbm_compute
14208465900,DRAM,1,TRANSFER,0x200902000000,4096,18,1,dram_hybrid_act
14209770900,DRAM,1,TRANSFER,0x200906000000,4096,18,3,dram_hybrid_act
14213665700,DRAM,1,TRANSFER,0x200986000000,4096,19,3,dram_hybrid_act
14215591300,CXL,2,READ,0x300982000000,17301504,19,1,cxl_expert_access
14219304300,HBM,0,READ,0x100a04000000,2048,20,2,hbm_compute
14221185700,CXL,2,READ,0x300a00000000,17301504,20,0,cxl_expert_access
14224861000,HBM,0,READ,0x100a86000000,2048,21,3,hbm_compute
14225257200,HBM,0,READ,0x100a84000000,2048,21,2,hbm_compute
14227884300,HBM,0,READ,0x100b04000000,2048,22,2,hbm_compute
14228946200,CXL,2,READ,0x300b00000000,17301504,22,0,cxl_expert_access
14231943500,HBM,0,READ,0x100b86000000,2048,23,3,hbm_compute
14232309600,HBM,0,READ,0x100b84000000,2048,23,2,hbm_compute
14240169000,HBM,0,READ,0x100006000000,2048,0,3,hbm_compute
14241981500,CXL,2,READ,0x300002000000,17301504,0,1,cxl_expert_access
14245163800,HBM,0,READ,0x100082000000,2048,1,1,hbm_compute
14245557400,HBM,0,READ,0x100080000000,2048,1,0,hbm_compute
14249636300,DRAM,1,TRANSFER,0x200106000000,4096,2,3,dram_hybrid_act
14251475800,CXL,2,READ,0x300104000000,17301504,2,2,cxl_expert_access
14256752700,DRAM,1,TRANSFER,0x200180000000,4096,3,0,dram_hybrid_act
14257327600,HBM,0,READ,0x100186000000,2048,3,3,hbm_compute
14263676200,DRAM,1,TRANSFER,0x200204000000,4096,4,2,dram_hybrid_act
14264313100,HBM,0,READ,0x100200000000,2048,4,0,hbm_compute
14268787900,DRAM,1,TRANSFER,0x200284000000,4096,5,2,dram_hybrid_act
14270764700,CXL,2,READ,0x300280000000,17301504,5,0,cxl_expert_access
14274278100,HBM,0,READ,0x100306000000,2048,6,3,hbm_compute
14276038700,CXL,2,READ,0x300300000000,17301504,6,0,cxl_expert_access
14279258900,HBM,0,READ,0x100384000000,2048,7,2,hbm_compute
14279637000,HBM,0,READ,0x100382000000,2048,7,1,hbm_compute
14283832700,CXL,2,READ,0x300400000000,17301504,8,0,cxl_expert_access
14284412500,HBM,0,READ,0x100404000000,2048,8,2,hbm_compute
14289307100,CXL,2,READ,0x300486000000,17301504,9,3,cxl_expert_access
14289874300,HBM,0,READ,0x100482000000,2048,9,1,hbm_compute
14294454300,DRAM,1,TRANSFER,0x200502000000,4096,10,1,dram_hybrid_act
14295458200,CXL,2,READ,0x300506000000,17301504,10,3,cxl_expert_access
14298713100,HBM,0,READ,0x100584000000,2048,11,2,hbm_compute
14300633600,CXL,2,READ,0x300580000000,17301504,11,0,cxl_expert_access
14303803600,HBM,0,READ,0x100600000000,2048,12,0,hbm_compute
14305576800,CXL,2,READ,0x300604000000,17301504,12,2,cxl_expert_access
14310011000,CXL,2,READ,0x300684000000,17301504,13,2,cxl_expert_access
14310423200,HBM,0,READ,0x100680000000,2048,13,0,hbm_compute
14313157000,HBM,0,READ,0x100700000000,2048,14,0,hbm_compute
14313556500,HBM,0,READ,0x100702000000,2048,14,1,hbm_compute
14318022600,CXL,2,READ,0x300784000000,17301504,15,2,cxl_expert_access
14318625900,HBM,0,READ,0x100782000000,2048,15,1,hbm_compute
14323201000,CXL,2,READ,0x300806000000,17301504,16,3,cxl_expert_access
14323733600,HBM,0,READ,0x100802000000,2048,16,1,hbm_compute
14326662200,HBM,0,READ,0x100886000000,2048,17,3,hbm_compute
14327022300,HBM,0,READ,0x100882000000,2048,17,1,hbm_compute
14330122800,DRAM,1,TRANSFER,0x200906000000,4096,18,3,dram_hybrid_act
14332179600,DRAM,1,TRANSFER,0x200902000000,4096,18,1,dram_hybrid_act
14337112600,DRAM,1,TRANSFER,0x200986000000,4096,19,3,dram_hybrid_act
14339231500,DRAM,1,TRANSFER,0x200980000000,4096,19,0,dram_hybrid_act
14343361100,CXL,2,READ,0x300a00000000,17301504,20,0,cxl_expert_access
14343858200,HBM,0,READ,0x100a04000000,2048,20,2,hbm_compute
14346739600,HBM,0,READ,0x100a86000000,2048,21,3,hbm_compute
14347392600,HBM,0,READ,0x100a84000000,2048,21,2,hbm_compute
14349779000,HBM,0,READ,0x100b04000000,2048,22,2,hbm_compute
14351421800,CXL,2,READ,0x300b02000000,17301504,22,1,cxl_expert_access
14355379500,CXL,2,READ,0x300b82000000,17301504,23,1,cxl_expert_access
14355838800,HBM,0,READ,0x100b86000000,2048,23,3,hbm_compute
14364331100,CXL,2,READ,0x300002000000,17301504,0,1,cxl_expert_access
14365705600,DRAM,1,TRANSFER,0x200004000000,4096,0,2,dram_hybrid_act
14369890700,HBM,0,READ,0x100082000000,2048,1,1,hbm_compute
14370371000,HBM,0,READ,0x100080000000,2048,1,0,hbm_compute
14374869900,DRAM,1,TRANSFER,0x200102000000,4096,2,1,dram_hybrid_act
14376293300,DRAM,1,TRANSFER,0x200106000000,4096,2,3,dram_hybrid_act
14380137700,DRAM,1,TRANSFER,0x200180000000,4096,3,0,dram_hybrid_act
14381730600,DRAM,1,TRANSFER,0x200182000000,4096,3,1,dram_hybrid_act
14386850900,DRAM,1,TRANSFER,0x200206000000,4096,4,3,dram_hybrid_act
14387398400,HBM,0,READ,0x100200000000,2048,4,0,hbm_compute
14391662800,DRAM,1,TRANSFER,0x200284000000,4096,5,2,dram_hybrid_act
14393172200,CXL,2,READ,0x300280000000,17301504,5,0,cxl_expert_access
14396844700,HBM,0,READ,0x100306000000,2048,6,3,hbm_compute
14398681700,CXL,2,READ,0x300300000000,17301504,6,0,cxl_expert_access
14403303500,CXL,2,READ,0x300386000000,17301504,7,3,cxl_expert_access
14403839300,HBM,0,READ,0x100384000000,2048,7,2,hbm_compute
14408166900,CXL,2,READ,0x300400000000,17301504,8,0,cxl_expert_access
14410094300,CXL,2,READ,0x300406000000,17301504,8,3,cxl_expert_access
14414291200,HBM,0,READ,0x100482000000,2048,9,1,hbm_compute
14416099200,CXL,2,READ,0x300486000000,17301504,9,3,cxl_expert_access
14420722000,DRAM,1,TRANSFER,0x200502000000,4096,10,1,dram_hybrid_act
14421241200,HBM,0,READ,0x100504000000,2048,10,2,hbm_compute
14424442500,HBM,0,READ,0x100584000000,2048,11,2,hbm_compute
14426412600,CXL,2,READ,0x300580000000,17301504,11,0,cxl_expert_access
14430443900,HBM,0,READ,0x100600000000,2048,12,0,hbm_compute
14430915300,HBM,0,READ,0x100602000000,2048,12,1,hbm_compute
14434429400,HBM,0,READ,0x100680000000,2048,13,0,hbm_compute
14436219500,CXL,2,READ,0x300684000000,17301504,13,2,cxl_expert_access
14440490200,HBM,0,READ,0x100702000000,2048,14,1,hbm_compute
14442240200,CXL,2,READ,0x300704000000,17301504,14,2,cxl_expert_access
14445672900,HBM,0,READ,0x100780000000,2048,15,0,hbm_compute
14446628900,CXL,2,READ,0x300784000000,17301504,15,2,cxl_expert_access
14451243500,CXL,2,READ,0x300806000000,17301504,16,3,cxl_expert_access
14451778600,HBM,0,READ,0x100802000000,2048,16,1,hbm_compute
14456138100,DRAM,1,TRANSFER,0x200880000000,4096,17,0,dram_hybrid_act
14456980900,HBM,0,READ,0x100886000000,2048,17,3,hbm_compute
14460637000,DRAM,1,TRANSFER,0x200902000000,4096,18,1,dram_hybrid_act
14461952200,DRAM,1,TRANSFER,0x200906000000,4096,18,3,dram_hybrid_act
14466389200,DRAM,1,TRANSFER,0x200986000000,4096,19,3,dram_hybrid_act
14468232300,DRAM,1,TRANSFER,0x200980000000,4096,19,0,dram_hybrid_act
14471670400,HBM,0,READ,0x100a04000000,2048,20,2,hbm_compute
14473854600,CXL,2,READ,0x300a02000000,17301504,20,1,cxl_expert_access
14477396600,HBM,0,READ,0x100a84000000,2048,21,2,hbm_compute
14477852100,HBM,0,READ,0x100a86000000,2048,21,3,hbm_compute
14480720500,HBM,0,READ,0x100b04000000,2048,22,2,hbm_compute
14482483000,CXL,2,READ,0x300b00000000,17301504,22,0,cxl_expert_access
14487844100,CXL,2,READ,0x300b80000000,17301504,23,0,cxl_expert_access
14488529400,HBM,0,READ,0x100b86000000,2048,23,3,hbm_compute
14496176800,HBM,0,READ,0x100006000000,2048,0,3,hbm_compute
14497145100,CXL,2,READ,0x300002000000,17301504,0,1,cxl_expert_access
14500279800,HBM,0,READ,0x100082000000,2048,1,1,hbm_compute
14502040900,CXL,2,READ,0x300084000000,17301504,1,2,cxl_expert_access
14506802400,DRAM,1,TRANSFER,0x200102000000,4096,2,1,dram_hybrid_act
14508667300,CXL,2,READ,0x300104000000,17301504,2,2,cxl_expert_access
14512355100,DRAM,1,TRANSFER,0x200180000000,4096,3,0,dram_hybrid_act
14514071200,DRAM,1,TRANSFER,0x200182000000,4096,3,1,dram_hybrid_act
14519493100,DRAM,1,TRANSFER,0x200206000000,4096,4,3,dram_hybrid_act
14521497800,CXL,2,READ,0x300202000000,17301504,4,1,cxl_expert_access
14526412200,CXL,2,READ,0x300280000000,17301504,5,0,cxl_expert_access
14528554400,CXL,2,READ,0x300282000000,17301504,5,1,cxl_expert_access
14531617500,HBM,0,READ,0x100306000000,2048,6,3,hbm_compute
14533616900,CXL,2,READ,0x300300000000,17301504,6,0,cxl_expert_access
14536822300,HBM,0,READ,0x100384000000,2048,7,2,hbm_compute
14538541900,CXL,2,READ,0x300386000000,17301504,7,3,cxl_expert_access
14543146500,CXL,2,READ,0x300400000000,17301504,8,0,cxl_expert_access
14543690800,HBM,0,READ,0x100404000000,2048,8,2,hbm_compute
14546549600,HBM,0,READ,0x100482000000,2048,9,1,hbm_compute
14547489400,DRAM,1,TRANSFER,0x200480000000,4096,9,0,dram_hybrid_act
14552563100,DRAM,1,TRANSFER,0x200502000000,4096,10,1,dram_hybrid_act
14553199100,HBM,0,READ,0x100504000000,2048,10,2,hbm_compute
14556270100,HBM,0,READ,0x100584000000,2048,11,2,hbm_compute
14558229200,CXL,2,READ,0x300580000000,17301504,11,0,cxl_expert_access
14561880900,CXL,2,READ,0x300604000000,17301504,12,2,cxl_expert_access
14562328000,HBM,0,READ,0x100600000000,2048,12,0,hbm_compute
14565459100,HBM,0,READ,0x100680000000,2048,13,0,hbm_compute
14567182400,CXL,2,READ,0x300684000000,17301504,13,2,cxl_expert_access
14570276300,HBM,0,READ,0x100700000000,2048,14,0,hbm_compute
14570690900,HBM,0,READ,0x100702000000,2048,14,1,hbm_compute
14573358200,HBM,0,READ,0x100780000000,2048,15,0,hbm_compute
14575112800,CXL,2,READ,0x300784000000,17301504,15,2,cxl_expert_access
14578889100,CXL,2,READ,0x300806000000,17301504,16,3,cxl_expert_access
14579564600,HBM,0,READ,0x100802000000,2048,16,1,hbm_compute
14584063500,DRAM,1,TRANSFER,0x200880000000,4096,17,0,dram_hybrid_act
14585894500,CXL,2,READ,0x300884000000,17301504,17,2,cxl_expert_access
14590850200,DRAM,1,TRANSFER,0x200906000000,4096,18,3,dram_hybrid_act
14592345400,DRAM,1,TRANSFER,0x200900000000,4096,18,0,dram_hybrid_act
14596346200,DRAM,1,TRANSFER,0x200986000000,4096,19,3,dram_hybrid_act
14597465800,CXL,2,READ,0x300982000000,17301504,19,1,cxl_expert_access
14600839600,HBM,0,READ,0x100a04000000,2048,20,2,hbm_compute
14602681200,DRAM,1,TRANSFER,0x200a06000000,4096,20,3,dram_hybrid_act
14605946800,HBM,0,READ,0x100a84000000,2048,21,2,hbm_compute
14606336000,HBM,0,READ,0x100a86000000,2048,21,3,hbm_compute
14609024600,HBM,0,READ,0x100b04000000,2048,22,2,hbm_compute
14609386300,HBM,0,READ,0x100b06000000,2048,22,3,hbm_compute
14612743000,CXL,2,READ,0x300b82000000,17301504,23,1,cxl_expert_access
14613242500,HBM,0,READ,0x100b86000000,2048,23,3,hbm_compute
14622810200,CXL,2,READ,0x300002000000,17301504,0,1,cxl_expert_access
14623409500,HBM,0,READ,0x100006000000,2048,0,3,hbm_compute
14627508500,CXL,2,READ,0x300086000000,17301504,1,3,cxl_expert_access
14628165200,HBM,0,READ,0x100080000000,2048,1,0,hbm_compute
14631649800,HBM,0,READ,0x100100000000,2048,2,0,hbm_compute
14633466900,DRAM,1,TRANSFER,0x200106000000,4096,2,3,dram_hybrid_act
14638062100,DRAM,1,TRANSFER,0x200182000000,4096,3,1,dram_hybrid_act
14639859800,DRAM,1,TRANSFER,0x200180000000,4096,3,0,dram_hybrid_act
14644120700,DRAM,1,TRANSFER,0x200206000000,4096,4,3,dram_hybrid_act
14644747900,HBM,0,READ,0x100200000000,2048,4,0,hbm_compute
14647581600,HBM,0,READ,0x100286000000,2048,5,3,hbm_compute
14649422700,CXL,2,READ,0x300280000000,17301504,5,0,cxl_expert_access
14654085900,DRAM,1,TRANSFER,0x200304000000,4096,6,2,dram_hybrid_act
14655812100,DRAM,1,TRANSFER,0x200302000000,4096,6,1,dram_hybrid_act
14659934700,CXL,2,READ,0x300380000000,17301504,7,0,cxl_expert_access
14660371100,HBM,0,READ,0x100384000000,2048,7,2,hbm_compute
14664834900,CXL,2,READ,0x300400000000,17301504,8,0,cxl_expert_access
14665523400,HBM,0,READ,0x100404000000,2048,8,2,hbm_compute
14668582700,HBM,0,READ,0x100482000000,2048,9,1,hbm_compute
14670383900,CXL,2,READ,0x300486000000,17301504,9,3,cxl_expert_access
14675441300,DRAM,1,TRANSFER,0x200502000000,4096,10,1,dram_hybrid_act
14677221000,DRAM,1,TRANSFER,0x200500000000,4096,10,0,dram_hybrid_act
14681552300,CXL,2,READ,0x300580000000,17301504,11,0,cxl_expert_access
14682114200,HBM,0,READ,0x100584000000,2048,11,2,hbm_compute
14686585200,CXL,2,READ,0x300606000000,17301504,12,3,cxl_expert_access
14688747500,CXL,2,READ,0x300604000000,17301504,12,2,cxl_expert_access
14693395500,CXL,2,READ,0x300684000000,17301504,13,2,cxl_expert_access
14694853000,CXL,2,READ,0x300686000000,17301504,13,3,cxl_expert_access
14699749900,CXL,2,READ,0x300704000000,17301504,14,2,cxl_expert_access
14700335500,HBM,0,READ,0x100700000000,2048,14,0,hbm_compute
14705250700,CXL,2,READ,0x300784000000,17301504,15,2,cxl_expert_access
14705831700,HBM,0,READ,0x100780000000,2048,15,0,hbm_compute
14708926400,HBM,0,READ,0x100802000000,2048,16,1,hbm_compute
14710232400,CXL,2,READ,0x300806000000,17301504,16,3,cxl_expert_access
14714354900,CXL,2,READ,0x300884000000,17301504,17,2,cxl_expert_access
14716440800,DRAM,1,TRANSFER,0x200880000000,4096,17,0,dram_hybrid_act
14721617800,DRAM,1,TRANSFER,0x200906000000,4096,18,3,dram_hybrid_act
14723583700,DRAM,1,TRANSFER,0x200900000000,4096,18,0,dram_hybrid_act
14727889200,DRAM,1,TRANSFER,0x200986000000,4096,19,3,dram_hybrid_act
14728423000,HBM,0,READ,0x100984000000,2048,19,2,hbm_compute
14731275300,HBM,0,READ,0x100a04000000,2048,20,2,hbm_compute
14733084800,CXL,2,READ,0x300a00000000,17301504,20,0,cxl_expert_access
14736648900,HBM,0,READ,0x100a86000000,2048,21,3,hbm_compute
14738613800,CXL,2,READ,0x300a82000000,17301504,21,1,cxl_expert_access
14741907600,HBM,0,READ,0x100b04000000,2048,22,2,hbm_compute
14742287300,HBM,0,READ,0x100b06000000,2048,22,3,hbm_compute
14745379700,HBM,0,READ,0x100b86000000,2048,23,3,hbm_compute
14745830200,HBM,0,READ,0x100b84000000,2048,23,2,hbm_compute
14755756000,CXL,2,READ,0x300002000000,17301504,0,1,cxl_expert_access
14757736700,DRAM,1,TRANSFER,0x200004000000,4096,0,2,dram_hybrid_act
14761028400,HBM,0,READ,0x100082000000,2048,1,1,hbm_compute
14761443900,HBM,0,READ,0x100080000000,2048,1,0,hbm_compute
14764837300,HBM,0,READ,0x100100000000,2048,2,0,hbm_compute
14766895900,CXL,2,READ,0x300104000000,17301504,2,2,cxl_expert_access
14771918000,DRAM,1,TRANSFER,0x200182000000,4096,3,1,dram_hybrid_act
14773932100,CXL,2,READ,0x300184000000,17301504,3,2,cxl_expert_access
14777894100,DRAM,1,TRANSFER,0x200204000000,4096,4,2,dram_hybrid_act
14779054900,DRAM,1,TRANSFER,0x200206000000,4096,4,3,dram_hybrid_act
14783064600,HBM,0,READ,0x100286000000,2048,5,3,hbm_compute
14784923400,CXL,2,READ,0x300280000000,17301504,5,0,cxl_expert_access
14789582700,DRAM,1,TRANSFER,0x200304000000,4096,6,2,dram_hybrid_act
14790121900,HBM,0,READ,0x100306000000,2048,6,3,hbm_compute
14795244400,CXL,2,READ,0x300380000000,17301504,7,0,cxl_expert_access
14796053500,HBM,0,READ,0x100382000000,2048,7,1,hbm_compute
14801294900,CXL,2,READ,0x300400000000,17301504,8,0,cxl_expert_access
14801899200,HBM,0,READ,0x100404000000,2048,8,2,hbm_compute
14805061000,HBM,0,READ,0x100482000000,2048,9,1,hbm_compute
14806854400,DRAM,1,TRANSFER,0x200480000000,4096,9,0,dram_hybrid_act
14811760000,DRAM,1,TRANSFER,0x200502000000,4096,10,1,dram_hybrid_act
14812662200,HBM,0,READ,0x100504000000,2048,10,2,hbm_compute
14817578200,CXL,2,READ,0x300580000000,17301504,11,0,cxl_expert_access
14818156600,HBM,0,READ,0x100584000000,2048,11,2,hbm_compute
14822670600,CXL,2,READ,0x300606000000,17301504,12,3,cxl_expert_access
14823181100,HBM,0,READ,0x100600000000,2048,12,0,hbm_compute
14827843300,CXL,2,READ,0x300684000000,17301504,13,2,cxl_expert_access
14829308200,CXL,2,READ,0x300686000000,17301504,13,3,cxl_expert_access
14832451200,HBM,0,READ,0x100700000000,2048,14,0,hbm_compute
14834364400,CXL,2,READ,0x300704000000,17301504,14,2,cxl_expert_access
14837587900,HBM,0,READ,0x100780000000,2048,15,0,hbm_compute
14839705600,CXL,2,READ,0x300784000000,17301504,15,2,cxl_expert_access
14843011600,HBM,0,READ,0x100802000000,2048,16,1,hbm_compute
14844868900,CXL,2,READ,0x300806000000,17301504,16,3,cxl_expert_access
14848383300,HBM,0,READ,0x100882000000,2048,17,1,hbm_compute
14850150100,CXL,2,READ,0x300884000000,17301504,17,2,cxl_expert_access
14854804900,DRAM,1,TRANSFER,0x200906000000,4096,18,3,dram_hybrid_act
14856574000,DRAM,1,TRANSFER,0x200900000000,4096,18,0,dram_hybrid_act
14860338700,DRAM,1,TRANSFER,0x200986000000,4096,19,3,dram_hybrid_act
14861254700,HBM,0,READ,0x100984000000,2048,19,2,hbm_compute
14866853800,CXL,2,READ,0x300a00000000,17301504,20,0,cxl_expert_access
14867490200,HBM,0,READ,0x100a04000000,2048,20,2,hbm_compute
14870814500,HBM,0,READ,0x100a86000000,2048,21,3,hbm_compute
14872627900,CXL,2,READ,0x300a80000000,17301504,21,0,cxl_expert_access
14875760700,HBM,0,READ,0x100b04000000,2048,22,2,hbm_compute
14876910000,CXL,2,READ,0x300b00000000,17301504,22,0,cxl_expert_access
14881155500,CXL,2,READ,0x300b80000000,17301504,23,0,cxl_expert_access
14881779100,HBM,0,READ,0x100b86000000,2048,23,3,hbm_compute
14889919200,HBM,0,READ,0x100006000000,2048,0,3,hbm_compute
14891637900,DRAM,1,TRANSFER,0x200004000000,4096,0,2,dram_hybrid_act
14894916000,HBM,0,READ,0x100082000000,2048,1,1,hbm_compute
14895816400,CXL,2,READ,0x300084000000,17301504,1,2,cxl_expert_access
14900281300,CXL,2,READ,0x300104000000,17301504,2,2,cxl_expert_access
14902176200,DRAM,1,TRANSFER,0x200102000000,4096,2,1,dram_hybrid_act
14905871600,DRAM,1,TRANSFER,0x200182000000,4096,3,1,dram_hybrid_act
14906763600,DRAM,1,TRANSFER,0x200180000000,4096,3,0,dram_hybrid_act
14911406700,DRAM,1,TRANSFER,0x200206000000,4096,4,3,dram_hybrid_act
14912499900,CXL,2,READ,0x300202000000,17301504,4,1,cxl_expert_access
14917291600,DRAM,1,TRANSFER,0x200284000000,4096,5,2,dram_hybrid_act
14919125600,CXL,2,READ,0x300280000000,17301504,5,0,cxl_expert_access
14922167000,HBM,0,READ,0x100306000000,2048,6,3,hbm_compute
14924316900,CXL,2,READ,0x300300000000,17301504,6,0,cxl_expert_access
14928278800,CXL,2,READ,0x300380000000,17301504,7,0,cxl_expert_access
14928819300,HBM,0,READ,0x100384000000,2048,7,2,hbm_compute
14931723700,HBM,0,READ,0x100404000000,2048,8,2,hbm_compute
14933545600,CXL,2,READ,0x300400000000,17301504,8,0,cxl_expert_access
14936758900,HBM,0,READ,0x100482000000,2048,9,1,hbm_compute
14938594400,DRAM,1,TRANSFER,0x200480000000,4096,9,0,dram_hybrid_act
14942934900,CXL,2,READ,0x300506000000,17301504,10,3,cxl_expert_access
14943555200,HBM,0,READ,0x100504000000,2048,10,2,hbm_compute
14948009500,CXL,2,READ,0x300580000000,17301504,11,0,cxl_expert_access
14948515500,HBM,0,READ,0x100584000000,2048,11,2,hbm_compute
14952759100,CXL,2,READ,0x300606000000,17301504,12,3,cxl_expert_access
14953334300,HBM,0,READ,0x100600000000,2048,12,0,hbm_compute
14957853700,CXL,2,READ,0x300684000000,17301504,13,2,cxl_expert_access
14958346900,HBM,0,READ,0x100682000000,2048,13,1,hbm_compute
14961189700,HBM,0,READ,0x100700000000,2048,14,0,hbm_compute
14961762400,HBM,0,READ,0x100702000000,2048,14,1,hbm_compute
14966255800,HBM,0,READ,0x100780000000,2048,15,0,hbm_compute
14968811400,CXL,2,READ,0x300784000000,17301504,15,2,cxl_expert_access
14973084500,CXL,2,READ,0x300806000000,17301504,16,3,cxl_expert_access
14973654900,HBM,0,READ,0x100802000000,2048,16,1,hbm_compute
14976656800,HBM,0,READ,0x100882000000,2048,17,1,hbm_compute
14978063700,CXL,2,READ,0x300884000000,17301504,17,2,cxl_expert_access
14982939500,DRAM,1,TRANSFER,0x200906000000,4096,18,3,dram_hybrid_act
14984647500,DRAM,1,TRANSFER,0x200900000000,4096,18,0,dram_hybrid_act
14988427300,DRAM,1,TRANSFER,0x200986000000,4096,19,3,dram_hybrid_act
14988833500,HBM,0,READ,0x100984000000,2048,19,2,hbm_compute
14991707700,DRAM,1,TRANSFER,0x200a06000000,4096,20,3,dram_hybrid_act
14992139200,HBM,0,READ,0x100a04000000,2048,20,2,hbm_compute
14995196300,CXL,2,READ,0x300a80000000,17301504,21,0,cxl_expert_access
14995599800,HBM,0,READ,0x100a86000000,2048,21,3,hbm_compute
14999627000,CXL,2,READ,0x300b02000000,17301504,22,1,cxl_expert_access
15000098800,HBM,0,READ,0x100b06000000,2048,22,3,hbm_compute
15004095600,CXL,2,READ,0x300b80000000,17301504,23,0,cxl_expert_access
15004581500,HBM,0,READ,0x100b86000000,2048,23,3,hbm_compute
15012089300,CXL,2,READ,0x300002000000,17301504,0,1,cxl_expert_access
15013039200,DRAM,1,TRANSFER,0x200004000000,4096,0,2,dram_hybrid_act
15016012700,HBM,0,READ,0x100082000000,2048,1,1,hbm_compute
15017773900,CXL,2,READ,0x300084000000,17301504,1,2,cxl_expert_access
15022767500,DRAM,1,TRANSFER,0x200106000000,4096,2,3,dram_hybrid_act
15024402500,DRAM,1,TRANSFER,0x200102000000,4096,2,1,dram_hybrid_act
15032662100,DRAM,1,TRANSFER,0x200182000000,4096,3,1,dram_hybrid_act
15033481900,HBM,0,READ,0x100186000000,2048,3,3,hbm_compute
15038481400,DRAM,1,TRANSFER,0x200206000000,4096,4,3,dram_hybrid_act
15039058000,HBM,0,READ,0x100200000000,2048,4,0,hbm_compute
15042129100,HBM,0,READ,0x100286000000,2048,5,3,hbm_compute
15043669600,CXL,2,READ,0x300282000000,17301504,5,1,cxl_expert_access
15047475800,DRAM,1,TRANSFER,0x200302000000,4096,6,1,dram_hybrid_act
15049716900,CXL,2,READ,0x300300000000,17301504,6,0,cxl_expert_access
15052904300,HBM,0,READ,0x100384000000,2048,7,2,hbm_compute
15053278400,HBM,0,READ,0x100382000000,2048,7,1,hbm_compute
15057354500,CXL,2,READ,0x300400000000,17301504,8,0,cxl_expert_access
15057896900,HBM,0,READ,0x100404000000,2048,8,2,hbm_compute
15060548200,HBM,0,READ,0x100482000000,2048,9,1,hbm_compute
15061500100,DRAM,1,TRANSFER,0x200480000000,4096,9,0,dram_hybrid_act
15066061400,DRAM,1,TRANSFER,0x200500000000,4096,10,0,dram_hybrid_act
15066590200,HBM,0,READ,0x100504000000,2048,10,2,hbm_compute
15069175500,HBM,0,READ,0x100584000000,2048,11,2,hbm_compute
15070764200,CXL,2,READ,0x300580000000,17301504,11,0,cxl_expert_access
15074358100,CXL,2,READ,0x300606000000,17301504,12,3,cxl_expert_access
15075284900,CXL,2,READ,0x300604000000,17301504,12,2,cxl_expert_access
15078427000,CXL,2,READ,0x300684000000,17301504,13,2,cxl_expert_access
15078872800,HBM,0,READ,0x100682000000,2048,13,1,hbm_compute
15082965900,DRAM,1,TRANSFER,0x200706000000,4096,14,3,dram_hybrid_act
15083379400,HBM,0,READ,0x100702000000,2048,14,1,hbm_compute
15086011900,HBM,0,READ,0x100780000000,2048,15,0,hbm_compute
15086362500,HBM,0,READ,0x100782000000,2048,15,1,hbm_compute
15090211500,CXL,2,READ,0x300806000000,17301504,16,3,cxl_expert_access
15090668300,HBM,0,READ,0x100802000000,2048,16,1,hbm_compute
15093048600,HBM,0,READ,0x100882000000,2048,17,1,hbm_compute
15093966800,CXL,2,READ,0x300884000000,17301504,17,2,cxl_expert_access
15098385400,DRAM,1,TRANSFER,0x200906000000,4096,18,3,dram_hybrid_act
15099889900,DRAM,1,TRANSFER,0x200904000000,4096,18,2,dram_hybrid_act
15102473700,HBM,0,READ,0x100984000000,2048,19,2,hbm_compute
15103317700,DRAM,1,TRANSFER,0x200986000000,4096,19,3,dram_hybrid_act
15107147200,DRAM,1,TRANSFER,0x200a06000000,4096,20,3,dram_hybrid_act
15107626200,HBM,0,READ,0x100a04000000,2048,20,2,hbm_compute
15109941000,HBM,0,READ,0x100a86000000,2048,21,3,hbm_compute
15110866400,CXL,2,READ,0x300a82000000,17301504,21,1,cxl_expert_access
15114115100,HBM,0,READ,0x100b06000000,2048,22,3,hbm_compute
15115946800,CXL,2,READ,0x300b02000000,17301504,22,1,cxl_expert_access
15120466000,CXL,2,READ,0x300b82000000,17301504,23,1,cxl_expert_access
15121055000,HBM,0,READ,0x100b86000000,2048,23,3,hbm_compute
15131800800,CXL,2,READ,0x300002000000,17301504,0,1,cxl_expert_access
15133734200,DRAM,1,TRANSFER,0x200000000000,4096,0,0,dram_hybrid_act
15136857000,HBM,0,READ,0x100082000000,2048,1,1,hbm_compute
15138535000,CXL,2,READ,0x300086000000,17301504,1,3,cxl_expert_access
15141797900,DRAM,1,TRANSFER,0x200106000000,4096,2,3,dram_hybrid_act
15142205000,HBM,0,READ,0x100100000000,2048,2,0,hbm_compute
15146178900,DRAM,1,TRANSFER,0x200182000000,4096,3,1,dram_hybrid_act
15148128100,DRAM,1,TRANSFER,0x200180000000,4096,3,0,dram_hybrid_act
15153438300,CXL,2,READ,0x300202000000,17301504,4,1,cxl_expert_access
15155224900,DRAM,1,TRANSFER,0x200206000000,4096,4,3,dram_hybrid_act
15158677500,DRAM,1,TRANSFER,0x200284000000,4096,5,2,dram_hybrid_act
15159177300,HBM,0,READ,0x100286000000,2048,5,3,hbm_compute
15164662500,DRAM,1,TRANSFER,0x200304000000,4096,6,2,dram_hybrid_act
15165833400,DRAM,1,TRANSFER,0x200302000000,4096,6,1,dram_hybrid_act
15169588200,HBM,0,READ,0x100382000000,2048,7,1,hbm_compute
15170088300,HBM,0,READ,0x100384000000,2048,7,2,hbm_compute
15173928900,CXL,2,READ,0x300400000000,17301504,8,0,cxl_expert_access
15174674200,HBM,0,READ,0x100404000000,2048,8,2,hbm_compute
15177981600,HBM,0,READ,0x100482000000,2048,9,1,hbm_compute
15179366100,DRAM,1,TRANSFER,0x200484000000,4096,9,2,dram_hybrid_act
15182964000,HBM,0,READ,0x100504000000,2048,10,2,hbm_compute
15184954500,CXL,2,READ,0x300506000000,17301504,10,3,cxl_expert_access
15188384200,HBM,0,READ,0x100584000000,2048,11,2,hbm_compute
15190328300,CXL,2,READ,0x300580000000,17301504,11,0,cxl_expert_access
15193510700,HBM,0,READ,0x100600000000,2048,12,0,hbm_compute
15195645700,CXL,2,READ,0x300606000000,17301504,12,3,cxl_expert_access
15200393100,CXL,2,READ,0x300686000000,17301504,13,3,cxl_expert_access
15202011900,CXL,2,READ,0x300684000000,17301504,13,2,cxl_expert_access
15205693800,HBM,0,READ,0x100700000000,2048,14,0,hbm_compute
15206606300,DRAM,1,TRANSFER,0x200706000000,4096,14,3,dram_hybrid_act
15209939500,HBM,0,READ,0x100780000000,2048,15,0,hbm_compute
15211312100,CXL,2,READ,0x300784000000,17301504,15,2,cxl_expert_access
15214276400,HBM,0,READ,0x100802000000,2048,16,1,hbm_compute
15216101500,CXL,2,READ,0x300806000000,17301504,16,3,cxl_expert_access
15220182300,CXL,2,READ,0x300884000000,17301504,17,2,cxl_expert_access
15220630700,HBM,0,READ,0x100882000000,2048,17,1,hbm_compute
15224192600,DRAM,1,TRANSFER,0x200902000000,4096,18,1,dram_hybrid_act
15225197100,DRAM,1,TRANSFER,0x200900000000,4096,18,0,dram_hybrid_act
15228241800,HBM,0,READ,0x100984000000,2048,19,2,hbm_compute
15229272700,DRAM,1,TRANSFER,0x200986000000,4096,19,3,dram_hybrid_act
15234023600,CXL,2,READ,0x300a00000000,17301504,20,0,cxl_expert_access
15235966400,CXL,2,READ,0x300a02000000,17301504,20,1,cxl_expert_access
15239348500,HBM,0,READ,0x100a86000000,2048,21,3,hbm_compute
15239695200,HBM,0,READ,0x100a84000000,2048,21,2,hbm_compute
15242967800,CXL,2,READ,0x300b02000000,17301504,22,1,cxl_expert_access
15243450600,HBM,0,READ,0x100b04000000,2048,22,2,hbm_compute
15246269600,HBM,0,READ,0x100b86000000,2048,23,3,hbm_compute
15246632200,HBM,0,READ,0x100b84000000,2048,23,2,hbm_compute
15257270200,CXL,2,READ,0x300002000000,17301504,0,1,cxl_expert_access
15258692800,DRAM,1,TRANSFER,0x200000000000,4096,0,0,dram_hybrid_act
15261710200,HBM,0,READ,0x100082000000,2048,1,1,hbm_compute
15262085200,HBM,0,READ,0x100080000000,2048,1,0,hbm_compute
15266412100,DRAM,1,TRANSFER,0x200106000000,4096,2,3,dram_hybrid_act
15266965200,HBM,0,READ,0x100100000000,2048,2,0,hbm_compute
15270260400,HBM,0,READ,0x100186000000,2048,3,3,hbm_compute
15272047300,DRAM,1,TRANSFER,0x200180000000,4096,3,0,dram_hybrid_act
15275853500,CXL,2,READ,0x300202000000,17301504,4,1,cxl_expert_access
15276299600,HBM,0,READ,0x100200000000,2048,4,0,hbm_compute
15279856800,DRAM,1,TRANSFER,0x200284000000,4096,5,2,dram_hybrid_act
15281899200,CXL,2,READ,0x300282000000,17301504,5,1,cxl_expert_access
15287353200,CXL,2,READ,0x300300000000,17301504,6,0,cxl_expert_access
15288648200,DRAM,1,TRANSFER,0x200302000000,4096,6,1,dram_hybrid_act
15291520000,HBM,0,READ,0x100382000000,2048,7,1,hbm_compute
15292402500,CXL,2,READ,0x300380000000,17301504,7,0,cxl_expert_access
15296874600,CXL,2,READ,0x300400000000,17301504,8,0,cxl_expert_access
15297588000,HBM,0,READ,0x100402000000,2048,8,1,hbm_compute
15301030800,HBM,0,READ,0x100482000000,2048,9,1,hbm_compute
15303025400,CXL,2,READ,0x300486000000,17301504,9,3,cxl_expert_access
15306919200,DRAM,1,TRANSFER,0x200502000000,4096,10,1,dram_hybrid_act
15307388000,HBM,0,READ,0x100504000000,2048,10,2,hbm_compute
15312396200,CXL,2,READ,0x300586000000,17301504,11,3,cxl_expert_access
15313572900,CXL,2,READ,0x300580000000,17301504,11,0,cxl_expert_access
15317499900,CXL,2,READ,0x300606000000,17301504,12,3,cxl_expert_access
15317976300,HBM,0,READ,0x100600000000,2048,12,0,hbm_compute
15321399600,CXL,2,READ,0x300684000000,17301504,13,2,cxl_expert_access
15323090300,CXL,2,READ,0x300686000000,17301504,13,3,cxl_expert_access
15326214800,HBM,0,READ,0x100700000000,2048,14,0,hbm_compute
15326589000,HBM,0,READ,0x100702000000,2048,14,1,hbm_compute
15329560200,HBM,0,READ,0x100782000000,2048,15,1,hbm_compute
15331731900,CXL,2,READ,0x300784000000,17301504,15,2,cxl_expert_access
15335222500,HBM,0,READ,0x100802000000,2048,16,1,hbm_compute
15337018300,CXL,2,READ,0x300806000000,17301504,16,3,cxl_expert_access
15340304700,HBM,0,READ,0x100882000000,2048,17,1,hbm_compute
15341524900,CXL,2,READ,0x300884000000,17301504,17,2,cxl_expert_access
15345209600,DRAM,1,TRANSFER,0x200904000000,4096,18,2,dram_hybrid_act
15347329600,DRAM,1,TRANSFER,0x200902000000,4096,18,1,dram_hybrid_act
15352363900,DRAM,1,TRANSFER,0x200986000000,4096,19,3,dram_hybrid_act
15352915100,HBM,0,READ,0x100984000000,2048,19,2,hbm_compute
15357334200,CXL,2,READ,0x300a02000000,17301504,20,1,cxl_expert_access
15357856500,HBM,0,READ,0x100a04000000,2048,20,2,hbm_compute
15361344500,CXL,2,READ,0x300a82000000,17301504,21,1,cxl_expert_access
15361883000,HBM,0,READ,0x100a86000000,2048,21,3,hbm_compute
15365411700,HBM,0,READ,0x100b04000000,2048,22,2,hbm_compute
15367394800,CXL,2,READ,0x300b00000000,17301504,22,0,cxl_expert_access
15370565700,HBM,0,READ,0x100b84000000,2048,23,2,hbm_compute
15372474800,CXL,2,READ,0x300b82000000,17301504,23,1,cxl_expert_access
15383406800,CXL,2,READ,0x300002000000,17301504,0,1,cxl_expert_access
15384755400,DRAM,1,TRANSFER,0x200000000000,4096,0,0,dram_hybrid_act
15388301400,HBM,0,READ,0x100080000000,2048,1,0,hbm_compute
15390125400,CXL,2,READ,0x300084000000,17301504,1,2,cxl_expert_access
15394214800,DRAM,1,TRANSFER,0x200106000000,4096,2,3,dram_hybrid_act
15394755600,HBM,0,READ,0x100100000000,2048,2,0,hbm_compute
15399528700,DRAM,1,TRANSFER,0x200182000000,4096,3,1,dram_hybrid_act
15401112200,DRAM,1,TRANSFER,0x200180000000,4096,3,0,dram_hybrid_act
15404892100,DRAM,1,TRANSFER,0x200206000000,4096,4,3,dram_hybrid_act
15405388100,HBM,0,READ,0x100200000000,2048,4,0,hbm_compute
15408960400,DRAM,1,TRANSFER,0x200284000000,4096,5,2,dram_hybrid_act
15409432400,HBM,0,READ,0x100286000000,2048,5,3,hbm_compute
15412787000,CXL,2,READ,0x300300000000,17301504,6,0,cxl_expert_access
15413246000,HBM,0,READ,0x100306000000,2048,6,3,hbm_compute
15417694100,CXL,2,READ,0x300380000000,17301504,7,0,cxl_expert_access
15418730800,HBM,0,READ,0x100384000000,2048,7,2,hbm_compute
15423803900,CXL,2,READ,0x300406000000,17301504,8,3,cxl_expert_access
15425512100,CXL,2,READ,0x300400000000,17301504,8,0,cxl_expert_access
15429316500,HBM,0,READ,0x100482000000,2048,9,1,hbm_compute
15431256400,CXL,2,READ,0x300486000000,17301504,9,3,cxl_expert_access
15434926100,HBM,0,READ,0x100504000000,2048,10,2,hbm_compute
15436815600,DRAM,1,TRANSFER,0x200500000000,4096,10,0,dram_hybrid_act
15440378100,HBM,0,READ,0x100584000000,2048,11,2,hbm_compute
15442352400,CXL,2,READ,0x300586000000,17301504,11,3,cxl_expert_access
15446187700,HBM,0,READ,0x100600000000,2048,12,0,hbm_compute
15448031300,CXL,2,READ,0x300606000000,17301504,12,3,cxl_expert_access
15452392500,CXL,2,READ,0x300684000000,17301504,13,2,cxl_expert_access
15452881900,HBM,0,READ,0x100682000000,2048,13,1,hbm_compute
15455792500,HBM,0,READ,0x100702000000,2048,14,1,hbm_compute
15456342400,HBM,0,READ,0x100700000000,2048,14,0,hbm_compute
15459552400,HBM,0,READ,0x100782000000,2048,15,1,hbm_compute
15460573600,CXL,2,READ,0x300784000000,17301504,15,2,cxl_expert_access
15464351100,HBM,0,READ,0x100802000000,2048,16,1,hbm_compute
15464739700,HBM,0,READ,0x100800000000,2048,16,0,hbm_compute
15467745500,HBM,0,READ,0x100882000000,2048,17,1,hbm_compute
15469555200,DRAM,1,TRANSFER,0x200880000000,4096,17,0,dram_hybrid_act
15474516900,DRAM,1,TRANSFER,0x200902000000,4096,18,1,dram_hybrid_act
15475469000,DRAM,1,TRANSFER,0x200906000000,4096,18,3,dram_hybrid_act
15479633300,DRAM,1,TRANSFER,0x200986000000,4096,19,3,dram_hybrid_act
15480244500,HBM,0,READ,0x100984000000,2048,19,2,hbm_compute
15485107400,CXL,2,READ,0x300a00000000,17301504,20,0,cxl_expert_access
15485753500,HBM,0,READ,0x100a04000000,2048,20,2,hbm_compute
15489592200,HBM,0,READ,0x100a86000000,2048,21,3,hbm_compute
15491196600,CXL,2,READ,0x300a80000000,17301504,21,0,cxl_expert_access
15494785200,CXL,2,READ,0x300b00000000,17301504,22,0,cxl_expert_access
15496185000,CXL,2,READ,0x300b02000000,17301504,22,1,cxl_expert_access
15499637900,HBM,0,READ,0x100b86000000,2048,23,3,hbm_compute
15500059500,HBM,0,READ,0x100b84000000,2048,23,2,hbm_compute
15508283000,HBM,0,READ,0x100006000000,2048,0,3,hbm_compute
15509183800,DRAM,1,TRANSFER,0x200004000000,4096,0,2,dram_hybrid_act
15512185000,HBM,0,READ,0x100082000000,2048,1,1,hbm_compute
15513031600,HBM,0,READ,0x100080000000,2048,1,0,hbm_compute
15520520500,CXL,2,READ,0x300104000000,17301504,2,2,cxl_expert_access
15522518400,DRAM,1,TRANSFER,0x200102000000,4096,2,1,dram_hybrid_act
15526765700,DRAM,1,TRANSFER,0x200182000000,4096,3,1,dram_hybrid_act
15527947300,DRAM,1,TRANSFER,0x200180000000,4096,3,0,dram_hybrid_act
15532728300,CXL,2,READ,0x300202000000,17301504,4,1,cxl_expert_access
15534962100,DRAM,1,TRANSFER,0x200204000000,4096,4,2,dram_hybrid_act
15538571000,DRAM,1,TRANSFER,0x200284000000,4096,5,2,dram_hybrid_act
15539521200,CXL,2,READ,0x300282000000,17301504,5,1,cxl_expert_access
15543227300,CXL,2,READ,0x300300000000,17301504,6,0,cxl_expert_access
15543675700,HBM,0,READ,0x100306000000,2048,6,3,hbm_compute
15547981500,CXL,2,READ,0x300386000000,17301504,7,3,cxl_expert_access
15548549500,HBM,0,READ,0x100382000000,2048,7,1,hbm_compute
15553744800,CXL,2,READ,0x300400000000,17301504,8,0,cxl_expert_access
15554944000,CXL,2,READ,0x300406000000,17301504,8,3,cxl_expert_access
15557841500,HBM,0,READ,0x100482000000,2048,9,1,hbm_compute
15558786000,DRAM,1,TRANSFER,0x200484000000,4096,9,2,dram_hybrid_act
15561898300,HBM,0,READ,0x100504000000,2048,10,2,hbm_compute
15563624400,DRAM,1,TRANSFER,0x200502000000,4096,10,1,dram_hybrid_act
15567851600,HBM,0,READ,0x100584000000,2048,11,2,hbm_compute
15569665400,CXL,2,READ,0x300586000000,17301504,11,3,cxl_expert_access
15573582700,CXL,2,READ,0x300606000000,17301504,12,3,cxl_expert_access
15574209700,HBM,0,READ,0x100600000000,2048,12,0,hbm_compute
15577256400,HBM,0,READ,0x100680000000,2048,13,0,hbm_compute
15579477200,CXL,2,READ,0x300684000000,17301504,13,2,cxl_expert_access
15582413100,HBM,0,READ,0x100702000000,2048,14,1,hbm_compute
15582705000,HBM,0,READ,0x100700000000,2048,14,0,hbm_compute
15585065700,HBM,0,READ,0x100782000000,2048,15,1,hbm_compute
15586816500,CXL,2,READ,0x300784000000,17301504,15,2,cxl_expert_access
15589336800,HBM,0,READ,0x100802000000,2048,16,1,hbm_compute
15590188100,CXL,2,READ,0x300806000000,17301504,16,3,cxl_expert_access
15592885200,HBM,0,READ,0x100882000000,2048,17,1,hbm_compute
15593802300,CXL,2,READ,0x300884000000,17301504,17,2,cxl_expert_access
15598802100,DRAM,1,TRANSFER,0x200904000000,4096,18,2,dram_hybrid_act
15600566400,DRAM,1,TRANSFER,0x200902000000,4096,18,1,dram_hybrid_act
15604272300,DRAM,1,TRANSFER,0x200986000000,4096,19,3,dram_hybrid_act
15604685600,HBM,0,READ,0x100984000000,2048,19,2,hbm_compute
15608594100,CXL,2,READ,0x300a02000000,17301504,20,1,cxl_expert_access
15609531200,CXL,2,READ,0x300a00000000,17301504,20,0,cxl_expert_access
15613837300,CXL,2,READ,0x300a82000000,17301504,21,1,cxl_expert_access
15615881600,CXL,2,READ,0x300a80000000,17301504,21,0,cxl_expert_access
15618517100,HBM,0,READ,0x100b04000000,2048,22,2,hbm_compute
15619733300,CXL,2,READ,0x300b00000000,17301504,22,0,cxl_expert_access
15623869500,CXL,2,READ,0x300b82000000,17301504,23,1,cxl_expert_access
15624357100,HBM,0,READ,0x100b84000000,2048,23,2,hbm_compute
15635025200,CXL,2,READ,0x300002000000,17301504,0,1,cxl_expert_access
15636949500,DRAM,1,TRANSFER,0x200004000000,4096,0,2,dram_hybrid_act
15640557100,HBM,0,READ,0x100080000000,2048,1,0,hbm_compute
15641902400,CXL,2,READ,0x300084000000,17301504,1,2,cxl_expert_access
15646438300,CXL,2,READ,0x300104000000,17301504,2,2,cxl_expert_access
15647102700,HBM,0,READ,0x100100000000,2048,2,0,hbm_compute
15652459200,DRAM,1,TRANSFER,0x200180000000,4096,3,0,dram_hybrid_act
15654575300,DRAM,1,TRANSFER,0x200182000000,4096,3,1,dram_hybrid_act
15659278600,DRAM,1,TRANSFER,0x200204000000,4096,4,2,dram_hybrid_act
15659723300,HBM,0,READ,0x100200000000,2048,4,0,hbm_compute
15664187700,DRAM,1,TRANSFER,0x200284000000,4096,5,2,dram_hybrid_act
15666107900,CXL,2,READ,0x300282000000,17301504,5,1,cxl_expert_access
15669840400,CXL,2,READ,0x300300000000,17301504,6,0,cxl_expert_access
15670356400,HBM,0,READ,0x100306000000,2048,6,3,hbm_compute
15673573800,HBM,0,READ,0x100384000000,2048,7,2,hbm_compute
15675004800,CXL,2,READ,0x300380000000,17301504,7,0,cxl_expert_access
15678084400,HBM,0,READ,0x100402000000,2048,8,1,hbm_compute
15679316700,CXL,2,READ,0x300400000000,17301504,8,0,cxl_expert_access
15684782800,CXL,2,READ,0x300486000000,17301504,9,3,cxl_expert_access
15685391000,HBM,0,READ,0x100482000000,2048,9,1,hbm_compute
15690274400,HBM,0,READ,0x100504000000,2048,10,2,hbm_compute
15691781900,DRAM,1,TRANSFER,0x200502000000,4096,10,1,dram_hybrid_act
15696703800,CXL,2,READ,0x300580000000,17301504,11,0,cxl_expert_access
15697382700,HBM,0,READ,0x100584000000,2048,11,2,hbm_compute
15701966400,CXL,2,READ,0x300606000000,17301504,12,3,cxl_expert_access
15703751000,CXL,2,READ,0x300604000000,17301504,12,2,cxl_expert_access
15708375000,CXL,2,READ,0x300684000000,17301504,13,2,cxl_expert_access
15709113800,HBM,0,READ,0x100680000000,2048,13,0,hbm_compute
15712528400,HBM,0,READ,0x100700000000,2048,14,0,hbm_compute
15714606400,DRAM,1,TRANSFER,0x200706000000,4096,14,3,dram_hybrid_act
15719968000,CXL,2,READ,0x300784000000,17301504,15,2,cxl_expert_access
15720669000,HBM,0,READ,0x100782000000,2048,15,1,hbm_compute
15725237000,CXL,2,READ,0x300806000000,17301504,16,3,cxl_expert_access
15726798300,CXL,2,READ,0x300804000000,17301504,16,2,cxl_expert_access
15730669900,HBM,0,READ,0x100882000000,2048,17,1,hbm_compute
15732408100,DRAM,1,TRANSFER,0x200880000000,4096,17,0,dram_hybrid_act
15737409400,DRAM,1,TRANSFER,0x200902000000,4096,18,1,dram_hybrid_act
15738894500,DRAM,1,TRANSFER,0x200906000000,4096,18,3,dram_hybrid_act
15745007900,DRAM,1,TRANSFER,0x200986000000,4096,19,3,dram_hybrid_act
15747187300,CXL,2,READ,0x300982000000,17301504,19,1,cxl_expert_access
15752628100,DRAM,1,TRANSFER,0x200a06000000,4096,20,3,dram_hybrid_act
15753179100,HBM,0,READ,0x100a04000000,2048,20,2,hbm_compute
15756838800,HBM,0,READ,0x100a86000000,2048,21,3,hbm_compute
15758056300,CXL,2,READ,0x300a82000000,17301504,21,1,cxl_expert_access
15762710900,CXL,2,READ,0x300b00000000,17301504,22,0,cxl_expert_access
15763469200,HBM,0,READ,0x100b06000000,2048,22,3,hbm_compute
15767334600,HBM,0,READ,0x100b86000000,2048,23,3,hbm_compute
15767725400,HBM,0,READ,0x100b84000000,2048,23,2,hbm_compute
15777349100,DRAM,1,TRANSFER,0x200004000000,4096,0,2,dram_hybrid_act
15777999200,HBM,0,READ,0x100006000000,2048,0,3,hbm_compute
15781653500,HBM,0,READ,0x100080000000,2048,1,0,hbm_compute
15783472400,CXL,2,READ,0x300086000000,17301504,1,3,cxl_expert_access
15788728400,DRAM,1,TRANSFER,0x200102000000,4096,2,1,dram_hybrid_act
15790541200,DRAM,1,TRANSFER,0x200106000000,4096,2,3,dram_hybrid_act
15794402800,HBM,0,READ,0x100186000000,2048,3,3,hbm_compute
15795559900,DRAM,1,TRANSFER,0x200182000000,4096,3,1,dram_hybrid_act
15798958600,HBM,0,READ,0x100200000000,2048,4,0,hbm_compute
15800864800,DRAM,1,TRANSFER,0x200204000000,4096,4,2,dram_hybrid_act
15805854600,DRAM,1,TRANSFER,0x200284000000,4096,5,2,dram_hybrid_act
15807698100,CXL,2,READ,0x300280000000,17301504,5,0,cxl_expert_access
15811911500,DRAM,1,TRANSFER,0x200302000000,4096,6,1,dram_hybrid_act
15813794000,CXL,2,READ,0x300300000000,17301504,6,0,cxl_expert_access
15817213400,HBM,0,READ,0x100382000000,2048,7,1,hbm_compute
15817644200,HBM,0,READ,0x100384000000,2048,7,2,hbm_compute
15822408700,CXL,2,READ,0x300400000000,17301504,8,0,cxl_expert_access
15822956000,HBM,0,READ,0x100402000000,2048,8,1,hbm_compute
15826732600,CXL,2,READ,0x300486000000,17301504,9,3,cxl_expert_access
15827700700,HBM,0,READ,0x100482000000,2048,9,1,hbm_compute
15830891000,HBM,0,READ,0x100504000000,2048,10,2,hbm_compute
15832647700,DRAM,1,TRANSFER,0x200502000000,4096,10,1,dram_hybrid_act
15835782000,HBM,0,READ,0x100584000000,2048,11,2,hbm_compute
15837713100,CXL,2,READ,0x300586000000,17301504,11,3,cxl_expert_access
15842742400,CXL,2,READ,0x300606000000,17301504,12,3,cxl_expert_access
15843945000,HBM,0,READ,0x100600000000,2048,12,0,hbm_compute
15850608800,CXL,2,READ,0x300684000000,17301504,13,2,cxl_expert_access
15851384300,HBM,0,READ,0x100680000000,2048,13,0,hbm_compute
15859104200,DRAM,1,TRANSFER,0x200706000000,4096,14,3,dram_hybrid_act
15860110400,CXL,2,READ,0x300704000000,17301504,14,2,cxl_expert_access
15863440800,HBM,0,READ,0x100782000000,2048,15,1,hbm_compute
15865401100,CXL,2,READ,0x300784000000,17301504,15,2,cxl_expert_access
15870067900,CXL,2,READ,0x300806000000,17301504,16,3,cxl_expert_access
15872144700,CXL,2,READ,0x300804000000,17301504,16,2,cxl_expert_access
15875806700,HBM,0,READ,0x100882000000,2048,17,1,hbm_compute
15876702200,DRAM,1,TRANSFER,0x200880000000,4096,17,0,dram_hybrid_act
15880868700,DRAM,1,TRANSFER,0x200902000000,4096,18,1,dram_hybrid_act
15882665700,DRAM,1,TRANSFER,0x200900000000,4096,18,0,dram_hybrid_act
15887428900,CXL,2,READ,0x300982000000,17301504,19,1,cxl_expert_access
15888147300,HBM,0,READ,0x100984000000,2048,19,2,hbm_compute
15892247200,DRAM,1,TRANSFER,0x200a06000000,4096,20,3,dram_hybrid_act
15893172900,CXL,2,READ,0x300a00000000,17301504,20,0,cxl_expert_access
15897997400,CXL,2,READ,0x300a82000000,17301504,21,1,cxl_expert_access
15899891400,CXL,2,READ,0x300a80000000,17301504,21,0,cxl_expert_access
15903439200,CXL,2,READ,0x300b00000000,17301504,22,0,cxl_expert_access
15904231800,HBM,0,READ,0x100b06000000,2048,22,3,hbm_compute
15907453300,HBM,0,READ,0x100b86000000,2048,23,3,hbm_compute
15908378800,CXL,2,READ,0x300b82000000,17301504,23,1,cxl_expert_access
15918679400,DRAM,1,TRANSFER,0x200004000000,4096,0,2,dram_hybrid_act
15920855100,CXL,2,READ,0x300002000000,17301504,0,1,cxl_expert_access
15924683600,CXL,2,READ,0x300084000000,17301504,1,2,cxl_expert_access
15925162000,HBM,0,READ,0x100082000000,2048,1,1,hbm_compute
15929143300,DRAM,1,TRANSFER,0x200106000000,4096,2,3,dram_hybrid_act
15930101800,DRAM,1,TRANSFER,0x200102000000,4096,2,1,dram_hybrid_act
15935797900,DRAM,1,TRANSFER,0x200182000000,4096,3,1,dram_hybrid_act
15937787000,CXL,2,READ,0x300184000000,17301504,3,2,cxl_expert_access
15941600600,CXL,2,READ,0x300202000000,17301504,4,1,cxl_expert_access
15942531500,DRAM,1,TRANSFER,0x200206000000,4096,4,3,dram_hybrid_act
15946498600,CXL,2,READ,0x300282000000,17301504,5,1,cxl_expert_access
15947043100,HBM,0,READ,0x100286000000,2048,5,3,hbm_compute
15952712200,DRAM,1,TRANSFER,0x200302000000,4096,6,1,dram_hybrid_act
15954885400,CXL,2,READ,0x300300000000,17301504,6,0,cxl_expert_access
15958178800,HBM,0,READ,0x100382000000,2048,7,1,hbm_compute
15959115300,CXL,2,READ,0x300380000000,17301504,7,0,cxl_expert_access
15964062300,CXL,2,READ,0x300400000000,17301504,8,0,cxl_expert_access
15966031200,CXL,2,READ,0x300406000000,17301504,8,3,cxl_expert_access
15969433500,HBM,0,READ,0x100482000000,2048,9,1,hbm_compute
15971170400,CXL,2,READ,0x300486000000,17301504,9,3,cxl_expert_access
15974544000,HBM,0,READ,0x100504000000,2048,10,2,hbm_compute
15976432500,CXL,2,READ,0x300506000000,17301504,10,3,cxl_expert_access
15979876100,HBM,0,READ,0x100584000000,2048,11,2,hbm_compute
15981888900,CXL,2,READ,0x300586000000,17301504,11,3,cxl_expert_access
15987190900,CXL,2,READ,0x300606000000,17301504,12,3,cxl_expert_access
15987895300,HBM,0,READ,0x100600000000,2048,12,0,hbm_compute
15990695100,HBM,0,READ,0x100680000000,2048,13,0,hbm_compute
15992446200,CXL,2,READ,0x300684000000,17301504,13,2,cxl_expert_access
15996085300,HBM,0,READ,0x100700000000,2048,14,0,hbm_compute
15998400600,DRAM,1,TRANSFER,0x200706000000,4096,14,3,dram_hybrid_act
16002540000,HBM,0,READ,0x100782000000,2048,15,1,hbm_compute
16003738300,CXL,2,READ,0x300784000000,17301504,15,2,cxl_expert_access
16007402900,HBM,0,READ,0x100802000000,2048,16,1,hbm_compute
16008826500,CXL,2,READ,0x300806000000,17301504,16,3,cxl_expert_access
16012560000,HBM,0,READ,0x100882000000,2048,17,1,hbm_compute
16013069700,HBM,0,READ,0x100886000000,2048,17,3,hbm_compute
16019049000,DRAM,1,TRANSFER,0x200902000000,4096,18,1,dram_hybrid_act
16020211200,DRAM,1,TRANSFER,0x200904000000,4096,18,2,dram_hybrid_act
16024690600,HBM,0,READ,0x100984000000,2048,19,2,hbm_compute
16025964300,CXL,2,READ,0x300982000000,17301504,19,1,cxl_expert_access
16031903800,CXL,2,READ,0x300a00000000,17301504,20,0,cxl_expert_access
16033434900,CXL,2,READ,0x300a02000000,17301504,20,1,cxl_expert_access
16038119000,CXL,2,READ,0x300a82000000,17301504,21,1,cxl_expert_access
16039850600,CXL,2,READ,0x300a80000000,17301504,21,0,cxl_expert_access
16043514100,HBM,0,READ,0x100b04000000,2048,22,2,hbm_compute
16044985700,CXL,2,READ,0x300b00000000,17301504,22,0,cxl_expert_access
16049943900,HBM,0,READ,0x100b86000000,2048,23,3,hbm_compute
16051220000,CXL,2,READ,0x300b80000000,17301504,23,0,cxl_expert_access
16061546000,HBM,0,READ,0x100006000000,2048,0,3,hbm_compute
16062879200,CXL,2,READ,0x300002000000,17301504,0,1,cxl_expert_access
16067686400,HBM,0,READ,0x100082000000,2048,1,1,hbm_compute
16068217100,HBM,0,READ,0x100080000000,2048,1,0,hbm_compute
16073640700,DRAM,1,TRANSFER,0x200106000000,4096,2,3,dram_hybrid_act
16074856900,CXL,2,READ,0x300104000000,17301504,2,2,cxl_expert_access
16079553500,DRAM,1,TRANSFER,0x200180000000,4096,3,0,dram_hybrid_act
16080773800,DRAM,1,TRANSFER,0x200182000000,4096,3,1,dram_hybrid_act
16086381000,DRAM,1,TRANSFER,0x200204000000,4096,4,2,dram_hybrid_act
16087088000,HBM,0,READ,0x100200000000,2048,4,0,hbm_compute
16091162800,DRAM,1,TRANSFER,0x200284000000,4096,5,2,dram_hybrid_act
16092394000,CXL,2,READ,0x300280000000,17301504,5,0,cxl_expert_access
16096853300,HBM,0,READ,0x100306000000,2048,6,3,hbm_compute
16098545700,CXL,2,READ,0x300300000000,17301504,6,0,cxl_expert_access
16102594300,HBM,0,READ,0x100382000000,2048,7,1,hbm_compute
16103777200,CXL,2,READ,0x300380000000,17301504,7,0,cxl_expert_access
16108104300,HBM,0,READ,0x100402000000,2048,8,1,hbm_compute
16110084300,CXL,2,READ,0x300400000000,17301504,8,0,cxl_expert_access
16115903200,HBM,0,READ,0x100482000000,2048,9,1,hbm_compute
16118113200,CXL,2,READ,0x300486000000,17301504,9,3,cxl_expert_access
16122408700,DRAM,1,TRANSFER,0x200502000000,4096,10,1,dram_hybrid_act
16122935600,HBM,0,READ,0x100504000000,2048,10,2,hbm_compute
16126390000,HBM,0,READ,0x100584000000,2048,11,2,hbm_compute
16127642500,CXL,2,READ,0x300580000000,17301504,11,0,cxl_expert_access
16131975700,HBM,0,READ,0x100600000000,2048,12,0,hbm_compute
16134245400,CXL,2,READ,0x300604000000,17301504,12,2,cxl_expert_access
16138962600,CXL,2,READ,0x300684000000,17301504,13,2,cxl_expert_access
16139667500,HBM,0,READ,0x100680000000,2048,13,0,hbm_compute
16143534800,HBM,0,READ,0x100700000000,2048,14,0,hbm_compute
16144634200,DRAM,1,TRANSFER,0x200706000000,4096,14,3,dram_hybrid_act
16148820500,HBM,0,READ,0x100782000000,2048,15,1,hbm_compute
16149300700,HBM,0,READ,0x100780000000,2048,15,0,hbm_compute
16154518700,CXL,2,READ,0x300806000000,17301504,16,3,cxl_expert_access
16155119300,HBM,0,READ,0x100802000000,2048,16,1,hbm_compute
16158686500,HBM,0,READ,0x100886000000,2048,17,3,hbm_compute
16159186900,HBM,0,READ,0x100882000000,2048,17,1,hbm_compute
16164332900,DRAM,1,TRANSFER,0x200902000000,4096,18,1,dram_hybrid_act
16165430000,DRAM,1,TRANSFER,0x200900000000,4096,18,0,dram_hybrid_act
16169344300,HBM,0,READ,0x100984000000,2048,19,2,hbm_compute
16170462200,DRAM,1,TRANSFER,0x200980000000,4096,19,0,dram_hybrid_act
16175142400,HBM,0,READ,0x100a04000000,2048,20,2,hbm_compute
16177363800,CXL,2,READ,0x300a00000000,17301504,20,0,cxl_expert_access
16181740500,CXL,2,READ,0x300a82000000,17301504,21,1,cxl_expert_access
16182371900,HBM,0,READ,0x100a86000000,2048,21,3,hbm_compute
16186077100,HBM,0,READ,0x100b06000000,2048,22,3,hbm_compute
16186646600,HBM,0,READ,0x100b04000000,2048,22,2,hbm_compute
16191767300,CXL,2,READ,0x300b82000000,17301504,23,1,cxl_expert_access
16193071000,CXL,2,READ,0x300b80000000,17301504,23,0,cxl_expert_access
16204456000,CXL,2,READ,0x300002000000,17301504,0,1,cxl_expert_access
16205628700,DRAM,1,TRANSFER,0x200000000000,4096,0,0,dram_hybrid_act
16209944300,CXL,2,READ,0x300084000000,17301504,1,2,cxl_expert_access
16210540600,HBM,0,READ,0x100080000000,2048,1,0,hbm_compute
16214802400,HBM,0,READ,0x100100000000,2048,2,0,hbm_compute
16216884300,DRAM,1,TRANSFER,0x200106000000,4096,2,3,dram_hybrid_act
16221684500,DRAM,1,TRANSFER,0x200182000000,4096,3,1,dram_hybrid_act
16222828500,DRAM,1,TRANSFER,0x200180000000,4096,3,0,dram_hybrid_act
16228225500,CXL,2,READ,0x300202000000,17301504,4,1,cxl_expert_access
16229043500,HBM,0,READ,0x100200000000,2048,4,0,hbm_compute
16235045300,CXL,2,READ,0x300280000000,17301504,5,0,cxl_expert_access
16235644700,HBM,0,READ,0x100286000000,2048,5,3,hbm_compute
16240679700,DRAM,1,TRANSFER,0x200302000000,4096,6,1,dram_hybrid_act
16241882400,CXL,2,READ,0x300300000000,17301504,6,0,cxl_expert_access
16246399000,HBM,0,READ,0x100384000000,2048,7,2,hbm_compute
16246915200,HBM,0,READ,0x100382000000,2048,7,1,hbm_compute
16252475300,CXL,2,READ,0x300400000000,17301504,8,0,cxl_expert_access
16253931500,CXL,2,READ,0x300406000000,17301504,8,3,cxl_expert_access
16258486000,HBM,0,READ,0x100482000000,2048,9,1,hbm_compute
16259623300,CXL,2,READ,0x300486000000,17301504,9,3,cxl_expert_access
16264820000,HBM,0,READ,0x100504000000,2048,10,2,hbm_compute
16266770900,DRAM,1,TRANSFER,0x200502000000,4096,10,1,dram_hybrid_act
16270829900,HBM,0,READ,0x100584000000,2048,11,2,hbm_compute
16273232700,CXL,2,READ,0x300586000000,17301504,11,3,cxl_expert_access
16277982500,CXL,2,READ,0x300606000000,17301504,12,3,cxl_expert_access
16278985700,HBM,0,READ,0x100600000000,2048,12,0,hbm_compute
16284398700,CXL,2,READ,0x300684000000,17301504,13,2,cxl_expert_access
16285576200,CXL,2,READ,0x300686000000,17301504,13,3,cxl_expert_access
16289528500,HBM,0,READ,0x100700000000,2048,14,0,hbm_compute
16291632900,CXL,2,READ,0x300704000000,17301504,14,2,cxl_expert_access
16295802100,HBM,0,READ,0x100780000000,2048,15,0,hbm_compute
16296313600,HBM,0,READ,0x100782000000,2048,15,1,hbm_compute
16299992300,HBM,0,READ,0x100802000000,2048,16,1,hbm_compute
16302100500,CXL,2,READ,0x300806000000,17301504,16,3,cxl_expert_access
16306878500,DRAM,1,TRANSFER,0x200880000000,4096,17,0,dram_hybrid_act
16307440200,HBM,0,READ,0x100886000000,2048,17,3,hbm_compute
16312195200,DRAM,1,TRANSFER,0x200900000000,4096,18,0,dram_hybrid_act
16314397300,DRAM,1,TRANSFER,0x200906000000,4096,18,3,dram_hybrid_act
16319914300,CXL,2,READ,0x300982000000,17301504,19,1,cxl_expert_access
16321301500,DRAM,1,TRANSFER,0x200980000000,4096,19,0,dram_hybrid_act
16326503600,DRAM,1,TRANSFER,0x200a06000000,4096,20,3,dram_hybrid_act
16328250700,CXL,2,READ,0x300a02000000,17301504,20,1,cxl_expert_access
16333285700,HBM,0,READ,0x100a86000000,2048,21,3,hbm_compute
16334619800,CXL,2,READ,0x300a82000000,17301504,21,1,cxl_expert_access
16339443500,HBM,0,READ,0x100b04000000,2048,22,2,hbm_compute
16341757000,CXL,2,READ,0x300b02000000,17301504,22,1,cxl_expert_access
16346289800,HBM,0,READ,0x100b86000000,2048,23,3,hbm_compute
16347471000,CXL,2,READ,0x300b82000000,17301504,23,1,cxl_expert_access
16358469800,CXL,2,READ,0x300002000000,17301504,0,1,cxl_expert_access
16359893500,DRAM,1,TRANSFER,0x200004000000,4096,0,2,dram_hybrid_act
16364332800,HBM,0,READ,0x100082000000,2048,1,1,hbm_compute
16364862700,HBM,0,READ,0x100080000000,2048,1,0,hbm_compute
16368082500,HBM,0,READ,0x100100000000,2048,2,0,hbm_compute
16370144800,DRAM,1,TRANSFER,0x200106000000,4096,2,3,dram_hybrid_act
16375187200,DRAM,1,TRANSFER,0x200182000000,4096,3,1,dram_hybrid_act
16376152400,DRAM,1,TRANSFER,0x200180000000,4096,3,0,dram_hybrid_act
16381961300,CXL,2,READ,0x300202000000,17301504,4,1,cxl_expert_access
16383853800,DRAM,1,TRANSFER,0x200206000000,4096,4,3,dram_hybrid_act
16388370800,DRAM,1,TRANSFER,0x200284000000,4096,5,2,dram_hybrid_act
16388883200,HBM,0,READ,0x100286000000,2048,5,3,hbm_compute
16392476700,DRAM,1,TRANSFER,0x200304000000,4096,6,2,dram_hybrid_act
16393515200,DRAM,1,TRANSFER,0x200302000000,4096,6,1,dram_hybrid_act
16397940600,CXL,2,READ,0x300380000000,17301504,7,0,cxl_expert_access
16398429100,HBM,0,READ,0x100384000000,2048,7,2,hbm_compute
16402357200,CXL,2,READ,0x300400000000,17301504,8,0,cxl_expert_access
16404124100,CXL,2,READ,0x300406000000,17301504,8,3,cxl_expert_access
16406926800,HBM,0,READ,0x100482000000,2048,9,1,hbm_compute
16407819400,DRAM,1,TRANSFER,0x200484000000,4096,9,2,dram_hybrid_act
16410698900,HBM,0,READ,0x100504000000,2048,10,2,hbm_compute
16411731000,DRAM,1,TRANSFER,0x200500000000,4096,10,0,dram_hybrid_act
16416359300,CXL,2,READ,0x300586000000,17301504,11,3,cxl_expert_access
16416937400,HBM,0,READ,0x100584000000,2048,11,2,hbm_compute
16419979900,HBM,0,READ,0x100600000000,2048,12,0,hbm_compute
16421870600,CXL,2,READ,0x300606000000,17301504,12,3,cxl_expert_access
16425483800,CXL,2,READ,0x300684000000,17301504,13,2,cxl_expert_access
16426438400,CXL,2,READ,0x300686000000,17301504,13,3,cxl_expert_access
16429416800,HBM,0,READ,0x100702000000,2048,14,1,hbm_compute
16430310900,DRAM,1,TRANSFER,0x200706000000,4096,14,3,dram_hybrid_act
16434417600,CXL,2,READ,0x300784000000,17301504,15,2,cxl_expert_access
16435122000,HBM,0,READ,0x100780000000,2048,15,0,hbm_compute
16438217000,HBM,0,READ,0x100802000000,2048,16,1,hbm_compute
16440230300,CXL,2,READ,0x300804000000,17301504,16,2,cxl_expert_access
16445125000,DRAM,1,TRANSFER,0x200880000000,4096,17,0,dram_hybrid_act
16447186100,CXL,2,READ,0x300884000000,17301504,17,2,cxl_expert_access
16452817000,DRAM,1,TRANSFER,0x200902000000,4096,18,1,dram_hybrid_act
16454001200,DRAM,1,TRANSFER,0x200906000000,4096,18,3,dram_hybrid_act
16458547100,DRAM,1,TRANSFER,0x200980000000,4096,19,0,dram_hybrid_act
16459061400,HBM,0,READ,0x100984000000,2048,19,2,hbm_compute
16463663600,CXL,2,READ,0x300a02000000,17301504,20,1,cxl_expert_access
16464736000,CXL,2,READ,0x300a00000000,17301504,20,0,cxl_expert_access
16468346900,CXL,2,READ,0x300a82000000,17301504,21,1,cxl_expert_access
16468799700,HBM,0,READ,0x100a86000000,2048,21,3,hbm_compute
16471147700,HBM,0,READ,0x100b04000000,2048,22,2,hbm_compute
16472025600,CXL,2,READ,0x300b00000000,17301504,22,0,cxl_expert_access
16475259800,CXL,2,READ,0x300b82000000,17301504,23,1,cxl_expert_access
16475636200,HBM,0,READ,0x100b84000000,2048,23,2,hbm_compute
16485365400,CXL,2,READ,0x300002000000,17301504,0,1,cxl_expert_access
16485929300,HBM,0,READ,0x100006000000,2048,0,3,hbm_compute
16489568300,CXL,2,READ,0x300086000000,17301504,1,3,cxl_expert_access
16490027200,HBM,0,READ,0x100082000000,2048,1,1,hbm_compute
16493316300,CXL,2,READ,0x300104000000,17301504,2,2,cxl_expert_access
16493771300,HBM,0,READ,0x100100000000,2048,2,0,hbm_compute
16498082400,DRAM,1,TRANSFER,0x200182000000,4096,3,1,dram_hybrid_act
16500116900,DRAM,1,TRANSFER,0x200180000000,4096,3,0,dram_hybrid_act
16505174600,DRAM,1,TRANSFER,0x200206000000,4096,4,3,dram_hybrid_act
16506919700,CXL,2,READ,0x300202000000,17301504,4,1,cxl_expert_access
16509600100,HBM,0,READ,0x100286000000,2048,5,3,hbm_compute
16511501300,CXL,2,READ,0x300282000000,17301504,5,1,cxl_expert_access
16515271000,CXL,2,READ,0x300300000000,17301504,6,0,cxl_expert_access
16516865900,DRAM,1,TRANSFER,0x200302000000,4096,6,1,dram_hybrid_act
16521184000,CXL,2,READ,0x300380000000,17301504,7,0,cxl_expert_access
16522934900,CXL,2,READ,0x300386000000,17301504,7,3,cxl_expert_access
16526219100,CXL,2,READ,0x300400000000,17301504,8,0,cxl_expert_access
16526625500,HBM,0,READ,0x100404000000,2048,8,2,hbm_compute
16529493200,HBM,0,READ,0x100482000000,2048,9,1,hbm_compute
16531345200,CXL,2,READ,0x300486000000,17301504,9,3,cxl_expert_access
16534586300,HBM,0,READ,0x100504000000,2048,10,2,hbm_compute
16536258000,DRAM,1,TRANSFER,0x200500000000,4096,10,0,dram_hybrid_act
16540390300,CXL,2,READ,0x300586000000,17301504,11,3,cxl_expert_access
16540885400,HBM,0,READ,0x100584000000,2048,11,2,hbm_compute
16544354500,CXL,2,READ,0x300606000000,17301504,12,3,cxl_expert_access
16545064300,HBM,0,READ,0x100602000000,2048,12,1,hbm_compute
16549814500,CXL,2,READ,0x300684000000,17301504,13,2,cxl_expert_access
16551619600,CXL,2,READ,0x300686000000,17301504,13,3,cxl_expert_access
16554988800,HBM,0,READ,0x100700000000,2048,14,0,hbm_compute
16555340100,HBM,0,READ,0x100702000000,2048,14,1,hbm_compute
16557923300,HBM,0,READ,0x100780000000,2048,15,0,hbm_compute
16558838100,CXL,2,READ,0x300784000000,17301504,15,2,cxl_expert_access
16562167100,HBM,0,READ,0x100802000000,2048,16,1,hbm_compute
16563915300,CXL,2,READ,0x300804000000,17301504,16,2,cxl_expert_access
16568703400,CXL,2,READ,0x300884000000,17301504,17,2,cxl_expert_access
16570617200,DRAM,1,TRANSFER,0x200880000000,4096,17,0,dram_hybrid_act
16577136600,DRAM,1,TRANSFER,0x200904000000,4096,18,2,dram_hybrid_act
16578160300,DRAM,1,TRANSFER,0x200902000000,4096,18,1,dram_hybrid_act
16582990400,DRAM,1,TRANSFER,0x200980000000,4096,19,0,dram_hybrid_act
16585084800,DRAM,1,TRANSFER,0x200986000000,4096,19,3,dram_hybrid_act
16590147900,CXL,2,READ,0x300a00000000,17301504,20,0,cxl_expert_access
16591888000,CXL,2,READ,0x300a02000000,17301504,20,1,cxl_expert_access
16594849400,HBM,0,READ,0x100a86000000,2048,21,3,hbm_compute
16595888400,CXL,2,READ,0x300a80000000,17301504,21,0,cxl_expert_access
16600687800,CXL,2,READ,0x300b00000000,17301504,22,0,cxl_expert_access
16601239600,HBM,0,READ,0x100b04000000,2048,22,2,hbm_compute
16604328800,HBM,0,READ,0x100b86000000,2048,23,3,hbm_compute
16604687200,HBM,0,READ,0x100b84000000,2048,23,2,hbm_compute
16612790300,HBM,0,READ,0x100006000000,2048,0,3,hbm_compute
16614625200,DRAM,1,TRANSFER,0x200004000000,4096,0,2,dram_hybrid_act
16619376400,CXL,2,READ,0x300084000000,17301504,1,2,cxl_expert_access
16619904700,HBM,0,READ,0x100082000000,2048,1,1,hbm_compute
16624419000,CXL,2,READ,0x300104000000,17301504,2,2,cxl_expert_access
16626198300,DRAM,1,TRANSFER,0x200102000000,4096,2,1,dram_hybrid_act
16631111200,DRAM,1,TRANSFER,0x200182000000,4096,3,1,dram_hybrid_act
16633035000,DRAM,1,TRANSFER,0x200180000000,4096,3,0,dram_hybrid_act
16637782700,DRAM,1,TRANSFER,0x200206000000,4096,4,3,dram_hybrid_act
16639591000,DRAM,1,TRANSFER,0x200204000000,4096,4,2,dram_hybrid_act
16643348300,CXL,2,READ,0x300282000000,17301504,5,1,cxl_expert_access
16644696700,DRAM,1,TRANSFER,0x200284000000,4096,5,2,dram_hybrid_act
16647947500,HBM,0,READ,0x100306000000,2048,6,3,hbm_compute
16649583200,CXL,2,READ,0x300300000000,17301504,6,0,cxl_expert_access
16653918400,CXL,2,READ,0x300380000000,17301504,7,0,cxl_expert_access
16656110200,CXL,2,READ,0x300386000000,17301504,7,3,cxl_expert_access
16659766600,CXL,2,READ,0x300400000000,17301504,8,0,cxl_expert_access
16660222300,HBM,0,READ,0x100402000000,2048,8,1,hbm_compute
16663415400,HBM,0,READ,0x100482000000,2048,9,1,hbm_compute
16665133000,DRAM,1,TRANSFER,0x200484000000,4096,9,2,dram_hybrid_act
16669303500,DRAM,1,TRANSFER,0x200502000000,4096,10,1,dram_hybrid_act
16669835500,HBM,0,READ,0x100504000000,2048,10,2,hbm_compute
16674266300,CXL,2,READ,0x300580000000,17301504,11,0,cxl_expert_access
16675167100,CXL,2,READ,0x300586000000,17301504,11,3,cxl_expert_access
16679558900,CXL,2,READ,0x300604000000,17301504,12,2,cxl_expert_access
16680177400,HBM,0,READ,0x100602000000,2048,12,1,hbm_compute
16685168500,CXL,2,READ,0x300684000000,17301504,13,2,cxl_expert_access
16687200600,CXL,2,READ,0x300686000000,17301504,13,3,cxl_expert_access
16691730300,DRAM,1,TRANSFER,0x200706000000,4096,14,3,dram_hybrid_act
16692780700,CXL,2,READ,0x300704000000,17301504,14,2,cxl_expert_access
16696250400,HBM,0,READ,0x100782000000,2048,15,1,hbm_compute
16696596000,HBM,0,READ,0x100780000000,2048,15,0,hbm_compute
16698877600,HBM,0,READ,0x100802000000,2048,16,1,hbm_compute
16700541700,CXL,2,READ,0x300806000000,17301504,16,3,cxl_expert_access
16705278300,CXL,2,READ,0x300884000000,17301504,17,2,cxl_expert_access
16705824700,HBM,0,READ,0x100882000000,2048,17,1,hbm_compute
16709340400,DRAM,1,TRANSFER,0x200902000000,4096,18,1,dram_hybrid_act
16710254200,DRAM,1,TRANSFER,0x200900000000,4096,18,0,dram_hybrid_act
16714831700,CXL,2,READ,0x300982000000,17301504,19,1,cxl_expert_access
16716753700,DRAM,1,TRANSFER,0x200980000000,4096,19,0,dram_hybrid_act
16721686700,CXL,2,READ,0x300a00000000,17301504,20,0,cxl_expert_access
16723555700,CXL,2,READ,0x300a02000000,17301504,20,1,cxl_expert_access
16726564700,HBM,0,READ,0x100a86000000,2048,21,3,hbm_compute
16727844300,CXL,2,READ,0x300a80000000,17301504,21,0,cxl_expert_access
16730789400,HBM,0,READ,0x100b04000000,2048,22,2,hbm_compute
16732821000,CXL,2,READ,0x300b02000000,17301504,22,1,cxl_expert_access
16737320900,CXL,2,READ,0x300b80000000,17301504,23,0,cxl_expert_access
16737830400,HBM,0,READ,0x100b86000000,2048,23,3,hbm_compute
17337940500,DRAM,1,TRANSFER,0x200004000000,4096,0,2,dram_hybrid_act
17339761200,DRAM,1,TRANSFER,0x200000000000,4096,0,0,dram_hybrid_act
17343176600,HBM,0,READ,0x100082000000,2048,1,1,hbm_compute
17344453600,CXL,2,READ,0x300084000000,17301504,1,2,cxl_expert_access
17348026300,HBM,0,READ,0x100100000000,2048,2,0,hbm_compute
17349960500,DRAM,1,TRANSFER,0x200106000000,4096,2,3,dram_hybrid_act
17353643300,HBM,0,READ,0x100186000000,2048,3,3,hbm_compute
17355723000,DRAM,1,TRANSFER,0x200182000000,4096,3,1,dram_hybrid_act
17359830000,CXL,2,READ,0x300202000000,17301504,4,1,cxl_expert_access
17361287000,DRAM,1,TRANSFER,0x200204000000,4096,4,2,dram_hybrid_act
17365760600,CXL,2,READ,0x300280000000,17301504,5,0,cxl_expert_access
17366245800,HBM,0,READ,0x100286000000,2048,5,3,hbm_compute
17370674200,DRAM,1,TRANSFER,0x200302000000,4096,6,1,dram_hybrid_act
17371927700,DRAM,1,TRANSFER,0x200304000000,4096,6,2,dram_hybrid_act
17375422700,HBM,0,READ,0x100382000000,2048,7,1,hbm_compute
17376443300,CXL,2,READ,0x300380000000,17301504,7,0,cxl_expert_access
17379518100,HBM,0,READ,0x100402000000,2048,8,1,hbm_compute
17381411100,CXL,2,READ,0x300406000000,17301504,8,3,cxl_expert_access
17386362100,CXL,2,READ,0x300486000000,17301504,9,3,cxl_expert_access
17386926900,HBM,0,READ,0x100482000000,2048,9,1,hbm_compute
17390220100,HBM,0,READ,0x100504000000,2048,10,2,hbm_compute
17391853200,DRAM,1,TRANSFER,0x200500000000,4096,10,0,dram_hybrid_act
17394919700,HBM,0,READ,0x100584000000,2048,11,2,hbm_compute
17397047600,CXL,2,READ,0x300586000000,17301504,11,3,cxl_expert_access
17403117300,CXL,2,READ,0x300604000000,17301504,12,2,cxl_expert_access
17403927000,HBM,0,READ,0x100602000000,2048,12,1,hbm_compute
17407695200,CXL,2,READ,0x300686000000,17301504,13,3,cxl_expert_access
17408156700,HBM,0,READ,0x100680000000,2048,13,0,hbm_compute
17411168100,HBM,0,READ,0x100700000000,2048,14,0,hbm_compute
17411745500,HBM,0,READ,0x100702000000,2048,14,1,hbm_compute
17414982600,HBM,0,READ,0x100780000000,2048,15,0,hbm_compute
17415347300,HBM,0,READ,0x100782000000,2048,15,1,hbm_compute
17418107800,HBM,0,READ,0x100800000000,2048,16,0,hbm_compute
17418487900,HBM,0,READ,0x100802000000,2048,16,1,hbm_compute
17421842900,HBM,0,READ,0x100886000000,2048,17,3,hbm_compute
17423849300,DRAM,1,TRANSFER,0x200880000000,4096,17,0,dram_hybrid_act
17427453500,DRAM,1,TRANSFER,0x200900000000,4096,18,0,dram_hybrid_act
17428496800,DRAM,1,TRANSFER,0x200904000000,4096,18,2,dram_hybrid_act
17431697600,HBM,0,READ,0x100984000000,2048,19,2,hbm_compute
17433577500,DRAM,1,TRANSFER,0x200986000000,4096,19,3,dram_hybrid_act
17438424200,CXL,2,READ,0x300a02000000,17301504,20,1,cxl_expert_access
17440479700,CXL,2,READ,0x300a00000000,17301504,20,0,cxl_expert_access
17444276400,HBM,0,READ,0x100a86000000,2048,21,3,hbm_compute
17445459200,CXL,2,READ,0x300a80000000,17301504,21,0,cxl_expert_access
17450696200,CXL,2,READ,0x300b02000000,17301504,22,1,cxl_expert_access
17451420600,HBM,0,READ,0x100b06000000,2048,22,3,hbm_compute
17454836900,HBM,0,READ,0x100b84000000,2048,23,2,hbm_compute
17455255500,HBM,0,READ,0x100b86000000,2048,23,3,hbm_compute
17463640300,CXL,2,READ,0x300002000000,17301504,0,1,cxl_expert_access
17465660200,DRAM,1,TRANSFER,0x200004000000,4096,0,2,dram_hybrid_act
17469496900,HBM,0,READ,0x100082000000,2048,1,1,hbm_compute
17471397500,CXL,2,READ,0x300084000000,17301504,1,2,cxl_expert_access
17474744400,HBM,0,READ,0x100100000000,2048,2,0,hbm_compute
17475735300,CXL,2,READ,0x300104000000,17301504,2,2,cxl_expert_access
17479920100,DRAM,1,TRANSFER,0x200182000000,4096,3,1,dram_hybrid_act
17481999500,CXL,2,READ,0x300184000000,17301504,3,2,cxl_expert_access
17488015900,DRAM,1,TRANSFER,0x200204000000,4096,4,2,dram_hybrid_act
17489149500,CXL,2,READ,0x300202000000,17301504,4,1,cxl_expert_access
17492875800,CXL,2,READ,0x300280000000,17301504,5,0,cxl_expert_access
17493348300,HBM,0,READ,0x100286000000,2048,5,3,hbm_compute
17497715000,DRAM,1,TRANSFER,0x200304000000,4096,6,2,dram_hybrid_act
17499364900,CXL,2,READ,0x300300000000,17301504,6,0,cxl_expert_access
17502715300,HBM,0,READ,0x100382000000,2048,7,1,hbm_compute
17504784700,CXL,2,READ,0x300380000000,17301504,7,0,cxl_expert_access
17508768500,CXL,2,READ,0x300406000000,17301504,8,3,cxl_expert_access
17509751100,CXL,2,READ,0x300400000000,17301504,8,0,cxl_expert_access
17514557200,CXL,2,READ,0x300486000000,17301504,9,3,cxl_expert_access
17515975300,DRAM,1,TRANSFER,0x200480000000,4096,9,0,dram_hybrid_act
17519736900,HBM,0,READ,0x100504000000,2048,10,2,hbm_compute
17521697800,CXL,2,READ,0x300506000000,17301504,10,3,cxl_expert_access
17524738600,HBM,0,READ,0x100582000000,2048,11,1,hbm_compute
17525716900,CXL,2,READ,0x300586000000,17301504,11,3,cxl_expert_access
17530553800,CXL,2,READ,0x300604000000,17301504,12,2,cxl_expert_access
17531236000,HBM,0,READ,0x100602000000,2048,12,1,hbm_compute
17535742300,CXL,2,READ,0x300686000000,17301504,13,3,cxl_expert_access
17536298300,HBM,0,READ,0x100680000000,2048,13,0,hbm_compute
17539245500,HBM,0,READ,0x100700000000,2048,14,0,hbm_compute
17539610100,HBM,0,READ,0x100702000000,2048,14,1,hbm_compute
17542364500,HBM,0,READ,0x100782000000,2048,15,1,hbm_compute
17544496700,CXL,2,READ,0x300784000000,17301504,15,2,cxl_expert_access
17548301500,HBM,0,READ,0x100800000000,2048,16,0,hbm_compute
17548683100,HBM,0,READ,0x100802000000,2048,16,1,hbm_compute
17552817600,DRAM,1,TRANSFER,0x200880000000,4096,17,0,dram_hybrid_act
17553366600,HBM,0,READ,0x100886000000,2048,17,3,hbm_compute
17557873000,DRAM,1,TRANSFER,0x200900000000,4096,18,0,dram_hybrid_act
17559724500,DRAM,1,TRANSFER,0x200904000000,4096,18,2,dram_hybrid_act
17563470500,DRAM,1,TRANSFER,0x200980000000,4096,19,0,dram_hybrid_act
17564453000,CXL,2,READ,0x300982000000,17301504,19,1,cxl_expert_access
17568963000,CXL,2,READ,0x300a02000000,17301504,20,1,cxl_expert_access
17569541200,HBM,0,READ,0x100a04000000,2048,20,2,hbm_compute
17572271000,HBM,0,READ,0x100a86000000,2048,21,3,hbm_compute
17572621900,HBM,0,READ,0x100a84000000,2048,21,2,hbm_compute
17576776800,CXL,2,READ,0x300b02000000,17301504,22,1,cxl_expert_access
17578394800,CXL,2,READ,0x300b00000000,17301504,22,0,cxl_expert_access
17582143800,HBM,0,READ,0x100b84000000,2048,23,2,hbm_compute
17582557500,HBM,0,READ,0x100b86000000,2048,23,3,hbm_compute
17590894600,HBM,0,READ,0x100006000000,2048,0,3,hbm_compute
17592041600,DRAM,1,TRANSFER,0x200004000000,4096,0,2,dram_hybrid_act
17596031800,HBM,0,READ,0x100080000000,2048,1,0,hbm_compute
17596588500,HBM,0,READ,0x100082000000,2048,1,1,hbm_compute
17601931800,DRAM,1,TRANSFER,0x200106000000,4096,2,3,dram_hybrid_act
17602588700,HBM,0,READ,0x100100000000,2048,2,0,hbm_compute
17608460900,DRAM,1,TRANSFER,0x200182000000,4096,3,1,dram_hybrid_act
17608983400,HBM,0,READ,0x100186000000,2048,3,3,hbm_compute
17614238100,DRAM,1,TRANSFER,0x200204000000,4096,4,2,dram_hybrid_act
17615604000,CXL,2,READ,0x300202000000,17301504,4,1,cxl_expert_access
17620156100,CXL,2,READ,0x300280000000,17301504,5,0,cxl_expert_access
17620669000,HBM,0,READ,0x100286000000,2048,5,3,hbm_compute
17625424200,DRAM,1,TRANSFER,0x200302000000,4096,6,1,dram_hybrid_act
17626456000,DRAM,1,TRANSFER,0x200304000000,4096,6,2,dram_hybrid_act
17630107600,HBM,0,READ,0x100382000000,2048,7,1,hbm_compute
17632061100,CXL,2,READ,0x300380000000,17301504,7,0,cxl_expert_access
17636828700,CXL,2,READ,0x300406000000,17301504,8,3,cxl_expert_access
17637422100,HBM,0,READ,0x100404000000,2048,8,2,hbm_compute
17642179200,CXL,2,READ,0x300486000000,17301504,9,3,cxl_expert_access
17643334800,DRAM,1,TRANSFER,0x200480000000,4096,9,0,dram_hybrid_act
17646936400,HBM,0,READ,0x100504000000,2048,10,2,hbm_compute
17648685900,DRAM,1,TRANSFER,0x200502000000,4096,10,1,dram_hybrid_act
17651595400,HBM,0,READ,0x100582000000,2048,11,1,hbm_compute
17652001400,HBM,0,READ,0x100584000000,2048,11,2,hbm_compute
17656393400,CXL,2,READ,0x300604000000,17301504,12,2,cxl_expert_access
17658198900,CXL,2,READ,0x300606000000,17301504,12,3,cxl_expert_access
17661895400,CXL,2,READ,0x300686000000,17301504,13,3,cxl_expert_access
17663015600,CXL,2,READ,0x300684000000,17301504,13,2,cxl_expert_access
17666590200,HBM,0,READ,0x100700000000,2048,14,0,hbm_compute
17666968900,HBM,0,READ,0x100702000000,2048,14,1,hbm_compute
17669970900,HBM,0,READ,0x100780000000,2048,15,0,hbm_compute
17670330500,HBM,0,READ,0x100782000000,2048,15,1,hbm_compute
17672866200,HBM,0,READ,0x100802000000,2048,16,1,hbm_compute
17673182900,HBM,0,READ,0x100800000000,2048,16,0,hbm_compute
17676134300,DRAM,1,TRANSFER,0x200880000000,4096,17,0,dram_hybrid_act
17677257700,CXL,2,READ,0x300884000000,17301504,17,2,cxl_expert_access
17681948200,DRAM,1,TRANSFER,0x200906000000,4096,18,3,dram_hybrid_act
17683876500,DRAM,1,TRANSFER,0x200902000000,4096,18,1,dram_hybrid_act
17688126100,DRAM,1,TRANSFER,0x200986000000,4096,19,3,dram_hybrid_act
17689155200,CXL,2,READ,0x300982000000,17301504,19,1,cxl_expert_access
17693443000,CXL,2,READ,0x300a02000000,17301504,20,1,cxl_expert_access
17694822600,DRAM,1,TRANSFER,0x200a06000000,4096,20,3,dram_hybrid_act
17697866500,HBM,0,READ,0x100a86000000,2048,21,3,hbm_compute
17698796800,CXL,2,READ,0x300a80000000,17301504,21,0,cxl_expert_access
17702389000,HBM,0,READ,0x100b04000000,2048,22,2,hbm_compute
17704363700,CXL,2,READ,0x300b00000000,17301504,22,0,cxl_expert_access
17709057400,CXL,2,READ,0x300b80000000,17301504,23,0,cxl_expert_access
17709667000,HBM,0,READ,0x100b84000000,2048,23,2,hbm_compute
17720407500,CXL,2,READ,0x300002000000,17301504,0,1,cxl_expert_access
17721041500,HBM,0,READ,0x100006000000,2048,0,3,hbm_compute
17724359300,HBM,0,READ,0x100082000000,2048,1,1,hbm_compute
17725389700,CXL,2,READ,0x300084000000,17301504,1,2,cxl_expert_access
17728667900,HBM,0,READ,0x100100000000,2048,2,0,hbm_compute
17730629600,DRAM,1,TRANSFER,0x200102000000,4096,2,1,dram_hybrid_act
17736192600,CXL,2,READ,0x300184000000,17301504,3,2,cxl_expert_access
17738088700,DRAM,1,TRANSFER,0x200180000000,4096,3,0,dram_hybrid_act
17741823400,DRAM,1,TRANSFER,0x200206000000,4096,4,3,dram_hybrid_act
17742828000,DRAM,1,TRANSFER,0x200204000000,4096,4,2,dram_hybrid_act
17746032400,HBM,0,READ,0x100286000000,2048,5,3,hbm_compute
17748259500,CXL,2,READ,0x300280000000,17301504,5,0,cxl_expert_access
17753027600,CXL,2,READ,0x300300000000,17301504,6,0,cxl_expert_access
17753982700,DRAM,1,TRANSFER,0x200304000000,4096,6,2,dram_hybrid_act
17758300900,CXL,2,READ,0x300380000000,17301504,7,0,cxl_expert_access
17759306400,CXL,2,READ,0x300386000000,17301504,7,3,cxl_expert_access
17762704600,HBM,0,READ,0x100404000000,2048,8,2,hbm_compute
17764771700,CXL,2,READ,0x300406000000,17301504,8,3,cxl_expert_access
17769609000,DRAM,1,TRANSFER,0x200484000000,4096,9,2,dram_hybrid_act
17770666000,CXL,2,READ,0x300486000000,17301504,9,3,cxl_expert_access
17775008500,CXL,2,READ,0x300506000000,17301504,10,3,cxl_expert_access
17775950000,DRAM,1,TRANSFER,0x200502000000,4096,10,1,dram_hybrid_act
17779722700,HBM,0,READ,0x100582000000,2048,11,1,hbm_compute
17781608700,CXL,2,READ,0x300580000000,17301504,11,0,cxl_expert_access
17785004000,HBM,0,READ,0x100602000000,2048,12,1,hbm_compute
17786935900,CXL,2,READ,0x300604000000,17301504,12,2,cxl_expert_access
17790991000,CXL,2,READ,0x300684000000,17301504,13,2,cxl_expert_access
17791517100,HBM,0,READ,0x100680000000,2048,13,0,hbm_compute
17795409500,DRAM,1,TRANSFER,0x200706000000,4096,14,3,dram_hybrid_act
17795935500,HBM,0,READ,0x100702000000,2048,14,1,hbm_compute
17799414400,HBM,0,READ,0x100782000000,2048,15,1,hbm_compute
17801217200,CXL,2,READ,0x300784000000,17301504,15,2,cxl_expert_access
17804751700,HBM,0,READ,0x100802000000,2048,16,1,hbm_compute
17805197500,HBM,0,READ,0x100800000000,2048,16,0,hbm_compute
17808098300,HBM,0,READ,0x100886000000,2048,17,3,hbm_compute
17809177100,CXL,2,READ,0x300884000000,17301504,17,2,cxl_expert_access
17814026700,DRAM,1,TRANSFER,0x200906000000,4096,18,3,dram_hybrid_act
17815066700,DRAM,1,TRANSFER,0x200900000000,4096,18,0,dram_hybrid_act
17818692700,CXL,2,READ,0x300982000000,17301504,19,1,cxl_expert_access
17819623100,DRAM,1,TRANSFER,0x200980000000,4096,19,0,dram_hybrid_act
17822934400,HBM,0,READ,0x100a04000000,2048,20,2,hbm_compute
17825044300,CXL,2,READ,0x300a00000000,17301504,20,0,cxl_expert_access
17828669700,CXL,2,READ,0x300a80000000,17301504,21,0,cxl_expert_access
17829135300,HBM,0,READ,0x100a84000000,2048,21,2,hbm_compute
17832626400,CXL,2,READ,0x300b02000000,17301504,22,1,cxl_expert_access
17833945300,CXL,2,READ,0x300b00000000,17301504,22,0,cxl_expert_access
17836836600,HBM,0,READ,0x100b86000000,2048,23,3,hbm_compute
17837186600,HBM,0,READ,0x100b84000000,2048,23,2,hbm_compute
17844935700,HBM,0,READ,0x100006000000,2048,0,3,hbm_compute
17846870800,DRAM,1,TRANSFER,0x200000000000,4096,0,0,dram_hybrid_act
17851391700,CXL,2,READ,0x300084000000,17301504,1,2,cxl_expert_access
17851813200,HBM,0,READ,0x100082000000,2048,1,1,hbm_compute
17854808700,HBM,0,READ,0x100100000000,2048,2,0,hbm_compute
17856934500,DRAM,1,TRANSFER,0x200102000000,4096,2,1,dram_hybrid_act
17862142000,DRAM,1,TRANSFER,0x200182000000,4096,3,1,dram_hybrid_act
17863260100,DRAM,1,TRANSFER,0x200180000000,4096,3,0,dram_hybrid_act
17868124700,DRAM,1,TRANSFER,0x200204000000,4096,4,2,dram_hybrid_act
17868578600,HBM,0,READ,0x100200000000,2048,4,0,hbm_compute
17873097200,DRAM,1,TRANSFER,0x200284000000,4096,5,2,dram_hybrid_act
17874140100,CXL,2,READ,0x300282000000,17301504,5,1,cxl_expert_access
17877965100,DRAM,1,TRANSFER,0x200302000000,4096,6,1,dram_hybrid_act
17878581700,HBM,0,READ,0x100306000000,2048,6,3,hbm_compute
17883397600,CXL,2,READ,0x300380000000,17301504,7,0,cxl_expert_access
17885133000,CXL,2,READ,0x300386000000,17301504,7,3,cxl_expert_access
17888457800,HBM,0,READ,0x100404000000,2048,8,2,hbm_compute
17890241700,CXL,2,READ,0x300406000000,17301504,8,3,cxl_expert_access
17893805200,CXL,2,READ,0x300486000000,17301504,9,3,cxl_expert_access
17894312800,HBM,0,READ,0x100482000000,2048,9,1,hbm_compute
17898858000,DRAM,1,TRANSFER,0x200502000000,4096,10,1,dram_hybrid_act
17899423600,HBM,0,READ,0x100504000000,2048,10,2,hbm_compute
17904168300,CXL,2,READ,0x300580000000,17301504,11,0,cxl_expert_access
17905789400,CXL,2,READ,0x300586000000,17301504,11,3,cxl_expert_access
17910088900,CXL,2,READ,0x300606000000,17301504,12,3,cxl_expert_access
17910777800,HBM,0,READ,0x100600000000,2048,12,0,hbm_compute
17915781700,CXL,2,READ,0x300684000000,17301504,13,2,cxl_expert_access
17916490200,HBM,0,READ,0x100680000000,2048,13,0,hbm_compute
17920174200,HBM,0,READ,0x100702000000,2048,14,1,hbm_compute
17920547200,HBM,0,READ,0x100700000000,2048,14,0,hbm_compute
17925056000,CXL,2,READ,0x300784000000,17301504,15,2,cxl_expert_access
17925557300,HBM,0,READ,0x100780000000,2048,15,0,hbm_compute
17929979600,CXL,2,READ,0x300806000000,17301504,16,3,cxl_expert_access
17930657300,HBM,0,READ,0x100802000000,2048,16,1,hbm_compute
17936116900,CXL,2,READ,0x300884000000,17301504,17,2,cxl_expert_access
17936716900,HBM,0,READ,0x100882000000,2048,17,1,hbm_compute
17941145400,DRAM,1,TRANSFER,0x200902000000,4096,18,1,dram_hybrid_act
17942193600,DRAM,1,TRANSFER,0x200906000000,4096,18,3,dram_hybrid_act
17947527000,DRAM,1,TRANSFER,0x200986000000,4096,19,3,dram_hybrid_act
17948861600,CXL,2,READ,0x300982000000,17301504,19,1,cxl_expert_access
17952576000,HBM,0,READ,0x100a04000000,2048,20,2,hbm_compute
17954525400,CXL,2,READ,0x300a00000000,17301504,20,0,cxl_expert_access
17957494400,HBM,0,READ,0x100a86000000,2048,21,3,hbm_compute
17957886700,HBM,0,READ,0x100a84000000,2048,21,2,hbm_compute
17960793700,HBM,0,READ,0x100b04000000,2048,22,2,hbm_compute
17963059700,CXL,2,READ,0x300b00000000,17301504,22,0,cxl_expert_access
17966742500,HBM,0,READ,0x100b86000000,2048,23,3,hbm_compute
17967140000,HBM,0,READ,0x100b84000000,2048,23,2,hbm_compute
17975300500,HBM,0,READ,0x100006000000,2048,0,3,hbm_compute
17977274400,CXL,2,READ,0x300002000000,17301504,0,1,cxl_expert_access
17980858100,HBM,0,READ,0x100082000000,2048,1,1,hbm_compute
17981302400,HBM,0,READ,0x100080000000,2048,1,0,hbm_compute
17985968300,DRAM,1,TRANSFER,0x200106000000,4096,2,3,dram_hybrid_act
17987590700,CXL,2,READ,0x300104000000,17301504,2,2,cxl_expert_access
17991967800,DRAM,1,TRANSFER,0x200180000000,4096,3,0,dram_hybrid_act
17992511400,HBM,0,READ,0x100186000000,2048,3,3,hbm_compute
17997526500,DRAM,1,TRANSFER,0x200204000000,4096,4,2,dram_hybrid_act
17998236600,HBM,0,READ,0x100200000000,2048,4,0,hbm_compute
18002589400,DRAM,1,TRANSFER,0x200284000000,4096,5,2,dram_hybrid_act
18004422300,CXL,2,READ,0x300280000000,17301504,5,0,cxl_expert_access
18007213700,HBM,0,READ,0x100306000000,2048,6,3,hbm_compute
18008104300,CXL,2,READ,0x300300000000,17301504,6,0,cxl_expert_access
18011156400,HBM,0,READ,0x100384000000,2048,7,2,hbm_compute
18011512100,HBM,0,READ,0x100382000000,2048,7,1,hbm_compute
18016128200,CXL,2,READ,0x300400000000,17301504,8,0,cxl_expert_access
18016695200,HBM,0,READ,0x100404000000,2048,8,2,hbm_compute
18021322400,CXL,2,READ,0x300486000000,17301504,9,3,cxl_expert_access
18021896000,HBM,0,READ,0x100482000000,2048,9,1,hbm_compute
18025381300,DRAM,1,TRANSFER,0x200502000000,4096,10,1,dram_hybrid_act
18026379100,CXL,2,READ,0x300506000000,17301504,10,3,cxl_expert_access
18030177900,HBM,0,READ,0x100584000000,2048,11,2,hbm_compute
18032228700,CXL,2,READ,0x300580000000,17301504,11,0,cxl_expert_access
18035945700,HBM,0,READ,0x100600000000,2048,12,0,hbm_compute
18037788400,CXL,2,READ,0x300604000000,17301504,12,2,cxl_expert_access
18042392600,CXL,2,READ,0x300684000000,17301504,13,2,cxl_expert_access
18043123000,HBM,0,READ,0x100680000000,2048,13,0,hbm_compute
18046935000,HBM,0,READ,0x100700000000,2048,14,0,hbm_compute
18047313800,HBM,0,READ,0x100702000000,2048,14,1,hbm_compute
18051725600,CXL,2,READ,0x300784000000,17301504,15,2,cxl_expert_access
18052305400,HBM,0,READ,0x100782000000,2048,15,1,hbm_compute
18057523000,CXL,2,READ,0x300806000000,17301504,16,3,cxl_expert_access
18058192200,HBM,0,READ,0x100802000000,2048,16,1,hbm_compute
18061082100,HBM,0,READ,0x100886000000,2048,17,3,hbm_compute
18061522300,HBM,0,READ,0x100882000000,2048,17,1,hbm_compute
18066055800,DRAM,1,TRANSFER,0x200906000000,4096,18,3,dram_hybrid_act
18067687400,DRAM,1,TRANSFER,0x200902000000,4096,18,1,dram_hybrid_act
18071213700,DRAM,1,TRANSFER,0x200986000000,4096,19,3,dram_hybrid_act
18072818600,DRAM,1,TRANSFER,0x200980000000,4096,19,0,dram_hybrid_act
18077128200,CXL,2,READ,0x300a00000000,17301504,20,0,cxl_expert_access
18077683800,HBM,0,READ,0x100a04000000,2048,20,2,hbm_compute
18080690600,HBM,0,READ,0x100a86000000,2048,21,3,hbm_compute
18081053300,HBM,0,READ,0x100a84000000,2048,21,2,hbm_compute
18083689100,HBM,0,READ,0x100b04000000,2048,22,2,hbm_compute
18085516800,CXL,2,READ,0x300b02000000,17301504,22,1,cxl_expert_access
18090071500,CXL,2,READ,0x300b82000000,17301504,23,1,cxl_expert_access
18090628700,HBM,0,READ,0x100b86000000,2048,23,3,hbm_compute
18100236800,CXL,2,READ,0x300002000000,17301504,0,1,cxl_expert_access
18102169600,DRAM,1,TRANSFER,0x200004000000,4096,0,2,dram_hybrid_act
18105365500,HBM,0,READ,0x100082000000,2048,1,1,hbm_compute
18105752900,HBM,0,READ,0x100080000000,2048,1,0,hbm_compute
18109035700,DRAM,1,TRANSFER,0x200102000000,4096,2,1,dram_hybrid_act
18109964800,DRAM,1,TRANSFER,0x200106000000,4096,2,3,dram_hybrid_act
18114779100,DRAM,1,TRANSFER,0x200180000000,4096,3,0,dram_hybrid_act
18116633600,DRAM,1,TRANSFER,0x200182000000,4096,3,1,dram_hybrid_act
18120522300,DRAM,1,TRANSFER,0x200206000000,4096,4,3,dram_hybrid_act
18120981100,HBM,0,READ,0x100200000000,2048,4,0,hbm_compute
18124524800,DRAM,1,TRANSFER,0x200284000000,4096,5,2,dram_hybrid_act
18125494400,CXL,2,READ,0x300280000000,17301504,5,0,cxl_expert_access
18128656400,HBM,0,READ,0x100306000000,2048,6,3,hbm_compute
18130554800,CXL,2,READ,0x300300000000,17301504,6,0,cxl_expert_access
18135525300,CXL,2,READ,0x300386000000,17301504,7,3,cxl_expert_access
18136107100,HBM,0,READ,0x100384000000,2048,7,2,hbm_compute
18140551400,CXL,2,READ,0x300400000000,17301504,8,0,cxl_expert_access
18141538500,CXL,2,READ,0x300406000000,17301504,8,3,cxl_expert_access
18144762300,HBM,0,READ,0x100482000000,2048,9,1,hbm_compute
18145754400,CXL,2,READ,0x300486000000,17301504,9,3,cxl_expert_access
18151006000,DRAM,1,TRANSFER,0x200502000000,4096,10,1,dram_hybrid_act
18151614700,HBM,0,READ,0x100504000000,2048,10,2,hbm_compute
18154724800,HBM,0,READ,0x100584000000,2048,11,2,hbm_compute
18156500400,CXL,2,READ,0x300580000000,17301504,11,0,cxl_expert_access
18159315700,HBM,0,READ,0x100600000000,2048,12,0,hbm_compute
18159666600,HBM,0,READ,0x100602000000,2048,12,1,hbm_compute
18163107900,HBM,0,READ,0x100680000000,2048,13,0,hbm_compute
18164818400,CXL,2,READ,0x300684000000,17301504,13,2,cxl_expert_access
18167778500,HBM,0,READ,0x100702000000,2048,14,1,hbm_compute
18169463500,CXL,2,READ,0x300704000000,17301504,14,2,cxl_expert_access
18172194700,HBM,0,READ,0x100780000000,2048,15,0,hbm_compute
18173831300,CXL,2,READ,0x300784000000,17301504,15,2,cxl_expert_access
18178018000,CXL,2,READ,0x300806000000,17301504,16,3,cxl_expert_access
18178588800,HBM,0,READ,0x100802000000,2048,16,1,hbm_compute
18183094400,DRAM,1,TRANSFER,0x200880000000,4096,17,0,dram_hybrid_act
18183660300,HBM,0,READ,0x100886000000,2048,17,3,hbm_compute
18187802300,DRAM,1,TRANSFER,0x200902000000,4096,18,1,dram_hybrid_act
18189036600,DRAM,1,TRANSFER,0x200906000000,4096,18,3,dram_hybrid_act
18192328600,DRAM,1,TRANSFER,0x200986000000,4096,19,3,dram_hybrid_act
18193281100,DRAM,1,TRANSFER,0x200980000000,4096,19,0,dram_hybrid_act
18197094400,HBM,0,READ,0x100a04000000,2048,20,2,hbm_compute
18199128100,CXL,2,READ,0x300a02000000,17301504,20,1,cxl_expert_access
18202573500,HBM,0,READ,0x100a84000000,2048,21,2,hbm_compute
18203085500,HBM,0,READ,0x100a86000000,2048,21,3,hbm_compute
18206377900,HBM,0,READ,0x100b04000000,2048,22,2,hbm_compute
18208024600,CXL,2,READ,0x300b00000000,17301504,22,0,cxl_expert_access
18212457500,CXL,2,READ,0x300b80000000,17301504,23,0,cxl_expert_access
18213066500,HBM,0,READ,0x100b86000000,2048,23,3,hbm_compute
18221372800,HBM,0,READ,0x100006000000,2048,0,3,hbm_compute
18223348200,CXL,2,READ,0x300002000000,17301504,0,1,cxl_expert_access
18226320700,HBM,0,READ,0x100082000000,2048,1,1,hbm_compute
18227423800,CXL,2,READ,0x300084000000,17301504,1,2,cxl_expert_access
18232645200,DRAM,1,TRANSFER,0x200102000000,4096,2,1,dram_hybrid_act
18234727600,CXL,2,READ,0x300104000000,17301504,2,2,cxl_expert_access
18238480900,DRAM,1,TRANSFER,0x200180000000,4096,3,0,dram_hybrid_act
18240352100,DRAM,1,TRANSFER,0x200182000000,4096,3,1,dram_hybrid_act
18244969700,DRAM,1,TRANSFER,0x200206000000,4096,4,3,dram_hybrid_act
18246339700,CXL,2,READ,0x300202000000,17301504,4,1,cxl_expert_access
18251701200,CXL,2,READ,0x300280000000,17301504,5,0,cxl_expert_access
18253511200,CXL,2,READ,0x300282000000,17301504,5,1,cxl_expert_access
18257010800,HBM,0,READ,0x100306000000,2048,6,3,hbm_compute
18258566500,CXL,2,READ,0x300300000000,17301504,6,0,cxl_expert_access
18262178200,HBM,0,READ,0x100384000000,2048,7,2,hbm_compute
18264297800,CXL,2,READ,0x300386000000,17301504,7,3,cxl_expert_access
18268978800,CXL,2,READ,0x300400000000,17301504,8,0,cxl_expert_access
18269485900,HBM,0,READ,0x100404000000,2048,8,2,hbm_compute
18272309500,HBM,0,READ,0x100482000000,2048,9,1,hbm_compute
18274183100,DRAM,1,TRANSFER,0x200480000000,4096,9,0,dram_hybrid_act
18279098400,DRAM,1,TRANSFER,0x200502000000,4096,10,1,dram_hybrid_act
18279655100,HBM,0,READ,0x100504000000,2048,10,2,hbm_compute
18282721100,HBM,0,READ,0x100584000000,2048,11,2,hbm_compute
18284617100,CXL,2,READ,0x300580000000,17301504,11,0,cxl_expert_access
18289108700,CXL,2,READ,0x300604000000,17301504,12,2,cxl_expert_access
18289613200,HBM,0,READ,0x100600000000,2048,12,0,hbm_compute
18292735200,HBM,0,READ,0x100680000000,2048,13,0,hbm_compute
18293719300,CXL,2,READ,0x300684000000,17301504,13,2,cxl_expert_access
18297410800,HBM,0,READ,0x100700000000,2048,14,0,hbm_compute
18297798100,HBM,0,READ,0x100702000000,2048,14,1,hbm_compute
18300371500,HBM,0,READ,0x100780000000,2048,15,0,hbm_compute
18302313600,CXL,2,READ,0x300784000000,17301504,15,2,cxl_expert_access
18307585800,CXL,2,READ,0x300806000000,17301504,16,3,cxl_expert_access
18308265700,HBM,0,READ,0x100802000000,2048,16,1,hbm_compute
18312844200,DRAM,1,TRANSFER,0x200880000000,4096,17,0,dram_hybrid_act
18315025800,CXL,2,READ,0x300884000000,17301504,17,2,cxl_expert_access
18319786800,DRAM,1,TRANSFER,0x200906000000,4096,18,3,dram_hybrid_act
18321324100,DRAM,1,TRANSFER,0x200900000000,4096,18,0,dram_hybrid_act
18324990200,DRAM,1,TRANSFER,0x200986000000,4096,19,3,dram_hybrid_act
18326190400,CXL,2,READ,0x300982000000,17301504,19,1,cxl_expert_access
18329856700,HBM,0,READ,0x100a04000000,2048,20,2,hbm_compute
18331735200,DRAM,1,TRANSFER,0x200a06000000,4096,20,3,dram_hybrid_act
18335012400,HBM,0,READ,0x100a84000000,2048,21,2,hbm_compute
18335385800,HBM,0,READ,0x100a86000000,2048,21,3,hbm_compute
18338546500,HBM,0,READ,0x100b04000000,2048,22,2,hbm_compute
18338940800,HBM,0,READ,0x100b06000000,2048,22,3,hbm_compute
18342621800,CXL,2,READ,0x300b82000000,17301504,23,1,cxl_expert_access
18343124000,HBM,0,READ,0x100b86000000,2048,23,3,hbm_compute
18353815000,CXL,2,READ,0x300002000000,17301504,0,1,cxl_expert_access
18354451300,HBM,0,READ,0x100006000000,2048,0,3,hbm_compute
18358722500,CXL,2,READ,0x300086000000,17301504,1,3,cxl_expert_access
18359219100,HBM,0,READ,0x100080000000,2048,1,0,hbm_compute
18362344800,HBM,0,READ,0x100100000000,2048,2,0,hbm_compute
18364037500,DRAM,1,TRANSFER,0x200106000000,4096,2,3,dram_hybrid_act
18368776100,DRAM,1,TRANSFER,0x200182000000,4096,3,1,dram_hybrid_act
18369757400,DRAM,1,TRANSFER,0x200180000000,4096,3,0,dram_hybrid_act
18373261400,DRAM,1,TRANSFER,0x200206000000,4096,4,3,dram_hybrid_act
18373803200,HBM,0,READ,0x100200000000,2048,4,0,hbm_compute
18376872100,HBM,0,READ,0x100286000000,2048,5,3,hbm_compute
18378371800,CXL,2,READ,0x300280000000,17301504,5,0,cxl_expert_access
18383050600,DRAM,1,TRANSFER,0x200304000000,4096,6,2,dram_hybrid_act
18384215900,DRAM,1,TRANSFER,0x200302000000,4096,6,1,dram_hybrid_act
18388294900,CXL,2,READ,0x300380000000,17301504,7,0,cxl_expert_access
18388812300,HBM,0,READ,0x100384000000,2048,7,2,hbm_compute
18393789900,CXL,2,READ,0x300400000000,17301504,8,0,cxl_expert_access
18394525000,HBM,0,READ,0x100404000000,2048,8,2,hbm_compute
18397917400,HBM,0,READ,0x100482000000,2048,9,1,hbm_compute
18398908200,CXL,2,READ,0x300486000000,17301504,9,3,cxl_expert_access
18403959700,DRAM,1,TRANSFER,0x200502000000,4096,10,1,dram_hybrid_act
18405165200,DRAM,1,TRANSFER,0x200500000000,4096,10,0,dram_hybrid_act
18409372900,CXL,2,READ,0x300580000000,17301504,11,0,cxl_expert_access
18409784700,HBM,0,READ,0x100584000000,2048,11,2,hbm_compute
18414197400,CXL,2,READ,0x300606000000,17301504,12,3,cxl_expert_access
18415833000,CXL,2,READ,0x300604000000,17301504,12,2,cxl_expert_access
18420164000,CXL,2,READ,0x300684000000,17301504,13,2,cxl_expert_access
18421264800,CXL,2,READ,0x300686000000,17301504,13,3,cxl_expert_access
18425582400,CXL,2,READ,0x300704000000,17301504,14,2,cxl_expert_access
18426143800,HBM,0,READ,0x100700000000,2048,14,0,hbm_compute
18432137400,CXL,2,READ,0x300784000000,17301504,15,2,cxl_expert_access
18432890700,HBM,0,READ,0x100780000000,2048,15,0,hbm_compute
18436148600,HBM,0,READ,0x100802000000,2048,16,1,hbm_compute
18438249300,CXL,2,READ,0x300806000000,17301504,16,3,cxl_expert_access
18441763600,CXL,2,READ,0x300884000000,17301504,17,2,cxl_expert_access
18442759400,DRAM,1,TRANSFER,0x200880000000,4096,17,0,dram_hybrid_act
18447863100,DRAM,1,TRANSFER,0x200906000000,4096,18,3,dram_hybrid_act
18448902000,DRAM,1,TRANSFER,0x200900000000,4096,18,0,dram_hybrid_act
18452462600,DRAM,1,TRANSFER,0x200986000000,4096,19,3,dram_hybrid_act
18452912000,HBM,0,READ,0x100984000000,2048,19,2,hbm_compute
18455724100,HBM,0,READ,0x100a04000000,2048,20,2,hbm_compute
18457436000,CXL,2,READ,0x300a00000000,17301504,20,0,cxl_expert_access
18460138900,HBM,0,READ,0x100a86000000,2048,21,3,hbm_compute
18461505700,CXL,2,READ,0x300a82000000,17301504,21,1,cxl_expert_access
18464715200,HBM,0,READ,0x100b04000000,2048,22,2,hbm_compute
18465144100,HBM,0,READ,0x100b06000000,2048,22,3,hbm_compute
18467541400,HBM,0,READ,0x100b86000000,2048,23,3,hbm_compute
18467911500,HBM,0,READ,0x100b84000000,2048,23,2,hbm_compute
18476094600,CXL,2,READ,0x300002000000,17301504,0,1,cxl_expert_access
18477354800,DRAM,1,TRANSFER,0x200004000000,4096,0,2,dram_hybrid_act
18480252700,HBM,0,READ,0x100082000000,2048,1,1,hbm_compute
18480623900,HBM,0,READ,0x100080000000,2048,1,0,hbm_compute
18483054400,HBM,0,READ,0x100100000000,2048,2,0,hbm_compute
18484809800,CXL,2,READ,0x300104000000,17301504,2,2,cxl_expert_access
18487874600,DRAM,1,TRANSFER,0x200182000000,4096,3,1,dram_hybrid_act
18488771900,CXL,2,READ,0x300184000000,17301504,3,2,cxl_expert_access
18492728100,DRAM,1,TRANSFER,0x200204000000,4096,4,2,dram_hybrid_act
18493769400,DRAM,1,TRANSFER,0x200206000000,4096,4,3,dram_hybrid_act
18496856900,HBM,0,READ,0x100286000000,2048,5,3,hbm_compute
18498832200,CXL,2,READ,0x300280000000,17301504,5,0,cxl_expert_access
18502286400,DRAM,1,TRANSFER,0x200304000000,4096,6,2,dram_hybrid_act
18502741400,HBM,0,READ,0x100306000000,2048,6,3,hbm_compute
18507141200,CXL,2,READ,0x300380000000,17301504,7,0,cxl_expert_access
18507944300,HBM,0,READ,0x100382000000,2048,7,1,hbm_compute
18511154500,CXL,2,READ,0x300400000000,17301504,8,0,cxl_expert_access
18511926900,HBM,0,READ,0x100404000000,2048,8,2,hbm_compute
18517145700,HBM,0,READ,0x100482000000,2048,9,1,hbm_compute
18519170500,DRAM,1,TRANSFER,0x200480000000,4096,9,0,dram_hybrid_act
18525258800,DRAM,1,TRANSFER,0x200502000000,4096,10,1,dram_hybrid_act
18525763500,HBM,0,READ,0x100504000000,2048,10,2,hbm_compute
18529560300,CXL,2,READ,0x300580000000,17301504,11,0,cxl_expert_access
18530044400,HBM,0,READ,0x100584000000,2048,11,2,hbm_compute
18534617800,CXL,2,READ,0x300606000000,17301504,12,3,cxl_expert_access
18535180800,HBM,0,READ,0x100600000000,2048,12,0,hbm_compute
18539816600,CXL,2,READ,0x300684000000,17301504,13,2,cxl_expert_access
18541559100,CXL,2,READ,0x300686000000,17301504,13,3,cxl_expert_access
18544724100,HBM,0,READ,0x100700000000,2048,14,0,hbm_compute
18546568400,CXL,2,READ,0x300704000000,17301504,14,2,cxl_expert_access
18549771600,HBM,0,READ,0x100780000000,2048,15,0,hbm_compute
18551614300,CXL,2,READ,0x300784000000,17301504,15,2,cxl_expert_access
18555417800,HBM,0,READ,0x100802000000,2048,16,1,hbm_compute
18557305300,CXL,2,READ,0x300806000000,17301504,16,3,cxl_expert_access
18560353700,HBM,0,READ,0x100882000000,2048,17,1,hbm_compute
18561487100,CXL,2,READ,0x300884000000,17301504,17,2,cxl_expert_access
18566437300,DRAM,1,TRANSFER,0x200906000000,4096,18,3,dram_hybrid_act
18568445900,DRAM,1,TRANSFER,0x200900000000,4096,18,0,dram_hybrid_act
18573161000,DRAM,1,TRANSFER,0x200986000000,4096,19,3,dram_hybrid_act
18573772800,HBM,0,READ,0x100984000000,2048,19,2,hbm_compute
18577388800,CXL,2,READ,0x300a00000000,17301504,20,0,cxl_expert_access
18577869300,HBM,0,READ,0x100a04000000,2048,20,2,hbm_compute
18580956200,HBM,0,READ,0x100a86000000,2048,21,3,hbm_compute
18582926400,CXL,2,READ,0x300a80000000,17301504,21,0,cxl_expert_access
18586588500,HBM,0,READ,0x100b04000000,2048,22,2,hbm_compute
18588411500,CXL,2,READ,0x300b00000000,17301504,22,0,cxl_expert_access
18592166000,CXL,2,READ,0x300b80000000,17301504,23,0,cxl_expert_access
18592629600,HBM,0,READ,0x100b86000000,2048,23,3,hbm_compute
18601411300,HBM,0,READ,0x100006000000,2048,0,3,hbm_compute
18603401400,DRAM,1,TRANSFER,0x200004000000,4096,0,2,dram_hybrid_act
18606922800,HBM,0,READ,0x100082000000,2048,1,1,hbm_compute
18608695300,CXL,2,READ,0x300084000000,17301504,1,2,cxl_expert_access
18612832500,CXL,2,READ,0x300104000000,17301504,2,2,cxl_expert_access
18614130000,DRAM,1,TRANSFER,0x200102000000,4096,2,1,dram_hybrid_act
18619437000,DRAM,1,TRANSFER,0x200182000000,4096,3,1,dram_hybrid_act
18620394700,DRAM,1,TRANSFER,0x200180000000,4096,3,0,dram_hybrid_act
18625295900,DRAM,1,TRANSFER,0x200206000000,4096,4,3,dram_hybrid_act
18626305200,CXL,2,READ,0x300202000000,17301504,4,1,cxl_expert_access
18631692000,DRAM,1,TRANSFER,0x200284000000,4096,5,2,dram_hybrid_act
18633078900,CXL,2,READ,0x300280000000,17301504,5,0,cxl_expert_access
18636062300,HBM,0,READ,0x100306000000,2048,6,3,hbm_compute
18637853000,CXL,2,READ,0x300300000000,17301504,6,0,cxl_expert_access
18641524700,CXL,2,READ,0x300380000000,17301504,7,0,cxl_expert_access
18641975200,HBM,0,READ,0x100384000000,2048,7,2,hbm_compute
18646808000,HBM,0,READ,0x100404000000,2048,8,2,hbm_compute
18649083700,CXL,2,READ,0x300400000000,17301504,8,0,cxl_expert_access
18653111300,HBM,0,READ,0x100482000000,2048,9,1,hbm_compute
18655030000,DRAM,1,TRANSFER,0x200480000000,4096,9,0,dram_hybrid_act
18658662100,CXL,2,READ,0x300506000000,17301504,10,3,cxl_expert_access
18659153200,HBM,0,READ,0x100504000000,2048,10,2,hbm_compute
18662929800,CXL,2,READ,0x300580000000,17301504,11,0,cxl_expert_access
18663604200,HBM,0,READ,0x100584000000,2048,11,2,hbm_compute
18668711000,CXL,2,READ,0x300606000000,17301504,12,3,cxl_expert_access
18669307600,HBM,0,READ,0x100600000000,2048,12,0,hbm_compute
18673806500,CXL,2,READ,0x300684000000,17301504,13,2,cxl_expert_access
18674415300,HBM,0,READ,0x100682000000,2048,13,1,hbm_compute
18677261800,HBM,0,READ,0x100700000000,2048,14,0,hbm_compute
18677660600,HBM,0,READ,0x100702000000,2048,14,1,hbm_compute
18680641000,HBM,0,READ,0x100780000000,2048,15,0,hbm_compute
18682565000,CXL,2,READ,0x300784000000,17301504,15,2,cxl_expert_access
18687313700,CXL,2,READ,0x300806000000,17301504,16,3,cxl_expert_access
18687828700,HBM,0,READ,0x100802000000,2048,16,1,hbm_compute
18690416900,HBM,0,READ,0x100882000000,2048,17,1,hbm_compute
18691997700,CXL,2,READ,0x300884000000,17301504,17,2,cxl_expert_access
18696259900,DRAM,1,TRANSFER,0x200906000000,4096,18,3,dram_hybrid_act
18698322400,DRAM,1,TRANSFER,0x200900000000,4096,18,0,dram_hybrid_act
18703273100,DRAM,1,TRANSFER,0x200986000000,4096,19,3,dram_hybrid_act
18703761900,HBM,0,READ,0x100984000000,2048,19,2,hbm_compute
18708228900,DRAM,1,TRANSFER,0x200a06000000,4096,20,3,dram_hybrid_act
18708724800,HBM,0,READ,0x100a04000000,2048,20,2,hbm_compute
18712562200,CXL,2,READ,0x300a80000000,17301504,21,0,cxl_expert_access
18713043600,HBM,0,READ,0x100a86000000,2048,21,3,hbm_compute
18717784300,CXL,2,READ,0x300b02000000,17301504,22,1,cxl_expert_access
18718346800,HBM,0,READ,0x100b06000000,2048,22,3,hbm_compute
18722938200,CXL,2,READ,0x300b80000000,17301504,23,0,cxl_expert_access
18723523900,HBM,0,READ,0x100b86000000,2048,23,3,hbm_compute
18734405500,CXL,2,READ,0x300002000000,17301504,0,1,cxl_expert_access
18736394500,DRAM,1,TRANSFER,0x200004000000,4096,0,2,dram_hybrid_act
18739960500,HBM,0,READ,0x100082000000,2048,1,1,hbm_compute
18741372600,CXL,2,READ,0x300084000000,17301504,1,2,cxl_expert_access
18745456700,DRAM,1,TRANSFER,0x200106000000,4096,2,3,dram_hybrid_act
18747436500,DRAM,1,TRANSFER,0x200102000000,4096,2,1,dram_hybrid_act
18753051700,DRAM,1,TRANSFER,0x200182000000,4096,3,1,dram_hybrid_act
18753635900,HBM,0,READ,0x100186000000,2048,3,3,hbm_compute
18758229500,DRAM,1,TRANSFER,0x200206000000,4096,4,3,dram_hybrid_act
18758812000,HBM,0,READ,0x100200000000,2048,4,0,hbm_compute
18762004100,HBM,0,READ,0x100286000000,2048,5,3,hbm_compute
18764057800,CXL,2,READ,0x300282000000,17301504,5,1,cxl_expert_access
18769133600,DRAM,1,TRANSFER,0x200302000000,4096,6,1,dram_hybrid_act
18770765000,CXL,2,READ,0x300300000000,17301504,6,0,cxl_expert_access
18774167800,HBM,0,READ,0x100384000000,2048,7,2,hbm_compute
18774522000,HBM,0,READ,0x100382000000,2048,7,1,hbm_compute
18777903100,CXL,2,READ,0x300400000000,17301504,8,0,cxl_expert_access
18778426900,HBM,0,READ,0x100404000000,2048,8,2,hbm_compute
18781486700,HBM,0,READ,0x100482000000,2048,9,1,hbm_compute
18783498100,DRAM,1,TRANSFER,0x200480000000,4096,9,0,dram_hybrid_act
18788181900,DRAM,1,TRANSFER,0x200500000000,4096,10,0,dram_hybrid_act
18788911000,HBM,0,READ,0x100504000000,2048,10,2,hbm_compute
18791693800,HBM,0,READ,0x100584000000,2048,11,2,hbm_compute
18792723100,CXL,2,READ,0x300580000000,17301504,11,0,cxl_expert_access
18797636000,CXL,2,READ,0x300606000000,17301504,12,3,cxl_expert_access
18799447500,CXL,2,READ,0x300604000000,17301504,12,2,cxl_expert_access
18805049200,CXL,2,READ,0x300684000000,17301504,13,2,cxl_expert_access
18805665600,HBM,0,READ,0x100682000000,2048,13,1,hbm_compute
18809404700,DRAM,1,TRANSFER,0x200706000000,4096,14,3,dram_hybrid_act
18809844900,HBM,0,READ,0x100702000000,2048,14,1,hbm_compute
18812913200,HBM,0,READ,0x100780000000,2048,15,0,hbm_compute
18813292700,HBM,0,READ,0x100782000000,2048,15,1,hbm_compute
18817623600,CXL,2,READ,0x300806000000,17301504,16,3,cxl_expert_access
18818188900,HBM,0,READ,0x100802000000,2048,16,1,hbm_compute
18821670200,HBM,0,READ,0x100882000000,2048,17,1,hbm_compute
18823443900,CXL,2,READ,0x300884000000,17301504,17,2,cxl_expert_access
18829163700,DRAM,1,TRANSFER,0x200906000000,4096,18,3,dram_hybrid_act
18830183800,DRAM,1,TRANSFER,0x200904000000,4096,18,2,dram_hybrid_act
18833535200,HBM,0,READ,0x100984000000,2048,19,2,hbm_compute
18835625600,DRAM,1,TRANSFER,0x200986000000,4096,19,3,dram_hybrid_act
18840099000,DRAM,1,TRANSFER,0x200a06000000,4096,20,3,dram_hybrid_act
18840553400,HBM,0,READ,0x100a04000000,2048,20,2,hbm_compute
18843000200,HBM,0,READ,0x100a86000000,2048,21,3,hbm_compute
18844692500,CXL,2,READ,0x300a82000000,17301504,21,1,cxl_expert_access
18847543800,HBM,0,READ,0x100b06000000,2048,22,3,hbm_compute
18849264700,CXL,2,READ,0x300b02000000,17301504,22,1,cxl_expert_access
18853920900,CXL,2,READ,0x300b82000000,17301504,23,1,cxl_expert_access
18854432500,HBM,0,READ,0x100b86000000,2048,23,3,hbm_compute
18864650900,CXL,2,READ,0x300002000000,17301504,0,1,cxl_expert_access
18866716800,DRAM,1,TRANSFER,0x200000000000,4096,0,0,dram_hybrid_act
18870029100,HBM,0,READ,0x100082000000,2048,1,1,hbm_compute
18870998100,CXL,2,READ,0x300086000000,17301504,1,3,cxl_expert_access
18875726900,DRAM,1,TRANSFER,0x200106000000,4096,2,3,dram_hybrid_act
18876463400,HBM,0,READ,0x100100000000,2048,2,0,hbm_compute
18880424200,DRAM,1,TRANSFER,0x200182000000,4096,3,1,dram_hybrid_act
18882335900,DRAM,1,TRANSFER,0x200180000000,4096,3,0,dram_hybrid_act
18887620000,CXL,2,READ,0x300202000000,17301504,4,1,cxl_expert_access
18889001800,DRAM,1,TRANSFER,0x200206000000,4096,4,3,dram_hybrid_act
18893580200,DRAM,1,TRANSFER,0x200284000000,4096,5,2,dram_hybrid_act
18894446900,HBM,0,READ,0x100286000000,2048,5,3,hbm_compute
18900003500,DRAM,1,TRANSFER,0x200304000000,4096,6,2,dram_hybrid_act
18900988900,DRAM,1,TRANSFER,0x200302000000,4096,6,1,dram_hybrid_act
18904208900,HBM,0,READ,0x100382000000,2048,7,1,hbm_compute
18904684300,HBM,0,READ,0x100384000000,2048,7,2,hbm_compute
18908966200,CXL,2,READ,0x300400000000,17301504,8,0,cxl_expert_access
18909438900,HBM,0,READ,0x100404000000,2048,8,2,hbm_compute
18912980000,HBM,0,READ,0x100482000000,2048,9,1,hbm_compute
18915000800,DRAM,1,TRANSFER,0x200484000000,4096,9,2,dram_hybrid_act
18918457600,HBM,0,READ,0x100504000000,2048,10,2,hbm_compute
18920391800,CXL,2,READ,0x300506000000,17301504,10,3,cxl_expert_access
18923489000,HBM,0,READ,0x100584000000,2048,11,2,hbm_compute
18925384600,CXL,2,READ,0x300580000000,17301504,11,0,cxl_expert_access
18928616300,HBM,0,READ,0x100600000000,2048,12,0,hbm_compute
18929674500,CXL,2,READ,0x300606000000,17301504,12,3,cxl_expert_access
18934477100,CXL,2,READ,0x300686000000,17301504,13,3,cxl_expert_access
18935687500,CXL,2,READ,0x300684000000,17301504,13,2,cxl_expert_access
18938774900,HBM,0,READ,0x100700000000,2048,14,0,hbm_compute
18940600200,DRAM,1,TRANSFER,0x200706000000,4096,14,3,dram_hybrid_act
18943522700,HBM,0,READ,0x100780000000,2048,15,0,hbm_compute
18944802000,CXL,2,READ,0x300784000000,17301504,15,2,cxl_expert_access
18948227300,HBM,0,READ,0x100802000000,2048,16,1,hbm_compute
18950061100,CXL,2,READ,0x300806000000,17301504,16,3,cxl_expert_access
18954838200,CXL,2,READ,0x300884000000,17301504,17,2,cxl_expert_access
18955407800,HBM,0,READ,0x100882000000,2048,17,1,hbm_compute
18959029500,DRAM,1,TRANSFER,0x200902000000,4096,18,1,dram_hybrid_act
18960194600,DRAM,1,TRANSFER,0x200900000000,4096,18,0,dram_hybrid_act
18964127300,HBM,0,READ,0x100984000000,2048,19,2,hbm_compute
18966101100,DRAM,1,TRANSFER,0x200986000000,4096,19,3,dram_hybrid_act
18970990700,CXL,2,READ,0x300a00000000,17301504,20,0,cxl_expert_access
18971963300,CXL,2,READ,0x300a02000000,17301504,20,1,cxl_expert_access
18974963400,HBM,0,READ,0x100a86000000,2048,21,3,hbm_compute
18975465800,HBM,0,READ,0x100a84000000,2048,21,2,hbm_compute
18979061900,CXL,2,READ,0x300b02000000,17301504,22,1,cxl_expert_access
18979688800,HBM,0,READ,0x100b04000000,2048,22,2,hbm_compute
18983327300,HBM,0,READ,0x100b86000000,2048,23,3,hbm_compute
18983871400,HBM,0,READ,0x100b84000000,2048,23,2,hbm_compute
18993482100,CXL,2,READ,0x300002000000,17301504,0,1,cxl_expert_access
18995343000,DRAM,1,TRANSFER,0x200000000000,4096,0,0,dram_hybrid_act
18999383100,HBM,0,READ,0x100082000000,2048,1,1,hbm_compute
18999826600,HBM,0,READ,0x100080000000,2048,1,0,hbm_compute
19004549200,DRAM,1,TRANSFER,0x200106000000,4096,2,3,dram_hybrid_act
19005192900,HBM,0,READ,0x100100000000,2048,2,0,hbm_compute
19008679700,HBM,0,READ,0x100186000000,2048,3,3,hbm_compute
19010944300,DRAM,1,TRANSFER,0x200180000000,4096,3,0,dram_hybrid_act
19015293600,CXL,2,READ,0x300202000000,17301504,4,1,cxl_expert_access
19015827900,HBM,0,READ,0x100200000000,2048,4,0,hbm_compute
19019221400,DRAM,1,TRANSFER,0x200284000000,4096,5,2,dram_hybrid_act
19020271900,CXL,2,READ,0x300282000000,17301504,5,1,cxl_expert_access
19024281300,CXL,2,READ,0x300300000000,17301504,6,0,cxl_expert_access
19025321400,DRAM,1,TRANSFER,0x200302000000,4096,6,1,dram_hybrid_act
19028546700,HBM,0,READ,0x100382000000,2048,7,1,hbm_compute
19030511400,CXL,2,READ,0x300380000000,17301504,7,0,cxl_expert_access
19035817100,CXL,2,READ,0x300400000000,17301504,8,0,cxl_expert_access
19036466300,HBM,0,READ,0x100402000000,2048,8,1,hbm_compute
19039802300,HBM,0,READ,0x100482000000,2048,9,1,hbm_compute
19040722400,CXL,2,READ,0x300486000000,17301504,9,3,cxl_expert_access
19044603500,DRAM,1,TRANSFER,0x200502000000,4096,10,1,dram_hybrid_act
19045296600,HBM,0,READ,0x100504000000,2048,10,2,hbm_compute
19050175600,CXL,2,READ,0x300586000000,17301504,11,3,cxl_expert_access
19052139500,CXL,2,READ,0x300580000000,17301504,11,0,cxl_expert_access
19056261800,CXL,2,READ,0x300606000000,17301504,12,3,cxl_expert_access
19056765000,HBM,0,READ,0x100600000000,2048,12,0,hbm_compute
19060646600,CXL,2,READ,0x300684000000,17301504,13,2,cxl_expert_access
19062003400,CXL,2,READ,0x300686000000,17301504,13,3,cxl_expert_access
19065299700,HBM,0,READ,0x100700000000,2048,14,0,hbm_compute
19065680300,HBM,0,READ,0x100702000000,2048,14,1,hbm_compute
19068559200,HBM,0,READ,0x100782000000,2048,15,1,hbm_compute
19071526400,CXL,2,READ,0x300784000000,17301504,15,2,cxl_expert_access
19074643800,HBM,0,READ,0x100802000000,2048,16,1,hbm_compute
19075605700,CXL,2,READ,0x300806000000,17301504,16,3,cxl_expert_access
19078609900,HBM,0,READ,0x100882000000,2048,17,1,hbm_compute
19080518800,CXL,2,READ,0x300884000000,17301504,17,2,cxl_expert_access
19084943800,DRAM,1,TRANSFER,0x200904000000,4096,18,2,dram_hybrid_act
19085898200,DRAM,1,TRANSFER,0x200902000000,4096,18,1,dram_hybrid_act
19089895300,DRAM,1,TRANSFER,0x200986000000,4096,19,3,dram_hybrid_act
19090444700,HBM,0,READ,0x100984000000,2048,19,2,hbm_compute
19093904100,CXL,2,READ,0x300a02000000,17301504,20,1,cxl_expert_access
19094429600,HBM,0,READ,0x100a04000000,2048,20,2,hbm_compute
19098887500,CXL,2,READ,0x300a82000000,17301504,21,1,cxl_expert_access
19099456200,HBM,0,READ,0x100a86000000,2048,21,3,hbm_compute
19102554900,HBM,0,READ,0x100b04000000,2048,22,2,hbm_compute
19104460200,CXL,2,READ,0x300b00000000,17301504,22,0,cxl_expert_access
19107555200,HBM,0,READ,0x100b84000000,2048,23,2,hbm_compute
19108519200,CXL,2,READ,0x300b82000000,17301504,23,1,cxl_expert_access
19120478300,CXL,2,READ,0x300002000000,17301504,0,1,cxl_expert_access
19122296400,DRAM,1,TRANSFER,0x200000000000,4096,0,0,dram_hybrid_act
19125581300,HBM,0,READ,0x100080000000,2048,1,0,hbm_compute
19126646400,CXL,2,READ,0x300084000000,17301504,1,2,cxl_expert_access
19131529800,DRAM,1,TRANSFER,0x200106000000,4096,2,3,dram_hybrid_act
19132063100,HBM,0,READ,0x100100000000,2048,2,0,hbm_compute
19135804200,DRAM,1,TRANSFER,0x200182000000,4096,3,1,dram_hybrid_act
19137675500,DRAM,1,TRANSFER,0x200180000000,4096,3,0,dram_hybrid_act
19141386600,DRAM,1,TRANSFER,0x200206000000,4096,4,3,dram_hybrid_act
19141868900,HBM,0,READ,0x100200000000,2048,4,0,hbm_compute
19146515400,DRAM,1,TRANSFER,0x200284000000,4096,5,2,dram_hybrid_act
19147013500,HBM,0,READ,0x100286000000,2048,5,3,hbm_compute
19150384100,CXL,2,READ,0x300300000000,17301504,6,0,cxl_expert_access
19150882500,HBM,0,READ,0x100306000000,2048,6,3,hbm_compute
19155818700,CXL,2,READ,0x300380000000,17301504,7,0,cxl_expert_access
19156343000,HBM,0,READ,0x100384000000,2048,7,2,hbm_compute
19159942100,CXL,2,READ,0x300406000000,17301504,8,3,cxl_expert_access
19161270000,CXL,2,READ,0x300400000000,17301504,8,0,cxl_expert_access
19164593500,HBM,0,READ,0x100482000000,2048,9,1,hbm_compute
19166832100,CXL,2,READ,0x300486000000,17301504,9,3,cxl_expert_access
19169795300,HBM,0,READ,0x100504000000,2048,10,2,hbm_compute
19171531800,DRAM,1,TRANSFER,0x200500000000,4096,10,0,dram_hybrid_act
19174268800,HBM,0,READ,0x100584000000,2048,11,2,hbm_compute
19175148000,CXL,2,READ,0x300586000000,17301504,11,3,cxl_expert_access
19177933400,HBM,0,READ,0x100600000000,2048,12,0,hbm_compute
19179556900,CXL,2,READ,0x300606000000,17301504,12,3,cxl_expert_access
19184302300,CXL,2,READ,0x300684000000,17301504,13,2,cxl_expert_access
19184924500,HBM,0,READ,0x100682000000,2048,13,1,hbm_compute
19187739700,HBM,0,READ,0x100702000000,2048,14,1,hbm_compute
19188036400,HBM,0,READ,0x100700000000,2048,14,0,hbm_compute
19190597900,HBM,0,READ,0x100782000000,2048,15,1,hbm_compute
19191607000,CXL,2,READ,0x300784000000,17301504,15,2,cxl_expert_access
19194881900,HBM,0,READ,0x100802000000,2048,16,1,hbm_compute
19195347600,HBM,0,READ,0x100800000000,2048,16,0,hbm_compute
19198538700,HBM,0,READ,0x100882000000,2048,17,1,hbm_compute
19200551900,DRAM,1,TRANSFER,0x200880000000,4096,17,0,dram_hybrid_act
19205554400,DRAM,1,TRANSFER,0x200902000000,4096,18,1,dram_hybrid_act
19206772600,DRAM,1,TRANSFER,0x200906000000,4096,18,3,dram_hybrid_act
19210066000,DRAM,1,TRANSFER,0x200986000000,4096,19,3,dram_hybrid_act
19210579500,HBM,0,READ,0x100984000000,2048,19,2,hbm_compute
19215514800,CXL,2,READ,0x300a00000000,17301504,20,0,cxl_expert_access
19216093900,HBM,0,READ,0x100a04000000,2048,20,2,hbm_compute
19218927900,HBM,0,READ,0x100a86000000,2048,21,3,hbm_compute
19220692600,CXL,2,READ,0x300a80000000,17301504,21,0,cxl_expert_access
19224659900,CXL,2,READ,0x300b00000000,17301504,22,0,cxl_expert_access
19225603700,CXL,2,READ,0x300b02000000,17301504,22,1,cxl_expert_access
19228593000,HBM,0,READ,0x100b86000000,2048,23,3,hbm_compute
19228985600,HBM,0,READ,0x100b84000000,2048,23,2,hbm_compute
19238074400,HBM,0,READ,0x100006000000,2048,0,3,hbm_compute
19239979700,DRAM,1,TRANSFER,0x200004000000,4096,0,2,dram_hybrid_act
19242977900,HBM,0,READ,0x100082000000,2048,1,1,hbm_compute
19243316700,HBM,0,READ,0x100080000000,2048,1,0,hbm_compute
19248785800,CXL,2,READ,0x300104000000,17301504,2,2,cxl_expert_access
19250610300,DRAM,1,TRANSFER,0x200102000000,4096,2,1,dram_hybrid_act
19254200800,DRAM,1,TRANSFER,0x200182000000,4096,3,1,dram_hybrid_act
19255134600,DRAM,1,TRANSFER,0x200180000000,4096,3,0,dram_hybrid_act
19258790500,CXL,2,READ,0x300202000000,17301504,4,1,cxl_expert_access
19259801100,DRAM,1,TRANSFER,0x200204000000,4096,4,2,dram_hybrid_act
19265152900,DRAM,1,TRANSFER,0x200284000000,4096,5,2,dram_hybrid_act
19266598800,CXL,2,READ,0x300282000000,17301504,5,1,cxl_expert_access
19270277500,CXL,2,READ,0x300300000000,17301504,6,0,cxl_expert_access
19270703700,HBM,0,READ,0x100306000000,2048,6,3,hbm_compute
19275674000,CXL,2,READ,0x300386000000,17301504,7,3,cxl_expert_access
19276117000,HBM,0,READ,0x100382000000,2048,7,1,hbm_compute
19280224900,CXL,2,READ,0x300400000000,17301504,8,0,cxl_expert_access
19281915300,CXL,2,READ,0x300406000000,17301504,8,3,cxl_expert_access
19284726000,HBM,0,READ,0x100482000000,2048,9,1,hbm_compute
19286063700,DRAM,1,TRANSFER,0x200484000000,4096,9,2,dram_hybrid_act
19288766500,HBM,0,READ,0x100504000000,2048,10,2,hbm_compute
19290372200,DRAM,1,TRANSFER,0x200502000000,4096,10,1,dram_hybrid_act
19293541000,HBM,0,READ,0x100584000000,2048,11,2,hbm_compute
19294748300,CXL,2,READ,0x300586000000,17301504,11,3,cxl_expert_access
19299080900,CXL,2,READ,0x300606000000,17301504,12,3,cxl_expert_access
19299588700,HBM,0,READ,0x100600000000,2048,12,0,hbm_compute
19301904400,HBM,0,READ,0x100680000000,2048,13,0,hbm_compute
19302960200,CXL,2,READ,0x300684000000,17301504,13,2,cxl_expert_access
19306391200,HBM,0,READ,0x100702000000,2048,14,1,hbm_compute
19306723000,HBM,0,READ,0x100700000000,2048,14,0,hbm_compute
19309618200,HBM,0,READ,0x100782000000,2048,15,1,hbm_compute
19310729100,CXL,2,READ,0x300784000000,17301504,15,2,cxl_expert_access
19314790800,HBM,0,READ,0x100802000000,2048,16,1,hbm_compute
19316673000,CXL,2,READ,0x300806000000,17301504,16,3,cxl_expert_access
19320830600,HBM,0,READ,0x100882000000,2048,17,1,hbm_compute
19323045300,CXL,2,READ,0x300884000000,17301504,17,2,cxl_expert_access
19326297100,DRAM,1,TRANSFER,0x200904000000,4096,18,2,dram_hybrid_act
19327205900,DRAM,1,TRANSFER,0x200902000000,4096,18,1,dram_hybrid_act
19331961100,DRAM,1,TRANSFER,0x200986000000,4096,19,3,dram_hybrid_act
19332552700,HBM,0,READ,0x100984000000,2048,19,2,hbm_compute
19336905500,CXL,2,READ,0x300a02000000,17301504,20,1,cxl_expert_access
19338074700,CXL,2,READ,0x300a00000000,17301504,20,0,cxl_expert_access
19341745300,CXL,2,READ,0x300a82000000,17301504,21,1,cxl_expert_access
19342781600,CXL,2,READ,0x300a80000000,17301504,21,0,cxl_expert_access
19346655900,HBM,0,READ,0x100b04000000,2048,22,2,hbm_compute
19348516600,CXL,2,READ,0x300b00000000,17301504,22,0,cxl_expert_access
19353058200,CXL,2,READ,0x300b82000000,17301504,23,1,cxl_expert_access
19353780900,HBM,0,READ,0x100b84000000,2048,23,2,hbm_compute
19363820700,CXL,2,READ,0x300002000000,17301504,0,1,cxl_expert_access
19365765000,DRAM,1,TRANSFER,0x200004000000,4096,0,2,dram_hybrid_act
19368804700,HBM,0,READ,0x100080000000,2048,1,0,hbm_compute
19369762000,CXL,2,READ,0x300084000000,17301504,1,2,cxl_expert_access
19374298100,CXL,2,READ,0x300104000000,17301504,2,2,cxl_expert_access
19374780700,HBM,0,READ,0x100100000000,2048,2,0,hbm_compute
19378217900,DRAM,1,TRANSFER,0x200180000000,4096,3,0,dram_hybrid_act
19379553400,DRAM,1,TRANSFER,0x200182000000,4096,3,1,dram_hybrid_act
19385569200,DRAM,1,TRANSFER,0x200204000000,4096,4,2,dram_hybrid_act
19386088200,HBM,0,READ,0x100200000000,2048,4,0,hbm_compute
19390190400,DRAM,1,TRANSFER,0x200284000000,4096,5,2,dram_hybrid_act
19391516400,CXL,2,READ,0x300282000000,17301504,5,1,cxl_expert_access
19395401400,CXL,2,READ,0x300300000000,17301504,6,0,cxl_expert_access
19395802200,HBM,0,READ,0x100306000000,2048,6,3,hbm_compute
19398390300,HBM,0,READ,0x100384000000,2048,7,2,hbm_compute
19400405100,CXL,2,READ,0x300380000000,17301504,7,0,cxl_expert_access
19404064100,HBM,0,READ,0x100402000000,2048,8,1,hbm_compute
19405091700,CXL,2,READ,0x300400000000,17301504,8,0,cxl_expert_access
19408654300,CXL,2,READ,0x300486000000,17301504,9,3,cxl_expert_access
19409142300,HBM,0,READ,0x100482000000,2048,9,1,hbm_compute
19413012800,HBM,0,READ,0x100504000000,2048,10,2,hbm_compute
19414960200,DRAM,1,TRANSFER,0x200502000000,4096,10,1,dram_hybrid_act
19419328100,CXL,2,READ,0x300580000000,17301504,11,0,cxl_expert_access
19419999200,HBM,0,READ,0x100584000000,2048,11,2,hbm_compute
19425538800,CXL,2,READ,0x300606000000,17301504,12,3,cxl_expert_access
19426597800,CXL,2,READ,0x300604000000,17301504,12,2,cxl_expert_access
19434026000,CXL,2,READ,0x300684000000,17301504,13,2,cxl_expert_access
19434633000,HBM,0,READ,0x100680000000,2048,13,0,hbm_compute
19437777800,HBM,0,READ,0x100700000000,2048,14,0,hbm_compute
19439682900,DRAM,1,TRANSFER,0x200706000000,4096,14,3,dram_hybrid_act
19443221300,CXL,2,READ,0x300784000000,17301504,15,2,cxl_expert_access
19443719700,HBM,0,READ,0x100782000000,2048,15,1,hbm_compute
19448699400,CXL,2,READ,0x300806000000,17301504,16,3,cxl_expert_access
19449778500,CXL,2,READ,0x300804000000,17301504,16,2,cxl_expert_access
19453069700,HBM,0,READ,0x100882000000,2048,17,1,hbm_compute
19455065400,DRAM,1,TRANSFER,0x200880000000,4096,17,0,dram_hybrid_act
19458898500,DRAM,1,TRANSFER,0x200902000000,4096,18,1,dram_hybrid_act
19459832200,DRAM,1,TRANSFER,0x200906000000,4096,18,3,dram_hybrid_act
19464623000,DRAM,1,TRANSFER,0x200986000000,4096,19,3,dram_hybrid_act
19465697300,CXL,2,READ,0x300982000000,17301504,19,1,cxl_expert_access
19469819300,DRAM,1,TRANSFER,0x200a06000000,4096,20,3,dram_hybrid_act
19470276100,HBM,0,READ,0x100a04000000,2048,20,2,hbm_compute
19473241900,HBM,0,READ,0x100a86000000,2048,21,3,hbm_compute
19474295800,CXL,2,READ,0x300a82000000,17301504,21,1,cxl_expert_access
19478156200,CXL,2,READ,0x300b00000000,17301504,22,0,cxl_expert_access
19478930300,HBM,0,READ,0x100b06000000,2048,22,3,hbm_compute
19482135700,HBM,0,READ,0x100b86000000,2048,23,3,hbm_compute
19482512200,HBM,0,READ,0x100b84000000,2048,23,2,hbm_compute
19491839500,DRAM,1,TRANSFER,0x200004000000,4096,0,2,dram_hybrid_act
19492281000,HBM,0,READ,0x100006000000,2048,0,3,hbm_compute
19495513300,HBM,0,READ,0x100080000000,2048,1,0,hbm_compute
19497448700,CXL,2,READ,0x300086000000,17301504,1,3,cxl_expert_access
19502609500,DRAM,1,TRANSFER,0x200102000000,4096,2,1,dram_hybrid_act
19504570200,DRAM,1,TRANSFER,0x200106000000,4096,2,3,dram_hybrid_act
19507653200,HBM,0,READ,0x100186000000,2048,3,3,hbm_compute
19509688300,DRAM,1,TRANSFER,0x200182000000,4096,3,1,dram_hybrid_act
19513001800,HBM,0,READ,0x100200000000,2048,4,0,hbm_compute
19513997100,DRAM,1,TRANSFER,0x200204000000,4096,4,2,dram_hybrid_act
19519426300,DRAM,1,TRANSFER,0x200284000000,4096,5,2,dram_hybrid_act
19521372200,CXL,2,READ,0x300280000000,17301504,5,0,cxl_expert_access
19525573900,DRAM,1,TRANSFER,0x200302000000,4096,6,1,dram_hybrid_act
19526614500,CXL,2,READ,0x300300000000,17301504,6,0,cxl_expert_access
19530827200,HBM,0,READ,0x100382000000,2048,7,1,hbm_compute
19531216600,HBM,0,READ,0x100384000000,2048,7,2,hbm_compute
19536068400,CXL,2,READ,0x300400000000,17301504,8,0,cxl_expert_access
19536558100,HBM,0,READ,0x100402000000,2048,8,1,hbm_compute
19540990000,CXL,2,READ,0x300486000000,17301504,9,3,cxl_expert_access
19541800300,HBM,0,READ,0x100482000000,2048,9,1,hbm_compute
19545033000,HBM,0,READ,0x100504000000,2048,10,2,hbm_compute
19546906700,DRAM,1,TRANSFER,0x200502000000,4096,10,1,dram_hybrid_act
19550010500,HBM,0,READ,0x100584000000,2048,11,2,hbm_compute
19551915200,CXL,2,READ,0x300586000000,17301504,11,3,cxl_expert_access
19556756900,CXL,2,READ,0x300606000000,17301504,12,3,cxl_expert_access
19557368800,HBM,0,READ,0x100600000000,2048,12,0,hbm_compute
19561031700,CXL,2,READ,0x300684000000,17301504,13,2,cxl_expert_access
19561565300,HBM,0,READ,0x100680000000,2048,13,0,hbm_compute
19566409800,DRAM,1,TRANSFER,0x200706000000,4096,14,3,dram_hybrid_act
19567946800,CXL,2,READ,0x300704000000,17301504,14,2,cxl_expert_access
19570945900,HBM,0,READ,0x100782000000,2048,15,1,hbm_compute
19573083600,CXL,2,READ,0x300784000000,17301504,15,2,cxl_expert_access
19577180800,CXL,2,READ,0x300806000000,17301504,16,3,cxl_expert_access
19578601100,CXL,2,READ,0x300804000000,17301504,16,2,cxl_expert_access
19582236700,HBM,0,READ,0x100882000000,2048,17,1,hbm_compute
19584215100,DRAM,1,TRANSFER,0x200880000000,4096,17,0,dram_hybrid_act
19589076800,DRAM,1,TRANSFER,0x200902000000,4096,18,1,dram_hybrid_act
19591089500,DRAM,1,TRANSFER,0x200900000000,4096,18,0,dram_hybrid_act
19594853500,CXL,2,READ,0x300982000000,17301504,19,1,cxl_expert_access
19595407100,HBM,0,READ,0x100984000000,2048,19,2,hbm_compute
19599867100,DRAM,1,TRANSFER,0x200a06000000,4096,20,3,dram_hybrid_act
19601358800,CXL,2,READ,0x300a00000000,17301504,20,0,cxl_expert_access
19605619800,CXL,2,READ,0x300a82000000,17301504,21,1,cxl_expert_access
19607388200,CXL,2,READ,0x300a80000000,17301504,21,0,cxl_expert_access
19611278500,CXL,2,READ,0x300b00000000,17301504,22,0,cxl_expert_access
19611808200,HBM,0,READ,0x100b06000000,2048,22,3,hbm_compute
19615045300,HBM,0,READ,0x100b86000000,2048,23,3,hbm_compute
19616993900,CXL,2,READ,0x300b82000000,17301504,23,1,cxl_expert_access
19627073300,DRAM,1,TRANSFER,0x200004000000,4096,0,2,dram_hybrid_act
19628328100,CXL,2,READ,0x300002000000,17301504,0,1,cxl_expert_access
19633535300,CXL,2,READ,0x300084000000,17301504,1,2,cxl_expert_access
19634117200,HBM,0,READ,0x100082000000,2048,1,1,hbm_compute
19638854100,DRAM,1,TRANSFER,0x200106000000,4096,2,3,dram_hybrid_act
19640165600,DRAM,1,TRANSFER,0x200102000000,4096,2,1,dram_hybrid_act
19643749100,DRAM,1,TRANSFER,0x200182000000,4096,3,1,dram_hybrid_act
19644765300,CXL,2,READ,0x300184000000,17301504,3,2,cxl_expert_access
19649466400,CXL,2,READ,0x300202000000,17301504,4,1,cxl_expert_access
19650685300,DRAM,1,TRANSFER,0x200206000000,4096,4,3,dram_hybrid_act
19655700700,CXL,2,READ,0x300282000000,17301504,5,1,cxl_expert_access
19656275100,HBM,0,READ,0x100286000000,2048,5,3,hbm_compute
19659742800,DRAM,1,TRANSFER,0x200302000000,4096,6,1,dram_hybrid_act
19660817500,CXL,2,READ,0x300300000000,17301504,6,0,cxl_expert_access
19664444400,HBM,0,READ,0x100382000000,2048,7,1,hbm_compute
19666539800,CXL,2,READ,0x300380000000,17301504,7,0,cxl_expert_access
19671500700,CXL,2,READ,0x300400000000,17301504,8,0,cxl_expert_access
19672676900,CXL,2,READ,0x300406000000,17301504,8,3,cxl_expert_access
19676124500,HBM,0,READ,0x100482000000,2048,9,1,hbm_compute
19677221800,CXL,2,READ,0x300486000000,17301504,9,3,cxl_expert_access
19680764600,HBM,0,READ,0x100504000000,2048,10,2,hbm_compute
19682873500,CXL,2,READ,0x300506000000,17301504,10,3,cxl_expert_access
19686190500,HBM,0,READ,0x100584000000,2048,11,2,hbm_compute
19687972200,CXL,2,READ,0x300586000000,17301504,11,3,cxl_expert_access
19691590500,CXL,2,READ,0x300606000000,17301504,12,3,cxl_expert_access
19692021200,HBM,0,READ,0x100600000000,2048,12,0,hbm_compute
19695152800,HBM,0,READ,0x100680000000,2048,13,0,hbm_compute
19696740000,CXL,2,READ,0x300684000000,17301504,13,2,cxl_expert_access
19700232700,HBM,0,READ,0x100700000000,2048,14,0,hbm_compute
19702163800,DRAM,1,TRANSFER,0x200706000000,4096,14,3,dram_hybrid_act
19705461200,HBM,0,READ,0x100782000000,2048,15,1,hbm_compute
19707302600,CXL,2,READ,0x300784000000,17301504,15,2,cxl_expert_access
19710226900,HBM,0,READ,0x100802000000,2048,16,1,hbm_compute
19711570000,CXL,2,READ,0x300806000000,17301504,16,3,cxl_expert_access
19714928100,HBM,0,READ,0x100882000000,2048,17,1,hbm_compute
19715262800,HBM,0,READ,0x100886000000,2048,17,3,hbm_compute
19719195000,DRAM,1,TRANSFER,0x200902000000,4096,18,1,dram_hybrid_act
19720969500,DRAM,1,TRANSFER,0x200904000000,4096,18,2,dram_hybrid_act
19723604600,HBM,0,READ,0x100984000000,2048,19,2,hbm_compute
19724696300,CXL,2,READ,0x300982000000,17301504,19,1,cxl_expert_access
19728535500,CXL,2,READ,0x300a00000000,17301504,20,0,cxl_expert_access
19730205700,CXL,2,READ,0x300a02000000,17301504,20,1,cxl_expert_access
19735362100,CXL,2,READ,0x300a82000000,17301504,21,1,cxl_expert_access
19736985600,CXL,2,READ,0x300a80000000,17301504,21,0,cxl_expert_access
19739899000,HBM,0,READ,0x100b04000000,2048,22,2,hbm_compute
19741572600,CXL,2,READ,0x300b00000000,17301504,22,0,cxl_expert_access
19744644400,HBM,0,READ,0x100b86000000,2048,23,3,hbm_compute
19745677000,CXL,2,READ,0x300b80000000,17301504,23,0,cxl_expert_access
19755473200,HBM,0,READ,0x100006000000,2048,0,3,hbm_compute
19757370200,CXL,2,READ,0x300002000000,17301504,0,1,cxl_expert_access
19760827500,HBM,0,READ,0x100082000000,2048,1,1,hbm_compute
19761286300,HBM,0,READ,0x100080000000,2048,1,0,hbm_compute
19765964200,DRAM,1,TRANSFER,0x200106000000,4096,2,3,dram_hybrid_act
19767855700,CXL,2,READ,0x300104000000,17301504,2,2,cxl_expert_access
19772334400,DRAM,1,TRANSFER,0x200180000000,4096,3,0,dram_hybrid_act
19774076300,DRAM,1,TRANSFER,0x200182000000,4096,3,1,dram_hybrid_act
19778056100,DRAM,1,TRANSFER,0x200204000000,4096,4,2,dram_hybrid_act
19778584300,HBM,0,READ,0x100200000000,2048,4,0,hbm_compute
19783060800,DRAM,1,TRANSFER,0x200284000000,4096,5,2,dram_hybrid_act
19784745300,CXL,2,READ,0x300280000000,17301504,5,0,cxl_expert_access
19787707600,HBM,0,READ,0x100306000000,2048,6,3,hbm_compute
19788607700,CXL,2,READ,0x300300000000,17301504,6,0,cxl_expert_access
19791860500,HBM,0,READ,0x100382000000,2048,7,1,hbm_compute
19792813900,CXL,2,READ,0x300380000000,17301504,7,0,cxl_expert_access
19796618900,HBM,0,READ,0x100402000000,2048,8,1,hbm_compute
19798636100,CXL,2,READ,0x300400000000,17301504,8,0,cxl_expert_access
19802211800,HBM,0,READ,0x100482000000,2048,9,1,hbm_compute
19804201800,CXL,2,READ,0x300486000000,17301504,9,3,cxl_expert_access
19808352100,DRAM,1,TRANSFER,0x200502000000,4096,10,1,dram_hybrid_act
19808842200,HBM,0,READ,0x100504000000,2048,10,2,hbm_compute
19811842800,HBM,0,READ,0x100584000000,2048,11,2,hbm_compute
19973972800,CXL,2,READ,0x300580000000,17301504,11,0,cxl_expert_access
19977569900,HBM,0,READ,0x100600000000,2048,12,0,hbm_compute
19978846600,CXL,2,READ,0x300604000000,17301504,12,2,cxl_expert_access
19984415100,CXL,2,READ,0x300684000000,17301504,13,2,cxl_expert_access
19985077600,HBM,0,READ,0x100680000000,2048,13,0,hbm_compute
19988651300,HBM,0,READ,0x100700000000,2048,14,0,hbm_compute
19990584700,DRAM,1,TRANSFER,0x200706000000,4096,14,3,dram_hybrid_act
19994398200,HBM,0,READ,0x100782000000,2048,15,1,hbm_compute
19994890400,HBM,0,READ,0x100780000000,2048,15,0,hbm_compute
19999463400,CXL,2,READ,0x300806000000,17301504,16,3,cxl_expert_access
20000091300,HBM,0,READ,0x100802000000,2048,16,1,hbm_compute
20003162100,HBM,0,READ,0x100886000000,2048,17,3,hbm_compute
20003637900,HBM,0,READ,0x100882000000,2048,17,1,hbm_compute
20007846500,DRAM,1,TRANSFER,0x200902000000,4096,18,1,dram_hybrid_act
20008715300,DRAM,1,TRANSFER,0x200900000000,4096,18,0,dram_hybrid_act
20011769200,HBM,0,READ,0x100984000000,2048,19,2,hbm_compute
20013288200,DRAM,1,TRANSFER,0x200980000000,4096,19,0,dram_hybrid_act
20016761500,HBM,0,READ,0x100a04000000,2048,20,2,hbm_compute
20018613100,CXL,2,READ,0x300a00000000,17301504,20,0,cxl_expert_access
20023389200,CXL,2,READ,0x300a82000000,17301504,21,1,cxl_expert_access
20024204100,HBM,0,READ,0x100a86000000,2048,21,3,hbm_compute
20026763300,HBM,0,READ,0x100b06000000,2048,22,3,hbm_compute
20027307300,HBM,0,READ,0x100b04000000,2048,22,2,hbm_compute
20032081700,CXL,2,READ,0x300b82000000,17301504,23,1,cxl_expert_access
20034153300,CXL,2,READ,0x300b80000000,17301504,23,0,cxl_expert_access
20045272300,CXL,2,READ,0x300002000000,17301504,0,1,cxl_expert_access
20046779600,DRAM,1,TRANSFER,0x200000000000,4096,0,0,dram_hybrid_act
20052082400,CXL,2,READ,0x300084000000,17301504,1,2,cxl_expert_access
20052682600,HBM,0,READ,0x100080000000,2048,1,0,hbm_compute
20056136000,HBM,0,READ,0x100100000000,2048,2,0,hbm_compute
20058019700,DRAM,1,TRANSFER,0x200106000000,4096,2,3,dram_hybrid_act
20063000500,DRAM,1,TRANSFER,0x200182000000,4096,3,1,dram_hybrid_act
20064116400,DRAM,1,TRANSFER,0x200180000000,4096,3,0,dram_hybrid_act
20067707300,CXL,2,READ,0x300202000000,17301504,4,1,cxl_expert_access
20068306800,HBM,0,READ,0x100200000000,2048,4,0,hbm_compute
20073000600,CXL,2,READ,0x300280000000,17301504,5,0,cxl_expert_access
20073666700,HBM,0,READ,0x100286000000,2048,5,3,hbm_compute
20078771000,DRAM,1,TRANSFER,0x200302000000,4096,6,1,dram_hybrid_act
20079790100,CXL,2,READ,0x300300000000,17301504,6,0,cxl_expert_access
20082562600,HBM,0,READ,0x100384000000,2048,7,2,hbm_compute
20082946700,HBM,0,READ,0x100382000000,2048,7,1,hbm_compute
20087130000,CXL,2,READ,0x300400000000,17301504,8,0,cxl_expert_access
20089178000,CXL,2,READ,0x300406000000,17301504,8,3,cxl_expert_access
20092992800,HBM,0,READ,0x100482000000,2048,9,1,hbm_compute
20095328600,CXL,2,READ,0x300486000000,17301504,9,3,cxl_expert_access
20098841000,HBM,0,READ,0x100504000000,2048,10,2,hbm_compute
20100639600,DRAM,1,TRANSFER,0x200502000000,4096,10,1,dram_hybrid_act
20104330400,HBM,0,READ,0x100584000000,2048,11,2,hbm_compute
20106255800,CXL,2,READ,0x300586000000,17301504,11,3,cxl_expert_access
20110275500,CXL,2,READ,0x300606000000,17301504,12,3,cxl_expert_access
20110762300,HBM,0,READ,0x100600000000,2048,12,0,hbm_compute
20116231000,CXL,2,READ,0x300684000000,17301504,13,2,cxl_expert_access
20117571900,CXL,2,READ,0x300686000000,17301504,13,3,cxl_expert_access
20120562800,HBM,0,READ,0x100700000000,2048,14,0,hbm_compute
20122363400,CXL,2,READ,0x300704000000,17301504,14,2,cxl_expert_access
20125259500,HBM,0,READ,0x100780000000,2048,15,0,hbm_compute
20125633200,HBM,0,READ,0x100782000000,2048,15,1,hbm_compute
20128448000,HBM,0,READ,0x100802000000,2048,16,1,hbm_compute
20130312000,CXL,2,READ,0x300806000000,17301504,16,3,cxl_expert_access
20136009200,DRAM,1,TRANSFER,0x200880000000,4096,17,0,dram_hybrid_act
20136526900,HBM,0,READ,0x100886000000,2048,17,3,hbm_compute
20140850300,DRAM,1,TRANSFER,0x200900000000,4096,18,0,dram_hybrid_act
20141867700,DRAM,1,TRANSFER,0x200906000000,4096,18,3,dram_hybrid_act
20146309500,CXL,2,READ,0x300982000000,17301504,19,1,cxl_expert_access
20148381300,DRAM,1,TRANSFER,0x200980000000,4096,19,0,dram_hybrid_act
20154223400,DRAM,1,TRANSFER,0x200a06000000,4096,20,3,dram_hybrid_act
20155294600,CXL,2,READ,0x300a02000000,17301504,20,1,cxl_expert_access
20158869900,HBM,0,READ,0x100a86000000,2048,21,3,hbm_compute
20159802400,CXL,2,READ,0x300a82000000,17301504,21,1,cxl_expert_access
20163829900,HBM,0,READ,0x100b04000000,2048,22,2,hbm_compute
20165716700,CXL,2,READ,0x300b02000000,17301504,22,1,cxl_expert_access
20169096000,HBM,0,READ,0x100b86000000,2048,23,3,hbm_compute
20170979900,CXL,2,READ,0x300b82000000,17301504,23,1,cxl_expert_access
20182951200,CXL,2,READ,0x300002000000,17301504,0,1,cxl_expert_access
20184799500,DRAM,1,TRANSFER,0x200004000000,4096,0,2,dram_hybrid_act
20188040200,HBM,0,READ,0x100082000000,2048,1,1,hbm_compute
20188453200,HBM,0,READ,0x100080000000,2048,1,0,hbm_compute
20190991700,HBM,0,READ,0x100100000000,2048,2,0,hbm_compute
20192742100,DRAM,1,TRANSFER,0x200106000000,4096,2,3,dram_hybrid_act
20198256600,DRAM,1,TRANSFER,0x200182000000,4096,3,1,dram_hybrid_act
20199324900,DRAM,1,TRANSFER,0x200180000000,4096,3,0,dram_hybrid_act
20204069900,CXL,2,READ,0x300202000000,17301504,4,1,cxl_expert_access
20205191700,DRAM,1,TRANSFER,0x200206000000,4096,4,3,dram_hybrid_act
20209646800,DRAM,1,TRANSFER,0x200284000000,4096,5,2,dram_hybrid_act
20210180500,HBM,0,READ,0x100286000000,2048,5,3,hbm_compute
20215469200,DRAM,1,TRANSFER,0x200304000000,4096,6,2,dram_hybrid_act
20216414500,DRAM,1,TRANSFER,0x200302000000,4096,6,1,dram_hybrid_act
20221012200,CXL,2,READ,0x300380000000,17301504,7,0,cxl_expert_access
20221521400,HBM,0,READ,0x100384000000,2048,7,2,hbm_compute
20225601700,CXL,2,READ,0x300400000000,17301504,8,0,cxl_expert_access
20226588300,CXL,2,READ,0x300406000000,17301504,8,3,cxl_expert_access
20230063600,HBM,0,READ,0x100482000000,2048,9,1,hbm_compute
20231883200,DRAM,1,TRANSFER,0x200484000000,4096,9,2,dram_hybrid_act
20235082000,HBM,0,READ,0x100504000000,2048,10,2,hbm_compute
20236933500,DRAM,1,TRANSFER,0x200500000000,4096,10,0,dram_hybrid_act
20240310500,CXL,2,READ,0x300586000000,17301504,11,3,cxl_expert_access
20240769800,HBM,0,READ,0x100584000000,2048,11,2,hbm_compute
20244318300,HBM,0,READ,0x100600000000,2048,12,0,hbm_compute
20245772500,CXL,2,READ,0x300606000000,17301504,12,3,cxl_expert_access
20250811800,CXL,2,READ,0x300684000000,17301504,13,2,cxl_expert_access
20252661200,CXL,2,READ,0x300686000000,17301504,13,3,cxl_expert_access
20255665800,HBM,0,READ,0x100702000000,2048,14,1,hbm_compute
20257549200,DRAM,1,TRANSFER,0x200706000000,4096,14,3,dram_hybrid_act
20261555900,CXL,2,READ,0x300784000000,17301504,15,2,cxl_expert_access
20262226800,HBM,0,READ,0x100780000000,2048,15,0,hbm_compute
20265771500,HBM,0,READ,0x100802000000,2048,16,1,hbm_compute
20267848400,CXL,2,READ,0x300804000000,17301504,16,2,cxl_expert_access
20272610000,DRAM,1,TRANSFER,0x200880000000,4096,17,0,dram_hybrid_act
20273829900,CXL,2,READ,0x300884000000,17301504,17,2,cxl_expert_access
20279235800,DRAM,1,TRANSFER,0x200902000000,4096,18,1,dram_hybrid_act
20280294000,DRAM,1,TRANSFER,0x200906000000,4096,18,3,dram_hybrid_act
20285155800,DRAM,1,TRANSFER,0x200980000000,4096,19,0,dram_hybrid_act
20285638100,HBM,0,READ,0x100984000000,2048,19,2,hbm_compute
20290246300,CXL,2,READ,0x300a02000000,17301504,20,1,cxl_expert_access
20291538700,CXL,2,READ,0x300a00000000,17301504,20,0,cxl_expert_access
20296940500,CXL,2,READ,0x300a82000000,17301504,21,1,cxl_expert_access
20297508500,HBM,0,READ,0x100a86000000,2048,21,3,hbm_compute
20300320800,HBM,0,READ,0x100b04000000,2048,22,2,hbm_compute
20302147900,CXL,2,READ,0x300b00000000,17301504,22,0,cxl_expert_access
20306335100,CXL,2,READ,0x300b82000000,17301504,23,1,cxl_expert_access
20306955800,HBM,0,READ,0x100b84000000,2048,23,2,hbm_compute
20318828900,CXL,2,READ,0x300002000000,17301504,0,1,cxl_expert_access
20319695500,HBM,0,READ,0x100006000000,2048,0,3,hbm_compute
20324436200,CXL,2,READ,0x300086000000,17301504,1,3,cxl_expert_access
20324919600,HBM,0,READ,0x100082000000,2048,1,1,hbm_compute
20328234700,CXL,2,READ,0x300104000000,17301504,2,2,cxl_expert_access
20328702200,HBM,0,READ,0x100100000000,2048,2,0,hbm_compute
20333054000,DRAM,1,TRANSFER,0x200182000000,4096,3,1,dram_hybrid_act
20335187300,DRAM,1,TRANSFER,0x200180000000,4096,3,0,dram_hybrid_act
20340564900,DRAM,1,TRANSFER,0x200206000000,4096,4,3,dram_hybrid_act
20341956600,CXL,2,READ,0x300202000000,17301504,4,1,cxl_expert_access
20344811300,HBM,0,READ,0x100286000000,2048,5,3,hbm_compute
20345737000,CXL,2,READ,0x300282000000,17301504,5,1,cxl_expert_access
20350284600,CXL,2,READ,0x300300000000,17301504,6,0,cxl_expert_access
20352512100,DRAM,1,TRANSFER,0x200302000000,4096,6,1,dram_hybrid_act
20356596600,CXL,2,READ,0x300380000000,17301504,7,0,cxl_expert_access
20358500000,CXL,2,READ,0x300386000000,17301504,7,3,cxl_expert_access
20361785800,CXL,2,READ,0x300400000000,17301504,8,0,cxl_expert_access
20362675000,HBM,0,READ,0x100404000000,2048,8,2,hbm_compute
20366046600,HBM,0,READ,0x100482000000,2048,9,1,hbm_compute
20368403400,CXL,2,READ,0x300486000000,17301504,9,3,cxl_expert_access
20371648100,HBM,0,READ,0x100504000000,2048,10,2,hbm_compute
20373546800,DRAM,1,TRANSFER,0x200500000000,4096,10,0,dram_hybrid_act
20377267500,CXL,2,READ,0x300586000000,17301504,11,3,cxl_expert_access
20378100800,HBM,0,READ,0x100584000000,2048,11,2,hbm_compute
20383045100,CXL,2,READ,0x300606000000,17301504,12,3,cxl_expert_access
20383938700,HBM,0,READ,0x100602000000,2048,12,1,hbm_compute
20388594000,CXL,2,READ,0x300684000000,17301504,13,2,cxl_expert_access
20389970300,CXL,2,READ,0x300686000000,17301504,13,3,cxl_expert_access
20393089200,HBM,0,READ,0x100700000000,2048,14,0,hbm_compute
20393504100,HBM,0,READ,0x100702000000,2048,14,1,hbm_compute
20396365300,HBM,0,READ,0x100780000000,2048,15,0,hbm_compute
20398604000,CXL,2,READ,0x300784000000,17301504,15,2,cxl_expert_access
20402140600,HBM,0,READ,0x100802000000,2048,16,1,hbm_compute
20403087100,CXL,2,READ,0x300804000000,17301504,16,2,cxl_expert_access
20408132200,CXL,2,READ,0x300884000000,17301504,17,2,cxl_expert_access
20409514200,DRAM,1,TRANSFER,0x200880000000,4096,17,0,dram_hybrid_act
20414722400,DRAM,1,TRANSFER,0x200904000000,4096,18,2,dram_hybrid_act
20416111700,DRAM,1,TRANSFER,0x200902000000,4096,18,1,dram_hybrid_act
20420196200,DRAM,1,TRANSFER,0x200980000000,4096,19,0,dram_hybrid_act
20421561200,DRAM,1,TRANSFER,0x200986000000,4096,19,3,dram_hybrid_act
20425190700,CXL,2,READ,0x300a00000000,17301504,20,0,cxl_expert_access
20426475100,CXL,2,READ,0x300a02000000,17301504,20,1,cxl_expert_access
20430565000,HBM,0,READ,0x100a86000000,2048,21,3,hbm_compute
20432610000,CXL,2,READ,0x300a80000000,17301504,21,0,cxl_expert_access
20437554800,CXL,2,READ,0x300b00000000,17301504,22,0,cxl_expert_access
20438424000,HBM,0,READ,0x100b04000000,2048,22,2,hbm_compute
20441345300,HBM,0,READ,0x100b86000000,2048,23,3,hbm_compute
20441834700,HBM,0,READ,0x100b84000000,2048,23,2,hbm_compute
20452625800,HBM,0,READ,0x100006000000,2048,0,3,hbm_compute
20454764600,DRAM,1,TRANSFER,0x200004000000,4096,0,2,dram_hybrid_act
20458884900,CXL,2,READ,0x300084000000,17301504,1,2,cxl_expert_access
20459677300,HBM,0,READ,0x100082000000,2048,1,1,hbm_compute
20464776400,CXL,2,READ,0x300104000000,17301504,2,2,cxl_expert_access
20466943700,DRAM,1,TRANSFER,0x200102000000,4096,2,1,dram_hybrid_act
20472076400,DRAM,1,TRANSFER,0x200182000000,4096,3,1,dram_hybrid_act
20473488800,DRAM,1,TRANSFER,0x200180000000,4096,3,0,dram_hybrid_act
20477913200,DRAM,1,TRANSFER,0x200206000000,4096,4,3,dram_hybrid_act
20479537300,DRAM,1,TRANSFER,0x200204000000,4096,4,2,dram_hybrid_act
20484807500,CXL,2,READ,0x300282000000,17301504,5,1,cxl_expert_access
20486146200,DRAM,1,TRANSFER,0x200284000000,4096,5,2,dram_hybrid_act
20489691900,HBM,0,READ,0x100306000000,2048,6,3,hbm_compute
20491692400,CXL,2,READ,0x300300000000,17301504,6,0,cxl_expert_access
20495646100,CXL,2,READ,0x300380000000,17301504,7,0,cxl_expert_access
20497974400,CXL,2,READ,0x300386000000,17301504,7,3,cxl_expert_access
20502741100,CXL,2,READ,0x300400000000,17301504,8,0,cxl_expert_access
20503571500,HBM,0,READ,0x100402000000,2048,8,1,hbm_compute
20506625000,HBM,0,READ,0x100482000000,2048,9,1,hbm_compute
20508312200,DRAM,1,TRANSFER,0x200484000000,4096,9,2,dram_hybrid_act
20511769900,DRAM,1,TRANSFER,0x200502000000,4096,10,1,dram_hybrid_act
20512629800,HBM,0,READ,0x100504000000,2048,10,2,hbm_compute
20517412400,CXL,2,READ,0x300580000000,17301504,11,0,cxl_expert_access
20519634100,CXL,2,READ,0x300586000000,17301504,11,3,cxl_expert_access
20523817700,CXL,2,READ,0x300604000000,17301504,12,2,cxl_expert_access
20524622600,HBM,0,READ,0x100602000000,2048,12,1,hbm_compute
20528111200,CXL,2,READ,0x300684000000,17301504,13,2,cxl_expert_access
20529467700,CXL,2,READ,0x300686000000,17301504,13,3,cxl_expert_access
20534597700,DRAM,1,TRANSFER,0x200706000000,4096,14,3,dram_hybrid_act
20536927700,CXL,2,READ,0x300704000000,17301504,14,2,cxl_expert_access
20540740200,HBM,0,READ,0x100782000000,2048,15,1,hbm_compute
20541228600,HBM,0,READ,0x100780000000,2048,15,0,hbm_compute
20544107100,HBM,0,READ,0x100802000000,2048,16,1,hbm_compute
20545232200,CXL,2,READ,0x300806000000,17301504,16,3,cxl_expert_access
20550159400,CXL,2,READ,0x300884000000,17301504,17,2,cxl_expert_access
20551031700,HBM,0,READ,0x100882000000,2048,17,1,hbm_compute
20555733000,DRAM,1,TRANSFER,0x200902000000,4096,18,1,dram_hybrid_act
20557040200,DRAM,1,TRANSFER,0x200900000000,4096,18,0,dram_hybrid_act
20562122900,CXL,2,READ,0x300982000000,17301504,19,1,cxl_expert_access
20563559600,DRAM,1,TRANSFER,0x200980000000,4096,19,0,dram_hybrid_act
20568666100,CXL,2,READ,0x300a00000000,17301504,20,0,cxl_expert_access
20570082500,CXL,2,READ,0x300a02000000,17301504,20,1,cxl_expert_access
20573195300,HBM,0,READ,0x100a86000000,2048,21,3,hbm_compute
20575241500,CXL,2,READ,0x300a80000000,17301504,21,0,cxl_expert_access
20578563200,HBM,0,READ,0x100b04000000,2048,22,2,hbm_compute
20580414900,CXL,2,READ,0x300b02000000,17301504,22,1,cxl_expert_access
20584212700,CXL,2,READ,0x300b80000000,17301504,23,0,cxl_expert_access
20585067300,HBM,0,READ,0x100b86000000,2048,23,3,hbm_compute
21206415300,DRAM,1,TRANSFER,0x200004000000,4096,0,2,dram_hybrid_act
21208070100,DRAM,1,TRANSFER,0x200000000000,4096,0,0,dram_hybrid_act
21212120500,HBM,0,READ,0x100082000000,2048,1,1,hbm_compute
21214579800,CXL,2,READ,0x300084000000,17301504,1,2,cxl_expert_access
21218216200,HBM,0,READ,0x100100000000,2048,2,0,hbm_compute
21219984800,DRAM,1,TRANSFER,0x200106000000,4096,2,3,dram_hybrid_act
21223285400,HBM,0,READ,0x100186000000,2048,3,3,hbm_compute
21225119300,DRAM,1,TRANSFER,0x200182000000,4096,3,1,dram_hybrid_act
21230638400,CXL,2,READ,0x300202000000,17301504,4,1,cxl_expert_access
21231865500,DRAM,1,TRANSFER,0x200204000000,4096,4,2,dram_hybrid_act
21237064100,CXL,2,READ,0x300280000000,17301504,5,0,cxl_expert_access
21237797500,HBM,0,READ,0x100286000000,2048,5,3,hbm_compute
21242636400,DRAM,1,TRANSFER,0x200302000000,4096,6,1,dram_hybrid_act
21243686000,DRAM,1,TRANSFER,0x200304000000,4096,6,2,dram_hybrid_act
21247051600,HBM,0,READ,0x100382000000,2048,7,1,hbm_compute
21249101400,CXL,2,READ,0x300380000000,17301504,7,0,cxl_expert_access
21252357600,HBM,0,READ,0x100402000000,2048,8,1,hbm_compute
21254230100,CXL,2,READ,0x300406000000,17301504,8,3,cxl_expert_access
21258385600,CXL,2,READ,0x300486000000,17301504,9,3,cxl_expert_access
21258851900,HBM,0,READ,0x100482000000,2048,9,1,hbm_compute
21262227500,HBM,0,READ,0x100504000000,2048,10,2,hbm_compute
21264200500,DRAM,1,TRANSFER,0x200500000000,4096,10,0,dram_hybrid_act
21268192900,HBM,0,READ,0x100584000000,2048,11,2,hbm_compute
21270135000,CXL,2,READ,0x300586000000,17301504,11,3,cxl_expert_access
21274361700,CXL,2,READ,0x300604000000,17301504,12,2,cxl_expert_access
21274811800,HBM,0,READ,0x100602000000,2048,12,1,hbm_compute
21278588300,CXL,2,READ,0x300686000000,17301504,13,3,cxl_expert_access
21279337000,HBM,0,READ,0x100680000000,2048,13,0,hbm_compute
21282614100,HBM,0,READ,0x100700000000,2048,14,0,hbm_compute
21282988800,HBM,0,READ,0x100702000000,2048,14,1,hbm_compute
21285743100,HBM,0,READ,0x100780000000,2048,15,0,hbm_compute
21286100000,HBM,0,READ,0x100782000000,2048,15,1,hbm_compute
21288706100,HBM,0,READ,0x100800000000,2048,16,0,hbm_compute
21289079100,HBM,0,READ,0x100802000000,2048,16,1,hbm_compute
21291914500,HBM,0,READ,0x100886000000,2048,17,3,hbm_compute
21293815000,DRAM,1,TRANSFER,0x200880000000,4096,17,0,dram_hybrid_act
21298711100,DRAM,1,TRANSFER,0x200900000000,4096,18,0,dram_hybrid_act
21300727300,DRAM,1,TRANSFER,0x200904000000,4096,18,2,dram_hybrid_act
21304310300,HBM,0,READ,0x100984000000,2048,19,2,hbm_compute
21306058200,DRAM,1,TRANSFER,0x200986000000,4096,19,3,dram_hybrid_act
21310490800,CXL,2,READ,0x300a02000000,17301504,20,1,cxl_expert_access
21311566500,CXL,2,READ,0x300a00000000,17301504,20,0,cxl_expert_access
21314994800,HBM,0,READ,0x100a86000000,2048,21,3,hbm_compute
21316752200,CXL,2,READ,0x300a80000000,17301504,21,0,cxl_expert_access
21321353600,CXL,2,READ,0x300b02000000,17301504,22,1,cxl_expert_access
21321873200,HBM,0,READ,0x100b06000000,2048,22,3,hbm_compute
21325520200,HBM,0,READ,0x100b84000000,2048,23,2,hbm_compute
21325959200,HBM,0,READ,0x100b86000000,2048,23,3,hbm_compute
21335823900,CXL,2,READ,0x300002000000,17301504,0,1,cxl_expert_access
21337890200,DRAM,1,TRANSFER,0x200004000000,4096,0,2,dram_hybrid_act
21341455700,HBM,0,READ,0x100082000000,2048,1,1,hbm_compute
21342435600,CXL,2,READ,0x300084000000,17301504,1,2,cxl_expert_access
21346116200,HBM,0,READ,0x100100000000,2048,2,0,hbm_compute
21348045600,CXL,2,READ,0x300104000000,17301504,2,2,cxl_expert_access
21353280200,DRAM,1,TRANSFER,0x200182000000,4096,3,1,dram_hybrid_act
21354911800,CXL,2,READ,0x300184000000,17301504,3,2,cxl_expert_access
21359511900,DRAM,1,TRANSFER,0x200204000000,4096,4,2,dram_hybrid_act
21360766300,CXL,2,READ,0x300202000000,17301504,4,1,cxl_expert_access
21364573600,CXL,2,READ,0x300280000000,17301504,5,0,cxl_expert_access
21365084700,HBM,0,READ,0x100286000000,2048,5,3,hbm_compute
21369585000,DRAM,1,TRANSFER,0x200304000000,4096,6,2,dram_hybrid_act
21371409200,CXL,2,READ,0x300300000000,17301504,6,0,cxl_expert_access
21374692600,HBM,0,READ,0x100382000000,2048,7,1,hbm_compute
21375598200,CXL,2,READ,0x300380000000,17301504,7,0,cxl_expert_access
21379047200,CXL,2,READ,0x300406000000,17301504,8,3,cxl_expert_access
21380693700,CXL,2,READ,0x300400000000,17301504,8,0,cxl_expert_access
21385128900,CXL,2,READ,0x300486000000,17301504,9,3,cxl_expert_access
21387166500,DRAM,1,TRANSFER,0x200480000000,4096,9,0,dram_hybrid_act
21390115200,HBM,0,READ,0x100504000000,2048,10,2,hbm_compute
21391635300,CXL,2,READ,0x300506000000,17301504,10,3,cxl_expert_access
21394347100,HBM,0,READ,0x100582000000,2048,11,1,hbm_compute
21395195100,CXL,2,READ,0x300586000000,17301504,11,3,cxl_expert_access
21399333100,CXL,2,READ,0x300604000000,17301504,12,2,cxl_expert_access
21399797400,HBM,0,READ,0x100602000000,2048,12,1,hbm_compute
21403997500,CXL,2,READ,0x300686000000,17301504,13,3,cxl_expert_access
21404533900,HBM,0,READ,0x100680000000,2048,13,0,hbm_compute
21407451800,HBM,0,READ,0x100700000000,2048,14,0,hbm_compute
21407803600,HBM,0,READ,0x100702000000,2048,14,1,hbm_compute
21410307500,HBM,0,READ,0x100782000000,2048,15,1,hbm_compute
21411191200,CXL,2,READ,0x300784000000,17301504,15,2,cxl_expert_access
21414311600,HBM,0,READ,0x100800000000,2048,16,0,hbm_compute
21414696700,HBM,0,READ,0x100802000000,2048,16,1,hbm_compute
21418862500,DRAM,1,TRANSFER,0x200880000000,4096,17,0,dram_hybrid_act
21419484900,HBM,0,READ,0x100886000000,2048,17,3,hbm_compute
21424319600,DRAM,1,TRANSFER,0x200900000000,4096,18,0,dram_hybrid_act
21425600800,DRAM,1,TRANSFER,0x200904000000,4096,18,2,dram_hybrid_act
21430310600,DRAM,1,TRANSFER,0x200980000000,4096,19,0,dram_hybrid_act
21431537400,CXL,2,READ,0x300982000000,17301504,19,1,cxl_expert_access
21436718900,CXL,2,READ,0x300a02000000,17301504,20,1,cxl_expert_access
21437448200,HBM,0,READ,0x100a04000000,2048,20,2,hbm_compute
21440888800,HBM,0,READ,0x100a86000000,2048,21,3,hbm_compute
21441291000,HBM,0,READ,0x100a84000000,2048,21,2,hbm_compute
21444818000,CXL,2,READ,0x300b02000000,17301504,22,1,cxl_expert_access
21446323000,CXL,2,READ,0x300b00000000,17301504,22,0,cxl_expert_access
21449910000,HBM,0,READ,0x100b84000000,2048,23,2,hbm_compute
21450248000,HBM,0,READ,0x100b86000000,2048,23,3,hbm_compute
21457222200,HBM,0,READ,0x100006000000,2048,0,3,hbm_compute
21458124400,DRAM,1,TRANSFER,0x200004000000,4096,0,2,dram_hybrid_act
21460562200,HBM,0,READ,0x100080000000,2048,1,0,hbm_compute
21461245000,HBM,0,READ,0x100082000000,2048,1,1,hbm_compute
21466675500,DRAM,1,TRANSFER,0x200106000000,4096,2,3,dram_hybrid_act
21467244200,HBM,0,READ,0x100100000000,2048,2,0,hbm_compute
21471679200,DRAM,1,TRANSFER,0x200182000000,4096,3,1,dram_hybrid_act
21472204700,HBM,0,READ,0x100186000000,2048,3,3,hbm_compute
21475598300,DRAM,1,TRANSFER,0x200204000000,4096,4,2,dram_hybrid_act
21476490100,CXL,2,READ,0x300202000000,17301504,4,1,cxl_expert_access
21481282400,CXL,2,READ,0x300280000000,17301504,5,0,cxl_expert_access
21481850200,HBM,0,READ,0x100286000000,2048,5,3,hbm_compute
21485841500,DRAM,1,TRANSFER,0x200302000000,4096,6,1,dram_hybrid_act
21487508700,DRAM,1,TRANSFER,0x200304000000,4096,6,2,dram_hybrid_act
21490582700,HBM,0,READ,0x100382000000,2048,7,1,hbm_compute
21492388200,CXL,2,READ,0x300380000000,17301504,7,0,cxl_expert_access
21497393000,CXL,2,READ,0x300406000000,17301504,8,3,cxl_expert_access
21497928400,HBM,0,READ,0x100404000000,2048,8,2,hbm_compute
21501387000,CXL,2,READ,0x300486000000,17301504,9,3,cxl_expert_access
21503040900,DRAM,1,TRANSFER,0x200480000000,4096,9,0,dram_hybrid_act
21505690000,HBM,0,READ,0x100504000000,2048,10,2,hbm_compute
21506808000,DRAM,1,TRANSFER,0x200502000000,4096,10,1,dram_hybrid_act
21509553700,HBM,0,READ,0x100582000000,2048,11,1,hbm_compute
21509933900,HBM,0,READ,0x100584000000,2048,11,2,hbm_compute
21514096100,CXL,2,READ,0x300604000000,17301504,12,2,cxl_expert_access
21515799500,CXL,2,READ,0x300606000000,17301504,12,3,cxl_expert_access
21519936700,CXL,2,READ,0x300686000000,17301504,13,3,cxl_expert_access
21521342200,CXL,2,READ,0x300684000000,17301504,13,2,cxl_expert_access
21524133800,HBM,0,READ,0x100700000000,2048,14,0,hbm_compute
21524481000,HBM,0,READ,0x100702000000,2048,14,1,hbm_compute
21528030200,HBM,0,READ,0x100780000000,2048,15,0,hbm_compute
21528592500,HBM,0,READ,0x100782000000,2048,15,1,hbm_compute
21531582200,HBM,0,READ,0x100802000000,2048,16,1,hbm_compute
21531948500,HBM,0,READ,0x100800000000,2048,16,0,hbm_compute
21536008300,DRAM,1,TRANSFER,0x200880000000,4096,17,0,dram_hybrid_act
21537917700,CXL,2,READ,0x300884000000,17301504,17,2,cxl_expert_access
21543053100,DRAM,1,TRANSFER,0x200906000000,4096,18,3,dram_hybrid_act
21544103200,DRAM,1,TRANSFER,0x200902000000,4096,18,1,dram_hybrid_act
21548684100,DRAM,1,TRANSFER,0x200986000000,4096,19,3,dram_hybrid_act
21550600800,CXL,2,READ,0x300982000000,17301504,19,1,cxl_expert_access
21555646400,CXL,2,READ,0x300a02000000,17301504,20,1,cxl_expert_access
21557962300,DRAM,1,TRANSFER,0x200a06000000,4096,20,3,dram_hybrid_act
21561430500,HBM,0,READ,0x100a86000000,2048,21,3,hbm_compute
21562354200,CXL,2,READ,0x300a80000000,17301504,21,0,cxl_expert_access
21565621400,HBM,0,READ,0x100b04000000,2048,22,2,hbm_compute
21567313800,CXL,2,READ,0x300b00000000,17301504,22,0,cxl_expert_access
21572151300,CXL,2,READ,0x300b80000000,17301504,23,0,cxl_expert_access
21572841300,HBM,0,READ,0x100b84000000,2048,23,2,hbm_compute
21582682000,CXL,2,READ,0x300002000000,17301504,0,1,cxl_expert_access
21583218900,HBM,0,READ,0x100006000000,2048,0,3,hbm_compute
21586270500,HBM,0,READ,0x100082000000,2048,1,1,hbm_compute
21588221900,CXL,2,READ,0x300084000000,17301504,1,2,cxl_expert_access
21591471600,HBM,0,READ,0x100100000000,2048,2,0,hbm_compute
21592455900,DRAM,1,TRANSFER,0x200102000000,4096,2,1,dram_hybrid_act
21596889200,CXL,2,READ,0x300184000000,17301504,3,2,cxl_expert_access
21598652000,DRAM,1,TRANSFER,0x200180000000,4096,3,0,dram_hybrid_act
21604066100,DRAM,1,TRANSFER,0x200206000000,4096,4,3,dram_hybrid_act
21606061700,DRAM,1,TRANSFER,0x200204000000,4096,4,2,dram_hybrid_act
21609289700,HBM,0,READ,0x100286000000,2048,5,3,hbm_compute
21610192300,CXL,2,READ,0x300280000000,17301504,5,0,cxl_expert_access
21615146000,CXL,2,READ,0x300300000000,17301504,6,0,cxl_expert_access
21616889400,DRAM,1,TRANSFER,0x200304000000,4096,6,2,dram_hybrid_act
21621987400,CXL,2,READ,0x300380000000,17301504,7,0,cxl_expert_access
21623432200,CXL,2,READ,0x300386000000,17301504,7,3,cxl_expert_access
21626638600,HBM,0,READ,0x100404000000,2048,8,2,hbm_compute
21627897800,CXL,2,READ,0x300406000000,17301504,8,3,cxl_expert_access
21635574300,DRAM,1,TRANSFER,0x200484000000,4096,9,2,dram_hybrid_act
21637574000,CXL,2,READ,0x300486000000,17301504,9,3,cxl_expert_access
21642373300,CXL,2,READ,0x300506000000,17301504,10,3,cxl_expert_access
21643529400,DRAM,1,TRANSFER,0x200502000000,4096,10,1,dram_hybrid_act
21646751000,HBM,0,READ,0x100582000000,2048,11,1,hbm_compute
21648557800,CXL,2,READ,0x300580000000,17301504,11,0,cxl_expert_access
21652263700,HBM,0,READ,0x100602000000,2048,12,1,hbm_compute
21654247600,CXL,2,READ,0x300604000000,17301504,12,2,cxl_expert_access
21658318600,CXL,2,READ,0x300684000000,17301504,13,2,cxl_expert_access
21658745100,HBM,0,READ,0x100680000000,2048,13,0,hbm_compute
21662255400,DRAM,1,TRANSFER,0x200706000000,4096,14,3,dram_hybrid_act
21662805000,HBM,0,READ,0x100702000000,2048,14,1,hbm_compute
21666032800,HBM,0,READ,0x100782000000,2048,15,1,hbm_compute
21667821700,CXL,2,READ,0x300784000000,17301504,15,2,cxl_expert_access
21671059600,HBM,0,READ,0x100802000000,2048,16,1,hbm_compute
21671435400,HBM,0,READ,0x100800000000,2048,16,0,hbm_compute
21674056800,HBM,0,READ,0x100886000000,2048,17,3,hbm_compute
21675202200,CXL,2,READ,0x300884000000,17301504,17,2,cxl_expert_access
21678724800,DRAM,1,TRANSFER,0x200906000000,4096,18,3,dram_hybrid_act
21679954000,DRAM,1,TRANSFER,0x200900000000,4096,18,0,dram_hybrid_act
21685226900,CXL,2,READ,0x300982000000,17301504,19,1,cxl_expert_access
21686949200,DRAM,1,TRANSFER,0x200980000000,4096,19,0,dram_hybrid_act
21690152300,HBM,0,READ,0x100a04000000,2048,20,2,hbm_compute
21691601700,CXL,2,READ,0x300a00000000,17301504,20,0,cxl_expert_access
21695323200,CXL,2,READ,0x300a80000000,17301504,21,0,cxl_expert_access
21695759600,HBM,0,READ,0x100a84000000,2048,21,2,hbm_compute
21700253600,CXL,2,READ,0x300b02000000,17301504,22,1,cxl_expert_access
21701997000,CXL,2,READ,0x300b00000000,17301504,22,0,cxl_expert_access
21705381400,HBM,0,READ,0x100b86000000,2048,23,3,hbm_compute
21705771700,HBM,0,READ,0x100b84000000,2048,23,2,hbm_compute
21714635000,HBM,0,READ,0x100006000000,2048,0,3,hbm_compute
21716413500,DRAM,1,TRANSFER,0x200000000000,4096,0,0,dram_hybrid_act
21721375300,CXL,2,READ,0x300084000000,17301504,1,2,cxl_expert_access
21721924500,HBM,0,READ,0x100082000000,2048,1,1,hbm_compute
21724931200,HBM,0,READ,0x100100000000,2048,2,0,hbm_compute
21725915400,DRAM,1,TRANSFER,0x200102000000,4096,2,1,dram_hybrid_act
21730481800,DRAM,1,TRANSFER,0x200182000000,4096,3,1,dram_hybrid_act
21732421100,DRAM,1,TRANSFER,0x200180000000,4096,3,0,dram_hybrid_act
21737373000,DRAM,1,TRANSFER,0x200204000000,4096,4,2,dram_hybrid_act
21737900300,HBM,0,READ,0x100200000000,2048,4,0,hbm_compute
21741271200,DRAM,1,TRANSFER,0x200284000000,4096,5,2,dram_hybrid_act
21742220600,CXL,2,READ,0x300282000000,17301504,5,1,cxl_expert_access
21747166600,DRAM,1,TRANSFER,0x200302000000,4096,6,1,dram_hybrid_act
21747796100,HBM,0,READ,0x100306000000,2048,6,3,hbm_compute
21752247900,CXL,2,READ,0x300380000000,17301504,7,0,cxl_expert_access
21754075000,CXL,2,READ,0x300386000000,17301504,7,3,cxl_expert_access
21757484100,HBM,0,READ,0x100404000000,2048,8,2,hbm_compute
21758603700,CXL,2,READ,0x300406000000,17301504,8,3,cxl_expert_access
21762546300,CXL,2,READ,0x300486000000,17301504,9,3,cxl_expert_access
21763116100,HBM,0,READ,0x100482000000,2048,9,1,hbm_compute
21767452600,DRAM,1,TRANSFER,0x200502000000,4096,10,1,dram_hybrid_act
21767962800,HBM,0,READ,0x100504000000,2048,10,2,hbm_compute
21771910000,CXL,2,READ,0x300580000000,17301504,11,0,cxl_expert_access
21774064900,CXL,2,READ,0x300586000000,17301504,11,3,cxl_expert_access
21778063200,CXL,2,READ,0x300606000000,17301504,12,3,cxl_expert_access
21778560700,HBM,0,READ,0x100600000000,2048,12,0,hbm_compute
21783281700,CXL,2,READ,0x300684000000,17301504,13,2,cxl_expert_access
21783823600,HBM,0,READ,0x100680000000,2048,13,0,hbm_compute
21786752400,HBM,0,READ,0x100702000000,2048,14,1,hbm_compute
21787126600,HBM,0,READ,0x100700000000,2048,14,0,hbm_compute
21791150300,CXL,2,READ,0x300784000000,17301504,15,2,cxl_expert_access
21791636600,HBM,0,READ,0x100780000000,2048,15,0,hbm_compute
21795131100,CXL,2,READ,0x300806000000,17301504,16,3,cxl_expert_access
21795644900,HBM,0,READ,0x100802000000,2048,16,1,hbm_compute
21799992300,CXL,2,READ,0x300884000000,17301504,17,2,cxl_expert_access
21800507200,HBM,0,READ,0x100882000000,2048,17,1,hbm_compute
21804903100,DRAM,1,TRANSFER,0x200902000000,4096,18,1,dram_hybrid_act
21806790800,DRAM,1,TRANSFER,0x200906000000,4096,18,3,dram_hybrid_act
21810529500,DRAM,1,TRANSFER,0x200986000000,4096,19,3,dram_hybrid_act
21811488200,CXL,2,READ,0x300982000000,17301504,19,1,cxl_expert_access
21814608200,HBM,0,READ,0x100a04000000,2048,20,2,hbm_compute
21816395700,CXL,2,READ,0x300a00000000,17301504,20,0,cxl_expert_access
21819591300,HBM,0,READ,0x100a86000000,2048,21,3,hbm_compute
21819973200,HBM,0,READ,0x100a84000000,2048,21,2,hbm_compute
21822917500,HBM,0,READ,0x100b04000000,2048,22,2,hbm_compute
21824638600,CXL,2,READ,0x300b00000000,17301504,22,0,cxl_expert_access
21827722400,HBM,0,READ,0x100b86000000,2048,23,3,hbm_compute
21828126000,HBM,0,READ,0x100b84000000,2048,23,2,hbm_compute
21835595700,HBM,0,READ,0x100006000000,2048,0,3,hbm_compute
21837639600,CXL,2,READ,0x300002000000,17301504,0,1,cxl_expert_access
21842948000,HBM,0,READ,0x100082000000,2048,1,1,hbm_compute
21844162700,HBM,0,READ,0x100080000000,2048,1,0,hbm_compute
21848241100,DRAM,1,TRANSFER,0x200106000000,4096,2,3,dram_hybrid_act
21850047700,CXL,2,READ,0x300104000000,17301504,2,2,cxl_expert_access
21855297100,DRAM,1,TRANSFER,0x200180000000,4096,3,0,dram_hybrid_act
21855873400,HBM,0,READ,0x100186000000,2048,3,3,hbm_compute
21860261900,DRAM,1,TRANSFER,0x200204000000,4096,4,2,dram_hybrid_act
21860988500,HBM,0,READ,0x100200000000,2048,4,0,hbm_compute
21865808700,DRAM,1,TRANSFER,0x200284000000,4096,5,2,dram_hybrid_act
21867775000,CXL,2,READ,0x300280000000,17301504,5,0,cxl_expert_access
21871647900,HBM,0,READ,0x100306000000,2048,6,3,hbm_compute
21873371700,CXL,2,READ,0x300300000000,17301504,6,0,cxl_expert_access
21876954100,HBM,0,READ,0x100384000000,2048,7,2,hbm_compute
21877419900,HBM,0,READ,0x100382000000,2048,7,1,hbm_compute
21881952100,CXL,2,READ,0x300400000000,17301504,8,0,cxl_expert_access
21882785900,HBM,0,READ,0x100404000000,2048,8,2,hbm_compute
21887150900,CXL,2,READ,0x300486000000,17301504,9,3,cxl_expert_access
21887702200,HBM,0,READ,0x100482000000,2048,9,1,hbm_compute
21892163100,DRAM,1,TRANSFER,0x200502000000,4096,10,1,dram_hybrid_act
21894294700,CXL,2,READ,0x300506000000,17301504,10,3,cxl_expert_access
21898054500,HBM,0,READ,0x100584000000,2048,11,2,hbm_compute
21900087500,CXL,2,READ,0x300580000000,17301504,11,0,cxl_expert_access
21903420400,HBM,0,READ,0x100600000000,2048,12,0,hbm_compute
21905217400,CXL,2,READ,0x300604000000,17301504,12,2,cxl_expert_access
21909597800,CXL,2,READ,0x300684000000,17301504,13,2,cxl_expert_access
21910060900,HBM,0,READ,0x100680000000,2048,13,0,hbm_compute
21913280200,HBM,0,READ,0x100700000000,2048,14,0,hbm_compute
21913787700,HBM,0,READ,0x100702000000,2048,14,1,hbm_compute
21917988800,CXL,2,READ,0x300784000000,17301504,15,2,cxl_expert_access
21918578000,HBM,0,READ,0x100782000000,2048,15,1,hbm_compute
21923034100,CXL,2,READ,0x300806000000,17301504,16,3,cxl_expert_access
21923573000,HBM,0,READ,0x100802000000,2048,16,1,hbm_compute
21926295300,HBM,0,READ,0x100886000000,2048,17,3,hbm_compute
21926648100,HBM,0,READ,0x100882000000,2048,17,1,hbm_compute
21930905800,DRAM,1,TRANSFER,0x200906000000,4096,18,3,dram_hybrid_act
21932832700,DRAM,1,TRANSFER,0x200902000000,4096,18,1,dram_hybrid_act
21937622200,DRAM,1,TRANSFER,0x200986000000,4096,19,3,dram_hybrid_act
21939333200,DRAM,1,TRANSFER,0x200980000000,4096,19,0,dram_hybrid_act
21942930600,CXL,2,READ,0x300a00000000,17301504,20,0,cxl_expert_access
21943319800,HBM,0,READ,0x100a04000000,2048,20,2,hbm_compute
21948499200,HBM,0,READ,0x100a86000000,2048,21,3,hbm_compute
21949158200,HBM,0,READ,0x100a84000000,2048,21,2,hbm_compute
21954195000,HBM,0,READ,0x100b04000000,2048,22,2,hbm_compute
21956240800,CXL,2,READ,0x300b02000000,17301504,22,1,cxl_expert_access
21961583700,CXL,2,READ,0x300b82000000,17301504,23,1,cxl_expert_access
21962087400,HBM,0,READ,0x100b86000000,2048,23,3,hbm_compute
21975023500,CXL,2,READ,0x300002000000,17301504,0,1,cxl_expert_access
21976210200,DRAM,1,TRANSFER,0x200004000000,4096,0,2,dram_hybrid_act
21980236800,HBM,0,READ,0x100082000000,2048,1,1,hbm_compute
21980643800,HBM,0,READ,0x100080000000,2048,1,0,hbm_compute
21984831400,DRAM,1,TRANSFER,0x200102000000,4096,2,1,dram_hybrid_act
21986578000,DRAM,1,TRANSFER,0x200106000000,4096,2,3,dram_hybrid_act
21990801100,DRAM,1,TRANSFER,0x200180000000,4096,3,0,dram_hybrid_act
21991911600,DRAM,1,TRANSFER,0x200182000000,4096,3,1,dram_hybrid_act
21996803100,DRAM,1,TRANSFER,0x200206000000,4096,4,3,dram_hybrid_act
21997397900,HBM,0,READ,0x100200000000,2048,4,0,hbm_compute
22001847100,DRAM,1,TRANSFER,0x200284000000,4096,5,2,dram_hybrid_act
22003727600,CXL,2,READ,0x300280000000,17301504,5,0,cxl_expert_access
22007373000,HBM,0,READ,0x100306000000,2048,6,3,hbm_compute
22008364500,CXL,2,READ,0x300300000000,17301504,6,0,cxl_expert_access
22012280000,CXL,2,READ,0x300386000000,17301504,7,3,cxl_expert_access
22012905500,HBM,0,READ,0x100384000000,2048,7,2,hbm_compute
22017508900,CXL,2,READ,0x300400000000,17301504,8,0,cxl_expert_access
22019382300,CXL,2,READ,0x300406000000,17301504,8,3,cxl_expert_access
22023275700,HBM,0,READ,0x100482000000,2048,9,1,hbm_compute
22024672700,CXL,2,READ,0x300486000000,17301504,9,3,cxl_expert_access
22028093400,DRAM,1,TRANSFER,0x200502000000,4096,10,1,dram_hybrid_act
22028634800,HBM,0,READ,0x100504000000,2048,10,2,hbm_compute
22031673600,HBM,0,READ,0x100584000000,2048,11,2,hbm_compute
22033495100,CXL,2,READ,0x300580000000,17301504,11,0,cxl_expert_access
22036628100,HBM,0,READ,0x100600000000,2048,12,0,hbm_compute
22037026400,HBM,0,READ,0x100602000000,2048,12,1,hbm_compute
22040113400,HBM,0,READ,0x100680000000,2048,13,0,hbm_compute
22041187600,CXL,2,READ,0x300684000000,17301504,13,2,cxl_expert_access
22044241100,HBM,0,READ,0x100702000000,2048,14,1,hbm_compute
22045132900,CXL,2,READ,0x300704000000,17301504,14,2,cxl_expert_access
22048484400,HBM,0,READ,0x100780000000,2048,15,0,hbm_compute
22050200300,CXL,2,READ,0x300784000000,17301504,15,2,cxl_expert_access
22055265200,CXL,2,READ,0x300806000000,17301504,16,3,cxl_expert_access
22055857100,HBM,0,READ,0x100802000000,2048,16,1,hbm_compute
22059374300,DRAM,1,TRANSFER,0x200880000000,4096,17,0,dram_hybrid_act
22059811800,HBM,0,READ,0x100886000000,2048,17,3,hbm_compute
22063287300,DRAM,1,TRANSFER,0x200902000000,4096,18,1,dram_hybrid_act
22065110500,DRAM,1,TRANSFER,0x200906000000,4096,18,3,dram_hybrid_act
22070163800,DRAM,1,TRANSFER,0x200986000000,4096,19,3,dram_hybrid_act
22072271700,DRAM,1,TRANSFER,0x200980000000,4096,19,0,dram_hybrid_act
22075895500,HBM,0,READ,0x100a04000000,2048,20,2,hbm_compute
22077852700,CXL,2,READ,0x300a02000000,17301504,20,1,cxl_expert_access
22081204900,HBM,0,READ,0x100a84000000,2048,21,2,hbm_compute
22081591700,HBM,0,READ,0x100a86000000,2048,21,3,hbm_compute
22084235500,HBM,0,READ,0x100b04000000,2048,22,2,hbm_compute
22086074300,CXL,2,READ,0x300b00000000,17301504,22,0,cxl_expert_access
22090180500,CXL,2,READ,0x300b80000000,17301504,23,0,cxl_expert_access
22090665700,HBM,0,READ,0x100b86000000,2048,23,3,hbm_compute
22098078100,HBM,0,READ,0x100006000000,2048,0,3,hbm_compute
22099860300,CXL,2,READ,0x300002000000,17301504,0,1,cxl_expert_access
22103467300,HBM,0,READ,0x100082000000,2048,1,1,hbm_compute
22105566400,CXL,2,READ,0x300084000000,17301504,1,2,cxl_expert_access
22109566500,DRAM,1,TRANSFER,0x200102000000,4096,2,1,dram_hybrid_act
22110598500,CXL,2,READ,0x300104000000,17301504,2,2,cxl_expert_access
22115923400,DRAM,1,TRANSFER,0x200180000000,4096,3,0,dram_hybrid_act
22118062900,DRAM,1,TRANSFER,0x200182000000,4096,3,1,dram_hybrid_act
22122965700,DRAM,1,TRANSFER,0x200206000000,4096,4,3,dram_hybrid_act
22124716600,CXL,2,READ,0x300202000000,17301504,4,1,cxl_expert_access
22128426000,CXL,2,READ,0x300280000000,17301504,5,0,cxl_expert_access
22130295600,CXL,2,READ,0x300282000000,17301504,5,1,cxl_expert_access
22134052600,HBM,0,READ,0x100306000000,2048,6,3,hbm_compute
22135779600,CXL,2,READ,0x300300000000,17301504,6,0,cxl_expert_access
22139004300,HBM,0,READ,0x100384000000,2048,7,2,hbm_compute
22140811600,CXL,2,READ,0x300386000000,17301504,7,3,cxl_expert_access
22145298000,CXL,2,READ,0x300400000000,17301504,8,0,cxl_expert_access
22145943000,HBM,0,READ,0x100404000000,2048,8,2,hbm_compute
22149194400,HBM,0,READ,0x100482000000,2048,9,1,hbm_compute
22150983500,DRAM,1,TRANSFER,0x200480000000,4096,9,0,dram_hybrid_act
22155982000,DRAM,1,TRANSFER,0x200502000000,4096,10,1,dram_hybrid_act
22156543300,HBM,0,READ,0x100504000000,2048,10,2,hbm_compute
22159813200,HBM,0,READ,0x100584000000,2048,11,2,hbm_compute
22161298900,CXL,2,READ,0x300580000000,17301504,11,0,cxl_expert_access
22166220000,CXL,2,READ,0x300604000000,17301504,12,2,cxl_expert_access
22166818200,HBM,0,READ,0x100600000000,2048,12,0,hbm_compute
22170210400,HBM,0,READ,0x100680000000,2048,13,0,hbm_compute
22171945500,CXL,2,READ,0x300684000000,17301504,13,2,cxl_expert_access
22175444900,HBM,0,READ,0x100700000000,2048,14,0,hbm_compute
22175847800,HBM,0,READ,0x100702000000,2048,14,1,hbm_compute
22178795200,HBM,0,READ,0x100780000000,2048,15,0,hbm_compute
22180642700,CXL,2,READ,0x300784000000,17301504,15,2,cxl_expert_access
22185563900,CXL,2,READ,0x300806000000,17301504,16,3,cxl_expert_access
22186110600,HBM,0,READ,0x100802000000,2048,16,1,hbm_compute
22190463800,DRAM,1,TRANSFER,0x200880000000,4096,17,0,dram_hybrid_act
22192238800,CXL,2,READ,0x300884000000,17301504,17,2,cxl_expert_access
22197971700,DRAM,1,TRANSFER,0x200906000000,4096,18,3,dram_hybrid_act
22199682300,DRAM,1,TRANSFER,0x200900000000,4096,18,0,dram_hybrid_act
22204038000,DRAM,1,TRANSFER,0x200986000000,4096,19,3,dram_hybrid_act
22205498100,CXL,2,READ,0x300982000000,17301504,19,1,cxl_expert_access
22209595000,HBM,0,READ,0x100a04000000,2048,20,2,hbm_compute
22210600300,DRAM,1,TRANSFER,0x200a06000000,4096,20,3,dram_hybrid_act
22213704400,HBM,0,READ,0x100a84000000,2048,21,2,hbm_compute
22214089000,HBM,0,READ,0x100a86000000,2048,21,3,hbm_compute
22217850000,HBM,0,READ,0x100b04000000,2048,22,2,hbm_compute
22218486100,HBM,0,READ,0x100b06000000,2048,22,3,hbm_compute
22224787500,CXL,2,READ,0x300b82000000,17301504,23,1,cxl_expert_access
22225758600,HBM,0,READ,0x100b86000000,2048,23,3,hbm_compute
22235593600,CXL,2,READ,0x300002000000,17301504,0,1,cxl_expert_access
22236191100,HBM,0,READ,0x100006000000,2048,0,3,hbm_compute
22241095200,CXL,2,READ,0x300086000000,17301504,1,3,cxl_expert_access
22241591300,HBM,0,READ,0x100080000000,2048,1,0,hbm_compute
22244951900,HBM,0,READ,0x100100000000,2048,2,0,hbm_compute
22246209000,DRAM,1,TRANSFER,0x200106000000,4096,2,3,dram_hybrid_act
22251482700,DRAM,1,TRANSFER,0x200182000000,4096,3,1,dram_hybrid_act
22253459800,DRAM,1,TRANSFER,0x200180000000,4096,3,0,dram_hybrid_act
22258426500,DRAM,1,TRANSFER,0x200206000000,4096,4,3,dram_hybrid_act
22258875600,HBM,0,READ,0x100200000000,2048,4,0,hbm_compute
22262801900,HBM,0,READ,0x100286000000,2048,5,3,hbm_compute
22264655200,CXL,2,READ,0x300280000000,17301504,5,0,cxl_expert_access
22269194400,DRAM,1,TRANSFER,0x200304000000,4096,6,2,dram_hybrid_act
22271018100,DRAM,1,TRANSFER,0x200302000000,4096,6,1,dram_hybrid_act
22275355500,CXL,2,READ,0x300380000000,17301504,7,0,cxl_expert_access
22275742200,HBM,0,READ,0x100384000000,2048,7,2,hbm_compute
22279710400,CXL,2,READ,0x300400000000,17301504,8,0,cxl_expert_access
22280257400,HBM,0,READ,0x100404000000,2048,8,2,hbm_compute
22283287300,HBM,0,READ,0x100482000000,2048,9,1,hbm_compute
22285205200,CXL,2,READ,0x300486000000,17301504,9,3,cxl_expert_access
22290241100,DRAM,1,TRANSFER,0x200502000000,4096,10,1,dram_hybrid_act
22291698600,DRAM,1,TRANSFER,0x200500000000,4096,10,0,dram_hybrid_act
22295368000,CXL,2,READ,0x300580000000,17301504,11,0,cxl_expert_access
22295833900,HBM,0,READ,0x100584000000,2048,11,2,hbm_compute
22300132800,CXL,2,READ,0x300606000000,17301504,12,3,cxl_expert_access
22302314900,CXL,2,READ,0x300604000000,17301504,12,2,cxl_expert_access
22308823500,CXL,2,READ,0x300684000000,17301504,13,2,cxl_expert_access
22310037400,CXL,2,READ,0x300686000000,17301504,13,3,cxl_expert_access
22314769600,CXL,2,READ,0x300704000000,17301504,14,2,cxl_expert_access
22315354700,HBM,0,READ,0x100700000000,2048,14,0,hbm_compute
22319947300,CXL,2,READ,0x300784000000,17301504,15,2,cxl_expert_access
22320466100,HBM,0,READ,0x100780000000,2048,15,0,hbm_compute
22323573300,HBM,0,READ,0x100802000000,2048,16,1,hbm_compute
22324558500,CXL,2,READ,0x300806000000,17301504,16,3,cxl_expert_access
22328091300,CXL,2,READ,0x300884000000,17301504,17,2,cxl_expert_access
22329894400,DRAM,1,TRANSFER,0x200880000000,4096,17,0,dram_hybrid_act
22335350200,DRAM,1,TRANSFER,0x200906000000,4096,18,3,dram_hybrid_act
22337186200,DRAM,1,TRANSFER,0x200900000000,4096,18,0,dram_hybrid_act
22341419700,DRAM,1,TRANSFER,0x200986000000,4096,19,3,dram_hybrid_act
22341889400,HBM,0,READ,0x100984000000,2048,19,2,hbm_compute
22344861400,HBM,0,READ,0x100a04000000,2048,20,2,hbm_compute
22346353600,CXL,2,READ,0x300a00000000,17301504,20,0,cxl_expert_access
22349936400,HBM,0,READ,0x100a86000000,2048,21,3,hbm_compute
22351652800,CXL,2,READ,0x300a82000000,17301504,21,1,cxl_expert_access
22354944000,HBM,0,READ,0x100b04000000,2048,22,2,hbm_compute
22355318100,HBM,0,READ,0x100b06000000,2048,22,3,hbm_compute
22357952000,HBM,0,READ,0x100b86000000,2048,23,3,hbm_compute
22358315900,HBM,0,READ,0x100b84000000,2048,23,2,hbm_compute
22367203500,CXL,2,READ,0x300002000000,17301504,0,1,cxl_expert_access
22368888000,DRAM,1,TRANSFER,0x200004000000,4096,0,2,dram_hybrid_act
22372116500,HBM,0,READ,0x100082000000,2048,1,1,hbm_compute
22372464200,HBM,0,READ,0x100080000000,2048,1,0,hbm_compute
22374849400,HBM,0,READ,0x100100000000,2048,2,0,hbm_compute
22375710700,CXL,2,READ,0x300104000000,17301504,2,2,cxl_expert_access
22378973700,DRAM,1,TRANSFER,0x200182000000,4096,3,1,dram_hybrid_act
22381020500,CXL,2,READ,0x300184000000,17301504,3,2,cxl_expert_access
22385885900,DRAM,1,TRANSFER,0x200204000000,4096,4,2,dram_hybrid_act
22387629200,DRAM,1,TRANSFER,0x200206000000,4096,4,3,dram_hybrid_act
22391011900,HBM,0,READ,0x100286000000,2048,5,3,hbm_compute
22391968900,CXL,2,READ,0x300280000000,17301504,5,0,cxl_expert_access
22396065800,DRAM,1,TRANSFER,0x200304000000,4096,6,2,dram_hybrid_act
22396766300,HBM,0,READ,0x100306000000,2048,6,3,hbm_compute
22402156400,CXL,2,READ,0x300380000000,17301504,7,0,cxl_expert_access
22402747900,HBM,0,READ,0x100382000000,2048,7,1,hbm_compute
22407832300,CXL,2,READ,0x300400000000,17301504,8,0,cxl_expert_access
22408344500,HBM,0,READ,0x100404000000,2048,8,2,hbm_compute
22411869100,HBM,0,READ,0x100482000000,2048,9,1,hbm_compute
22413071600,DRAM,1,TRANSFER,0x200480000000,4096,9,0,dram_hybrid_act
22417766700,DRAM,1,TRANSFER,0x200502000000,4096,10,1,dram_hybrid_act
22418322700,HBM,0,READ,0x100504000000,2048,10,2,hbm_compute
22422723100,CXL,2,READ,0x300580000000,17301504,11,0,cxl_expert_access
22423247400,HBM,0,READ,0x100584000000,2048,11,2,hbm_compute
22427302500,CXL,2,READ,0x300606000000,17301504,12,3,cxl_expert_access
22428057300,HBM,0,READ,0x100600000000,2048,12,0,hbm_compute
22433104300,CXL,2,READ,0x300684000000,17301504,13,2,cxl_expert_access
22434848300,CXL,2,READ,0x300686000000,17301504,13,3,cxl_expert_access
22438058600,HBM,0,READ,0x100700000000,2048,14,0,hbm_compute
22439739000,CXL,2,READ,0x300704000000,17301504,14,2,cxl_expert_access
22442693200,HBM,0,READ,0x100780000000,2048,15,0,hbm_compute
22443695000,CXL,2,READ,0x300784000000,17301504,15,2,cxl_expert_access
22447029300,HBM,0,READ,0x100802000000,2048,16,1,hbm_compute
22448868400,CXL,2,READ,0x300806000000,17301504,16,3,cxl_expert_access
22452164400,HBM,0,READ,0x100882000000,2048,17,1,hbm_compute
22454077800,CXL,2,READ,0x300884000000,17301504,17,2,cxl_expert_access
22458564800,DRAM,1,TRANSFER,0x200906000000,4096,18,3,dram_hybrid_act
22459589400,DRAM,1,TRANSFER,0x200900000000,4096,18,0,dram_hybrid_act
22464594800,DRAM,1,TRANSFER,0x200986000000,4096,19,3,dram_hybrid_act
22465141800,HBM,0,READ,0x100984000000,2048,19,2,hbm_compute
22469621700,CXL,2,READ,0x300a00000000,17301504,20,0,cxl_expert_access
22470149600,HBM,0,READ,0x100a04000000,2048,20,2,hbm_compute
22473532100,HBM,0,READ,0x100a86000000,2048,21,3,hbm_compute
22475355100,CXL,2,READ,0x300a80000000,17301504,21,0,cxl_expert_access
22478678100,HBM,0,READ,0x100b04000000,2048,22,2,hbm_compute
22480472500,CXL,2,READ,0x300b00000000,17301504,22,0,cxl_expert_access
22485184400,CXL,2,READ,0x300b80000000,17301504,23,0,cxl_expert_access
22485735300,HBM,0,READ,0x100b86000000,2048,23,3,hbm_compute
22493976100,HBM,0,READ,0x100006000000,2048,0,3,hbm_compute
22495017200,DRAM,1,TRANSFER,0x200004000000,4096,0,2,dram_hybrid_act
22498302000,HBM,0,READ,0x100082000000,2048,1,1,hbm_compute
22500169100,CXL,2,READ,0x300084000000,17301504,1,2,cxl_expert_access
22505063800,CXL,2,READ,0x300104000000,17301504,2,2,cxl_expert_access
22506907700,DRAM,1,TRANSFER,0x200102000000,4096,2,1,dram_hybrid_act
22510903500,DRAM,1,TRANSFER,0x200182000000,4096,3,1,dram_hybrid_act
22511885300,DRAM,1,TRANSFER,0x200180000000,4096,3,0,dram_hybrid_act
22516879100,DRAM,1,TRANSFER,0x200206000000,4096,4,3,dram_hybrid_act
22518715300,CXL,2,READ,0x300202000000,17301504,4,1,cxl_expert_access
22523843700,DRAM,1,TRANSFER,0x200284000000,4096,5,2,dram_hybrid_act
22524839000,CXL,2,READ,0x300280000000,17301504,5,0,cxl_expert_access
22527768000,HBM,0,READ,0x100306000000,2048,6,3,hbm_compute
22528781300,CXL,2,READ,0x300300000000,17301504,6,0,cxl_expert_access
22533411600,CXL,2,READ,0x300380000000,17301504,7,0,cxl_expert_access
22533961800,HBM,0,READ,0x100384000000,2048,7,2,hbm_compute
22537336100,HBM,0,READ,0x100404000000,2048,8,2,hbm_compute
22539012300,CXL,2,READ,0x300400000000,17301504,8,0,cxl_expert_access
22541743000,HBM,0,READ,0x100482000000,2048,9,1,hbm_compute
22542656800,DRAM,1,TRANSFER,0x200480000000,4096,9,0,dram_hybrid_act
22546635200,CXL,2,READ,0x300506000000,17301504,10,3,cxl_expert_access
22547124900,HBM,0,READ,0x100504000000,2048,10,2,hbm_compute
22551526500,CXL,2,READ,0x300580000000,17301504,11,0,cxl_expert_access
22552245300,HBM,0,READ,0x100584000000,2048,11,2,hbm_compute
22557362600,CXL,2,READ,0x300606000000,17301504,12,3,cxl_expert_access
22557929100,HBM,0,READ,0x100600000000,2048,12,0,hbm_compute
22561572400,CXL,2,READ,0x300684000000,17301504,13,2,cxl_expert_access
22562198500,HBM,0,READ,0x100682000000,2048,13,1,hbm_compute
22565339300,HBM,0,READ,0x100700000000,2048,14,0,hbm_compute
22565729200,HBM,0,READ,0x100702000000,2048,14,1,hbm_compute
22568648900,HBM,0,READ,0x100780000000,2048,15,0,hbm_compute
22570433900,CXL,2,READ,0x300784000000,17301504,15,2,cxl_expert_access
22575744300,CXL,2,READ,0x300806000000,17301504,16,3,cxl_expert_access
22576381200,HBM,0,READ,0x100802000000,2048,16,1,hbm_compute
22579655300,HBM,0,READ,0x100882000000,2048,17,1,hbm_compute
22581352000,CXL,2,READ,0x300884000000,17301504,17,2,cxl_expert_access
22586010200,DRAM,1,TRANSFER,0x200906000000,4096,18,3,dram_hybrid_act
22587904500,DRAM,1,TRANSFER,0x200900000000,4096,18,0,dram_hybrid_act
22592430800,DRAM,1,TRANSFER,0x200986000000,4096,19,3,dram_hybrid_act
22592900400,HBM,0,READ,0x100984000000,2048,19,2,hbm_compute
22597232300,DRAM,1,TRANSFER,0x200a06000000,4096,20,3,dram_hybrid_act
22597794000,HBM,0,READ,0x100a04000000,2048,20,2,hbm_compute
22602195700,CXL,2,READ,0x300a80000000,17301504,21,0,cxl_expert_access
22602803800,HBM,0,READ,0x100a86000000,2048,21,3,hbm_compute
22606893100,CXL,2,READ,0x300b02000000,17301504,22,1,cxl_expert_access
22607382700,HBM,0,READ,0x100b06000000,2048,22,3,hbm_compute
22610533300,CXL,2,READ,0x300b80000000,17301504,23,0,cxl_expert_access
22611122600,HBM,0,READ,0x100b86000000,2048,23,3,hbm_compute
22620544600,CXL,2,READ,0x300002000000,17301504,0,1,cxl_expert_access
22622344100,DRAM,1,TRANSFER,0x200004000000,4096,0,2,dram_hybrid_act
22625690200,HBM,0,READ,0x100082000000,2048,1,1,hbm_compute
22626563700,CXL,2,READ,0x300084000000,17301504,1,2,cxl_expert_access
22631473200,DRAM,1,TRANSFER,0x200106000000,4096,2,3,dram_hybrid_act
22633563000,DRAM,1,TRANSFER,0x200102000000,4096,2,1,dram_hybrid_act
22638140500,DRAM,1,TRANSFER,0x200182000000,4096,3,1,dram_hybrid_act
22638621600,HBM,0,READ,0x100186000000,2048,3,3,hbm_compute
22641751600,DRAM,1,TRANSFER,0x200206000000,4096,4,3,dram_hybrid_act
22642213600,HBM,0,READ,0x100200000000,2048,4,0,hbm_compute
22645099300,HBM,0,READ,0x100286000000,2048,5,3,hbm_compute
22646802900,CXL,2,READ,0x300282000000,17301504,5,1,cxl_expert_access
22650988000,DRAM,1,TRANSFER,0x200302000000,4096,6,1,dram_hybrid_act
22652642300,CXL,2,READ,0x300300000000,17301504,6,0,cxl_expert_access
22655148900,HBM,0,READ,0x100384000000,2048,7,2,hbm_compute
22655465400,HBM,0,READ,0x100382000000,2048,7,1,hbm_compute
22658156800,CXL,2,READ,0x300400000000,17301504,8,0,cxl_expert_access
22658510700,HBM,0,READ,0x100404000000,2048,8,2,hbm_compute
22660920000,HBM,0,READ,0x100482000000,2048,9,1,hbm_compute
22662794000,DRAM,1,TRANSFER,0x200480000000,4096,9,0,dram_hybrid_act
22667828800,DRAM,1,TRANSFER,0x200500000000,4096,10,0,dram_hybrid_act
22668296500,HBM,0,READ,0x100504000000,2048,10,2,hbm_compute
22670822100,HBM,0,READ,0x100584000000,2048,11,2,hbm_compute
22672425500,CXL,2,READ,0x300580000000,17301504,11,0,cxl_expert_access
22675632800,CXL,2,READ,0x300606000000,17301504,12,3,cxl_expert_access
22676545900,CXL,2,READ,0x300604000000,17301504,12,2,cxl_expert_access
22681088200,CXL,2,READ,0x300684000000,17301504,13,2,cxl_expert_access
22681578800,HBM,0,READ,0x100682000000,2048,13,1,hbm_compute
22685484900,DRAM,1,TRANSFER,0x200706000000,4096,14,3,dram_hybrid_act
22685967200,HBM,0,READ,0x100702000000,2048,14,1,hbm_compute
22688396700,HBM,0,READ,0x100780000000,2048,15,0,hbm_compute
22688712900,HBM,0,READ,0x100782000000,2048,15,1,hbm_compute
22691697100,CXL,2,READ,0x300806000000,17301504,16,3,cxl_expert_access
22692158400,HBM,0,READ,0x100802000000,2048,16,1,hbm_compute
22695066200,HBM,0,READ,0x100882000000,2048,17,1,hbm_compute
22696265800,CXL,2,READ,0x300884000000,17301504,17,2,cxl_expert_access
22700863700,DRAM,1,TRANSFER,0x200906000000,4096,18,3,dram_hybrid_act
22702630700,DRAM,1,TRANSFER,0x200904000000,4096,18,2,dram_hybrid_act
22706018200,HBM,0,READ,0x100984000000,2048,19,2,hbm_compute
22707769400,DRAM,1,TRANSFER,0x200986000000,4096,19,3,dram_hybrid_act
22711180100,DRAM,1,TRANSFER,0x200a06000000,4096,20,3,dram_hybrid_act
22711713200,HBM,0,READ,0x100a04000000,2048,20,2,hbm_compute
22714148500,HBM,0,READ,0x100a86000000,2048,21,3,hbm_compute
22716006800,CXL,2,READ,0x300a82000000,17301504,21,1,cxl_expert_access
22719149100,HBM,0,READ,0x100b06000000,2048,22,3,hbm_compute
22720819400,CXL,2,READ,0x300b02000000,17301504,22,1,cxl_expert_access
22725132200,CXL,2,READ,0x300b82000000,17301504,23,1,cxl_expert_access
22725573700,HBM,0,READ,0x100b86000000,2048,23,3,hbm_compute
22735054900,CXL,2,READ,0x300002000000,17301504,0,1,cxl_expert_access
22736823200,DRAM,1,TRANSFER,0x200000000000,4096,0,0,dram_hybrid_act
22740457800,HBM,0,READ,0x100082000000,2048,1,1,hbm_compute
22741807700,CXL,2,READ,0x300086000000,17301504,1,3,cxl_expert_access
22745358700,DRAM,1,TRANSFER,0x200106000000,4096,2,3,dram_hybrid_act
22745756000,HBM,0,READ,0x100100000000,2048,2,0,hbm_compute
22749801100,DRAM,1,TRANSFER,0x200182000000,4096,3,1,dram_hybrid_act
22751514200,DRAM,1,TRANSFER,0x200180000000,4096,3,0,dram_hybrid_act
22756388200,CXL,2,READ,0x300202000000,17301504,4,1,cxl_expert_access
22758199400,DRAM,1,TRANSFER,0x200206000000,4096,4,3,dram_hybrid_act
22761767700,DRAM,1,TRANSFER,0x200284000000,4096,5,2,dram_hybrid_act
22762700700,HBM,0,READ,0x100286000000,2048,5,3,hbm_compute
22767312200,DRAM,1,TRANSFER,0x200304000000,4096,6,2,dram_hybrid_act
22769423300,DRAM,1,TRANSFER,0x200302000000,4096,6,1,dram_hybrid_act
22772515100,HBM,0,READ,0x100382000000,2048,7,1,hbm_compute
22772888400,HBM,0,READ,0x100384000000,2048,7,2,hbm_compute
22776012900,CXL,2,READ,0x300400000000,17301504,8,0,cxl_expert_access
22777256500,HBM,0,READ,0x100404000000,2048,8,2,hbm_compute
22782848800,HBM,0,READ,0x100482000000,2048,9,1,hbm_compute
22785091600,DRAM,1,TRANSFER,0x200484000000,4096,9,2,dram_hybrid_act
22787949000,HBM,0,READ,0x100504000000,2048,10,2,hbm_compute
22789603200,CXL,2,READ,0x300506000000,17301504,10,3,cxl_expert_access
22792234500,HBM,0,READ,0x100584000000,2048,11,2,hbm_compute
22793119000,CXL,2,READ,0x300580000000,17301504,11,0,cxl_expert_access
22796434400,HBM,0,READ,0x100600000000,2048,12,0,hbm_compute
22798196500,CXL,2,READ,0x300606000000,17301504,12,3,cxl_expert_access
22803029000,CXL,2,READ,0x300686000000,17301504,13,3,cxl_expert_access
22804946500,CXL,2,READ,0x300684000000,17301504,13,2,cxl_expert_access
22807941700,HBM,0,READ,0x100700000000,2048,14,0,hbm_compute
22808864800,DRAM,1,TRANSFER,0x200706000000,4096,14,3,dram_hybrid_act
22811600100,HBM,0,READ,0x100780000000,2048,15,0,hbm_compute
22813586000,CXL,2,READ,0x300784000000,17301504,15,2,cxl_expert_access
22817198400,HBM,0,READ,0x100802000000,2048,16,1,hbm_compute
22818904000,CXL,2,READ,0x300806000000,17301504,16,3,cxl_expert_access
22823537100,CXL,2,READ,0x300884000000,17301504,17,2,cxl_expert_access
22824107800,HBM,0,READ,0x100882000000,2048,17,1,hbm_compute
22828561300,DRAM,1,TRANSFER,0x200902000000,4096,18,1,dram_hybrid_act
22830670700,DRAM,1,TRANSFER,0x200900000000,4096,18,0,dram_hybrid_act
22834784700,HBM,0,READ,0x100984000000,2048,19,2,hbm_compute
22836809300,DRAM,1,TRANSFER,0x200986000000,4096,19,3,dram_hybrid_act
22841644600,CXL,2,READ,0x300a00000000,17301504,20,0,cxl_expert_access
22844092900,CXL,2,READ,0x300a02000000,17301504,20,1,cxl_expert_access
22848723600,HBM,0,READ,0x100a86000000,2048,21,3,hbm_compute
22849214500,HBM,0,READ,0x100a84000000,2048,21,2,hbm_compute
22854325400,CXL,2,READ,0x300b02000000,17301504,22,1,cxl_expert_access
22854999900,HBM,0,READ,0x100b04000000,2048,22,2,hbm_compute
22858445100,HBM,0,READ,0x100b86000000,2048,23,3,hbm_compute
22858914100,HBM,0,READ,0x100b84000000,2048,23,2,hbm_compute
22871505200,CXL,2,READ,0x300002000000,17301504,0,1,cxl_expert_access
22873799800,DRAM,1,TRANSFER,0x200000000000,4096,0,0,dram_hybrid_act
22876993800,HBM,0,READ,0x100082000000,2048,1,1,hbm_compute
22877329800,HBM,0,READ,0x100080000000,2048,1,0,hbm_compute
22881246600,DRAM,1,TRANSFER,0x200106000000,4096,2,3,dram_hybrid_act
22881780800,HBM,0,READ,0x100100000000,2048,2,0,hbm_compute
22884622700,HBM,0,READ,0x100186000000,2048,3,3,hbm_compute
22886386100,DRAM,1,TRANSFER,0x200180000000,4096,3,0,dram_hybrid_act
22890821200,CXL,2,READ,0x300202000000,17301504,4,1,cxl_expert_access
22891394300,HBM,0,READ,0x100200000000,2048,4,0,hbm_compute
22894953100,DRAM,1,TRANSFER,0x200284000000,4096,5,2,dram_hybrid_act
22895910200,CXL,2,READ,0x300282000000,17301504,5,1,cxl_expert_access
22900903800,CXL,2,READ,0x300300000000,17301504,6,0,cxl_expert_access
22902738200,DRAM,1,TRANSFER,0x200302000000,4096,6,1,dram_hybrid_act
22905724100,HBM,0,READ,0x100382000000,2048,7,1,hbm_compute
22907541000,CXL,2,READ,0x300380000000,17301504,7,0,cxl_expert_access
22911136500,CXL,2,READ,0x300400000000,17301504,8,0,cxl_expert_access
22911763500,HBM,0,READ,0x100402000000,2048,8,1,hbm_compute
22914660800,HBM,0,READ,0x100482000000,2048,9,1,hbm_compute
22916449200,CXL,2,READ,0x300486000000,17301504,9,3,cxl_expert_access
22920906500,DRAM,1,TRANSFER,0x200502000000,4096,10,1,dram_hybrid_act
22921438000,HBM,0,READ,0x100504000000,2048,10,2,hbm_compute
22925576300,CXL,2,READ,0x300586000000,17301504,11,3,cxl_expert_access
22926494000,CXL,2,READ,0x300580000000,17301504,11,0,cxl_expert_access
22930966100,CXL,2,READ,0x300606000000,17301504,12,3,cxl_expert_access
22931519200,HBM,0,READ,0x100600000000,2048,12,0,hbm_compute
22935874400,CXL,2,READ,0x300684000000,17301504,13,2,cxl_expert_access
22937635600,CXL,2,READ,0x300686000000,17301504,13,3,cxl_expert_access
22940455700,HBM,0,READ,0x100700000000,2048,14,0,hbm_compute
22940760300,HBM,0,READ,0x100702000000,2048,14,1,hbm_compute
22942996900,HBM,0,READ,0x100782000000,2048,15,1,hbm_compute
22943985100,CXL,2,READ,0x300784000000,17301504,15,2,cxl_expert_access
22947162200,HBM,0,READ,0x100802000000,2048,16,1,hbm_compute
22949072600,CXL,2,READ,0x300806000000,17301504,16,3,cxl_expert_access
22952220900,HBM,0,READ,0x100882000000,2048,17,1,hbm_compute
22954334500,CXL,2,READ,0x300884000000,17301504,17,2,cxl_expert_access
22958470200,DRAM,1,TRANSFER,0x200904000000,4096,18,2,dram_hybrid_act
22959443400,DRAM,1,TRANSFER,0x200902000000,4096,18,1,dram_hybrid_act
22964234700,DRAM,1,TRANSFER,0x200986000000,4096,19,3,dram_hybrid_act
22964857400,HBM,0,READ,0x100984000000,2048,19,2,hbm_compute
22969436600,CXL,2,READ,0x300a02000000,17301504,20,1,cxl_expert_access
22970068800,HBM,0,READ,0x100a04000000,2048,20,2,hbm_compute
22974284900,CXL,2,READ,0x300a82000000,17301504,21,1,cxl_expert_access
22974671900,HBM,0,READ,0x100a86000000,2048,21,3,hbm_compute
22977197800,HBM,0,READ,0x100b04000000,2048,22,2,hbm_compute
22978098900,CXL,2,READ,0x300b00000000,17301504,22,0,cxl_expert_access
22981293600,HBM,0,READ,0x100b84000000,2048,23,2,hbm_compute
22983017200,CXL,2,READ,0x300b82000000,17301504,23,1,cxl_expert_access
22992448800,CXL,2,READ,0x300002000000,17301504,0,1,cxl_expert_access
22993441800,DRAM,1,TRANSFER,0x200000000000,4096,0,0,dram_hybrid_act
22996655400,HBM,0,READ,0x100080000000,2048,1,0,hbm_compute
22998520800,CXL,2,READ,0x300084000000,17301504,1,2,cxl_expert_access
23003798200,DRAM,1,TRANSFER,0x200106000000,4096,2,3,dram_hybrid_act
23004436900,HBM,0,READ,0x100100000000,2048,2,0,hbm_compute
23008062400,DRAM,1,TRANSFER,0x200182000000,4096,3,1,dram_hybrid_act
23008907700,DRAM,1,TRANSFER,0x200180000000,4096,3,0,dram_hybrid_act
23012007000,DRAM,1,TRANSFER,0x200206000000,4096,4,3,dram_hybrid_act
23012406900,HBM,0,READ,0x100200000000,2048,4,0,hbm_compute
23016654700,DRAM,1,TRANSFER,0x200284000000,4096,5,2,dram_hybrid_act
23017193400,HBM,0,READ,0x100286000000,2048,5,3,hbm_compute
23021271700,CXL,2,READ,0x300300000000,17301504,6,0,cxl_expert_access
23021809800,HBM,0,READ,0x100306000000,2048,6,3,hbm_compute
23025414100,CXL,2,READ,0x300380000000,17301504,7,0,cxl_expert_access
23025903900,HBM,0,READ,0x100384000000,2048,7,2,hbm_compute
23029670700,CXL,2,READ,0x300406000000,17301504,8,3,cxl_expert_access
23032344000,CXL,2,READ,0x300400000000,17301504,8,0,cxl_expert_access
23036239100,HBM,0,READ,0x100482000000,2048,9,1,hbm_compute
23037989400,CXL,2,READ,0x300486000000,17301504,9,3,cxl_expert_access
23041309500,HBM,0,READ,0x100504000000,2048,10,2,hbm_compute
23042319500,DRAM,1,TRANSFER,0x200500000000,4096,10,0,dram_hybrid_act
23045915300,HBM,0,READ,0x100584000000,2048,11,2,hbm_compute
23048001900,CXL,2,READ,0x300586000000,17301504,11,3,cxl_expert_access
23051401600,HBM,0,READ,0x100600000000,2048,12,0,hbm_compute
23053310900,CXL,2,READ,0x300606000000,17301504,12,3,cxl_expert_access
23058016300,CXL,2,READ,0x300684000000,17301504,13,2,cxl_expert_access
23058524700,HBM,0,READ,0x100682000000,2048,13,1,hbm_compute
23061318700,HBM,0,READ,0x100702000000,2048,14,1,hbm_compute
23061661200,HBM,0,READ,0x100700000000,2048,14,0,hbm_compute
23065400300,HBM,0,READ,0x100782000000,2048,15,1,hbm_compute
23067419000,CXL,2,READ,0x300784000000,17301504,15,2,cxl_expert_access
23071138100,HBM,0,READ,0x100802000000,2048,16,1,hbm_compute
23071553200,HBM,0,READ,0x100800000000,2048,16,0,hbm_compute
23074519100,HBM,0,READ,0x100882000000,2048,17,1,hbm_compute
23076319600,DRAM,1,TRANSFER,0x200880000000,4096,17,0,dram_hybrid_act
23081905100,DRAM,1,TRANSFER,0x200902000000,4096,18,1,dram_hybrid_act
23083825900,DRAM,1,TRANSFER,0x200906000000,4096,18,3,dram_hybrid_act
23088636500,DRAM,1,TRANSFER,0x200986000000,4096,19,3,dram_hybrid_act
23089241500,HBM,0,READ,0x100984000000,2048,19,2,hbm_compute
23093482400,CXL,2,READ,0x300a00000000,17301504,20,0,cxl_expert_access
23094136300,HBM,0,READ,0x100a04000000,2048,20,2,hbm_compute
23098207400,HBM,0,READ,0x100a86000000,2048,21,3,hbm_compute
23099975500,CXL,2,READ,0x300a80000000,17301504,21,0,cxl_expert_access
23105078200,CXL,2,READ,0x300b00000000,17301504,22,0,cxl_expert_access
23106833900,CXL,2,READ,0x300b02000000,17301504,22,1,cxl_expert_access
23109948100,HBM,0,READ,0x100b86000000,2048,23,3,hbm_compute
23110541100,HBM,0,READ,0x100b84000000,2048,23,2,hbm_compute
23119108200,HBM,0,READ,0x100006000000,2048,0,3,hbm_compute
23120926900,DRAM,1,TRANSFER,0x200004000000,4096,0,2,dram_hybrid_act
23124195200,HBM,0,READ,0x100082000000,2048,1,1,hbm_compute
23124541500,HBM,0,READ,0x100080000000,2048,1,0,hbm_compute
23128263400,CXL,2,READ,0x300104000000,17301504,2,2,cxl_expert_access
23129792600,DRAM,1,TRANSFER,0x200102000000,4096,2,1,dram_hybrid_act
23135218200,DRAM,1,TRANSFER,0x200182000000,4096,3,1,dram_hybrid_act
23137168300,DRAM,1,TRANSFER,0x200180000000,4096,3,0,dram_hybrid_act
23141846900,CXL,2,READ,0x300202000000,17301504,4,1,cxl_expert_access
23142864400,DRAM,1,TRANSFER,0x200204000000,4096,4,2,dram_hybrid_act
23147966000,DRAM,1,TRANSFER,0x200284000000,4096,5,2,dram_hybrid_act
23149817000,CXL,2,READ,0x300282000000,17301504,5,1,cxl_expert_access
23154895600,CXL,2,READ,0x300300000000,17301504,6,0,cxl_expert_access
23155452100,HBM,0,READ,0x100306000000,2048,6,3,hbm_compute
23159045000,CXL,2,READ,0x300386000000,17301504,7,3,cxl_expert_access
23159497700,HBM,0,READ,0x100382000000,2048,7,1,hbm_compute
23163952300,CXL,2,READ,0x300400000000,17301504,8,0,cxl_expert_access
23166151600,CXL,2,READ,0x300406000000,17301504,8,3,cxl_expert_access
23172289100,HBM,0,READ,0x100482000000,2048,9,1,hbm_compute
23174670100,DRAM,1,TRANSFER,0x200484000000,4096,9,2,dram_hybrid_act
23177826900,HBM,0,READ,0x100504000000,2048,10,2,hbm_compute
23178722600,DRAM,1,TRANSFER,0x200502000000,4096,10,1,dram_hybrid_act
23181935900,HBM,0,READ,0x100584000000,2048,11,2,hbm_compute
23183883300,CXL,2,READ,0x300586000000,17301504,11,3,cxl_expert_access
23188866800,CXL,2,READ,0x300606000000,17301504,12,3,cxl_expert_access
23189566700,HBM,0,READ,0x100600000000,2048,12,0,hbm_compute
23192552900,HBM,0,READ,0x100680000000,2048,13,0,hbm_compute
23193441200,CXL,2,READ,0x300684000000,17301504,13,2,cxl_expert_access
23196760200,HBM,0,READ,0x100702000000,2048,14,1,hbm_compute
23197127900,HBM,0,READ,0x100700000000,2048,14,0,hbm_compute
23199808900,HBM,0,READ,0x100782000000,2048,15,1,hbm_compute
23201699300,CXL,2,READ,0x300784000000,17301504,15,2,cxl_expert_access
23205650200,HBM,0,READ,0x100802000000,2048,16,1,hbm_compute
23207548300,CXL,2,READ,0x300806000000,17301504,16,3,cxl_expert_access
23210818300,HBM,0,READ,0x100882000000,2048,17,1,hbm_compute
23212716400,CXL,2,READ,0x300884000000,17301504,17,2,cxl_expert_access
23217608900,DRAM,1,TRANSFER,0x200904000000,4096,18,2,dram_hybrid_act
23219423500,DRAM,1,TRANSFER,0x200902000000,4096,18,1,dram_hybrid_act
23224235400,DRAM,1,TRANSFER,0x200986000000,4096,19,3,dram_hybrid_act
23224772500,HBM,0,READ,0x100984000000,2048,19,2,hbm_compute
23228339800,CXL,2,READ,0x300a02000000,17301504,20,1,cxl_expert_access
23230619300,CXL,2,READ,0x300a00000000,17301504,20,0,cxl_expert_access
23235996600,CXL,2,READ,0x300a82000000,17301504,21,1,cxl_expert_access
23238080400,CXL,2,READ,0x300a80000000,17301504,21,0,cxl_expert_access
23241170700,HBM,0,READ,0x100b04000000,2048,22,2,hbm_compute
23243115200,CXL,2,READ,0x300b00000000,17301504,22,0,cxl_expert_access
23248503800,CXL,2,READ,0x300b82000000,17301504,23,1,cxl_expert_access
23249094200,HBM,0,READ,0x100b84000000,2048,23,2,hbm_compute
23260451300,CXL,2,READ,0x300002000000,17301504,0,1,cxl_expert_access
23261598000,DRAM,1,TRANSFER,0x200004000000,4096,0,2,dram_hybrid_act
23265050200,HBM,0,READ,0x100080000000,2048,1,0,hbm_compute
23266952400,CXL,2,READ,0x300084000000,17301504,1,2,cxl_expert_access
23271673600,CXL,2,READ,0x300104000000,17301504,2,2,cxl_expert_access
23272210600,HBM,0,READ,0x100100000000,2048,2,0,hbm_compute
23276057900,DRAM,1,TRANSFER,0x200180000000,4096,3,0,dram_hybrid_act
23277110700,DRAM,1,TRANSFER,0x200182000000,4096,3,1,dram_hybrid_act
23281756900,DRAM,1,TRANSFER,0x200204000000,4096,4,2,dram_hybrid_act
23282311400,HBM,0,READ,0x100200000000,2048,4,0,hbm_compute
23287104600,DRAM,1,TRANSFER,0x200284000000,4096,5,2,dram_hybrid_act
23288739200,CXL,2,READ,0x300282000000,17301504,5,1,cxl_expert_access
23292274600,CXL,2,READ,0x300300000000,17301504,6,0,cxl_expert_access
23292728400,HBM,0,READ,0x100306000000,2048,6,3,hbm_compute
23295540400,HBM,0,READ,0x100384000000,2048,7,2,hbm_compute
23296401600,CXL,2,READ,0x300380000000,17301504,7,0,cxl_expert_access
23299574000,HBM,0,READ,0x100402000000,2048,8,1,hbm_compute
23301310100,CXL,2,READ,0x300400000000,17301504,8,0,cxl_expert_access
23306369100,CXL,2,READ,0x300486000000,17301504,9,3,cxl_expert_access
23306894400,HBM,0,READ,0x100482000000,2048,9,1,hbm_compute
23309767100,HBM,0,READ,0x100504000000,2048,10,2,hbm_compute
23310962100,DRAM,1,TRANSFER,0x200502000000,4096,10,1,dram_hybrid_act
23315673800,CXL,2,READ,0x300580000000,17301504,11,0,cxl_expert_access
23316245300,HBM,0,READ,0x100584000000,2048,11,2,hbm_compute
23320665600,CXL,2,READ,0x300606000000,17301504,12,3,cxl_expert_access
23322423500,CXL,2,READ,0x300604000000,17301504,12,2,cxl_expert_access
23326051700,CXL,2,READ,0x300684000000,17301504,13,2,cxl_expert_access
23326484800,HBM,0,READ,0x100680000000,2048,13,0,hbm_compute
23329529100,HBM,0,READ,0x100700000000,2048,14,0,hbm_compute
23331453400,DRAM,1,TRANSFER,0x200706000000,4096,14,3,dram_hybrid_act
23336187500,CXL,2,READ,0x300784000000,17301504,15,2,cxl_expert_access
23336721700,HBM,0,READ,0x100782000000,2048,15,1,hbm_compute
23341200500,CXL,2,READ,0x300806000000,17301504,16,3,cxl_expert_access
23342251700,CXL,2,READ,0x300804000000,17301504,16,2,cxl_expert_access
23345660100,HBM,0,READ,0x100882000000,2048,17,1,hbm_compute
23347431400,DRAM,1,TRANSFER,0x200880000000,4096,17,0,dram_hybrid_act
23351589800,DRAM,1,TRANSFER,0x200902000000,4096,18,1,dram_hybrid_act
23352742900,DRAM,1,TRANSFER,0x200906000000,4096,18,3,dram_hybrid_act
23356787600,DRAM,1,TRANSFER,0x200986000000,4096,19,3,dram_hybrid_act
23357897300,CXL,2,READ,0x300982000000,17301504,19,1,cxl_expert_access
23361699200,DRAM,1,TRANSFER,0x200a06000000,4096,20,3,dram_hybrid_act
23362385100,HBM,0,READ,0x100a04000000,2048,20,2,hbm_compute
23365339400,HBM,0,READ,0x100a86000000,2048,21,3,hbm_compute
23367030000,CXL,2,READ,0x300a82000000,17301504,21,1,cxl_expert_access
23373847200,CXL,2,READ,0x300b00000000,17301504,22,0,cxl_expert_access
23374530300,HBM,0,READ,0x100b06000000,2048,22,3,hbm_compute
23379130200,HBM,0,READ,0x100b86000000,2048,23,3,hbm_compute
23379478800,HBM,0,READ,0x100b84000000,2048,23,2,hbm_compute
23388591900,DRAM,1,TRANSFER,0x200004000000,4096,0,2,dram_hybrid_act
23389131100,HBM,0,READ,0x100006000000,2048,0,3,hbm_compute
23391698400,HBM,0,READ,0x100080000000,2048,1,0,hbm_compute
23392715000,CXL,2,READ,0x300086000000,17301504,1,3,cxl_expert_access
23397389900,DRAM,1,TRANSFER,0x200102000000,4096,2,1,dram_hybrid_act
23399282800,DRAM,1,TRANSFER,0x200106000000,4096,2,3,dram_hybrid_act
23402605500,HBM,0,READ,0x100186000000,2048,3,3,hbm_compute
23404456100,DRAM,1,TRANSFER,0x200182000000,4096,3,1,dram_hybrid_act
23407517500,HBM,0,READ,0x100200000000,2048,4,0,hbm_compute
23408606700,DRAM,1,TRANSFER,0x200204000000,4096,4,2,dram_hybrid_act
23411988900,DRAM,1,TRANSFER,0x200284000000,4096,5,2,dram_hybrid_act
23414065600,CXL,2,READ,0x300280000000,17301504,5,0,cxl_expert_access
23419311900,DRAM,1,TRANSFER,0x200302000000,4096,6,1,dram_hybrid_act
23421110900,CXL,2,READ,0x300300000000,17301504,6,0,cxl_expert_access
23424856000,HBM,0,READ,0x100382000000,2048,7,1,hbm_compute
23425200300,HBM,0,READ,0x100384000000,2048,7,2,hbm_compute
23428528700,CXL,2,READ,0x300400000000,17301504,8,0,cxl_expert_access
23429034100,HBM,0,READ,0x100402000000,2048,8,1,hbm_compute
23433445000,CXL,2,READ,0x300486000000,17301504,9,3,cxl_expert_access
23434007100,HBM,0,READ,0x100482000000,2048,9,1,hbm_compute
23436991100,HBM,0,READ,0x100504000000,2048,10,2,hbm_compute
23439019900,DRAM,1,TRANSFER,0x200502000000,4096,10,1,dram_hybrid_act
23442114000,HBM,0,READ,0x100584000000,2048,11,2,hbm_compute
23443067500,CXL,2,READ,0x300586000000,17301504,11,3,cxl_expert_access
23447478800,CXL,2,READ,0x300606000000,17301504,12,3,cxl_expert_access
23448039400,HBM,0,READ,0x100600000000,2048,12,0,hbm_compute
23452458100,CXL,2,READ,0x300684000000,17301504,13,2,cxl_expert_access
23453046500,HBM,0,READ,0x100680000000,2048,13,0,hbm_compute
23458027500,DRAM,1,TRANSFER,0x200706000000,4096,14,3,dram_hybrid_act
23459028100,CXL,2,READ,0x300704000000,17301504,14,2,cxl_expert_access
23462285300,HBM,0,READ,0x100782000000,2048,15,1,hbm_compute
23464122600,CXL,2,READ,0x300784000000,17301504,15,2,cxl_expert_access
23468750100,CXL,2,READ,0x300806000000,17301504,16,3,cxl_expert_access
23471077400,CXL,2,READ,0x300804000000,17301504,16,2,cxl_expert_access
23474739400,HBM,0,READ,0x100882000000,2048,17,1,hbm_compute
23476580900,DRAM,1,TRANSFER,0x200880000000,4096,17,0,dram_hybrid_act
23481233200,DRAM,1,TRANSFER,0x200902000000,4096,18,1,dram_hybrid_act
23483025700,DRAM,1,TRANSFER,0x200900000000,4096,18,0,dram_hybrid_act
23487817000,CXL,2,READ,0x300982000000,17301504,19,1,cxl_expert_access
23488284700,HBM,0,READ,0x100984000000,2048,19,2,hbm_compute
23491794500,DRAM,1,TRANSFER,0x200a06000000,4096,20,3,dram_hybrid_act
23493092500,CXL,2,READ,0x300a00000000,17301504,20,0,cxl_expert_access
23497552700,CXL,2,READ,0x300a82000000,17301504,21,1,cxl_expert_access
23499016500,CXL,2,READ,0x300a80000000,17301504,21,0,cxl_expert_access
23503669700,CXL,2,READ,0x300b00000000,17301504,22,0,cxl_expert_access
23504235400,HBM,0,READ,0x100b06000000,2048,22,3,hbm_compute
23507268100,HBM,0,READ,0x100b86000000,2048,23,3,hbm_compute
23508656800,CXL,2,READ,0x300b82000000,17301504,23,1,cxl_expert_access
23518912200,DRAM,1,TRANSFER,0x200004000000,4096,0,2,dram_hybrid_act
23520680000,CXL,2,READ,0x300002000000,17301504,0,1,cxl_expert_access
23525317000,CXL,2,READ,0x300084000000,17301504,1,2,cxl_expert_access
23525903600,HBM,0,READ,0x100082000000,2048,1,1,hbm_compute
23529258000,DRAM,1,TRANSFER,0x200106000000,4096,2,3,dram_hybrid_act
23530776000,DRAM,1,TRANSFER,0x200102000000,4096,2,1,dram_hybrid_act
23536144500,DRAM,1,TRANSFER,0x200182000000,4096,3,1,dram_hybrid_act
23537888100,CXL,2,READ,0x300184000000,17301504,3,2,cxl_expert_access
23542291800,CXL,2,READ,0x300202000000,17301504,4,1,cxl_expert_access
23543256300,DRAM,1,TRANSFER,0x200206000000,4096,4,3,dram_hybrid_act
23548262800,CXL,2,READ,0x300282000000,17301504,5,1,cxl_expert_access
23548824700,HBM,0,READ,0x100286000000,2048,5,3,hbm_compute
23553428500,DRAM,1,TRANSFER,0x200302000000,4096,6,1,dram_hybrid_act
23555329700,CXL,2,READ,0x300300000000,17301504,6,0,cxl_expert_access
23558735800,HBM,0,READ,0x100382000000,2048,7,1,hbm_compute
23559640200,CXL,2,READ,0x300380000000,17301504,7,0,cxl_expert_access
23565038700,CXL,2,READ,0x300400000000,17301504,8,0,cxl_expert_access
23567092900,CXL,2,READ,0x300406000000,17301504,8,3,cxl_expert_access
23570199700,HBM,0,READ,0x100482000000,2048,9,1,hbm_compute
23571911100,CXL,2,READ,0x300486000000,17301504,9,3,cxl_expert_access
23574884600,HBM,0,READ,0x100504000000,2048,10,2,hbm_compute
23575773000,CXL,2,READ,0x300506000000,17301504,10,3,cxl_expert_access
23578681700,HBM,0,READ,0x100584000000,2048,11,2,hbm_compute
23580643700,CXL,2,READ,0x300586000000,17301504,11,3,cxl_expert_access
23585132600,CXL,2,READ,0x300606000000,17301504,12,3,cxl_expert_access
23585608100,HBM,0,READ,0x100600000000,2048,12,0,hbm_compute
23588077500,HBM,0,READ,0x100680000000,2048,13,0,hbm_compute
23589636500,CXL,2,READ,0x300684000000,17301504,13,2,cxl_expert_access
23592154300,HBM,0,READ,0x100700000000,2048,14,0,hbm_compute
23593069400,DRAM,1,TRANSFER,0x200706000000,4096,14,3,dram_hybrid_act
23596409600,HBM,0,READ,0x100782000000,2048,15,1,hbm_compute
23598138800,CXL,2,READ,0x300784000000,17301504,15,2,cxl_expert_access
23601269500,HBM,0,READ,0x100802000000,2048,16,1,hbm_compute
23603171500,CXL,2,READ,0x300806000000,17301504,16,3,cxl_expert_access
23606268300,HBM,0,READ,0x100882000000,2048,17,1,hbm_compute
23606653800,HBM,0,READ,0x100886000000,2048,17,3,hbm_compute
23611287500,DRAM,1,TRANSFER,0x200902000000,4096,18,1,dram_hybrid_act
23613225200,DRAM,1,TRANSFER,0x200904000000,4096,18,2,dram_hybrid_act
23616686500,HBM,0,READ,0x100984000000,2048,19,2,hbm_compute
23618425000,CXL,2,READ,0x300982000000,17301504,19,1,cxl_expert_access
23622908400,CXL,2,READ,0x300a00000000,17301504,20,0,cxl_expert_access
23624040800,CXL,2,READ,0x300a02000000,17301504,20,1,cxl_expert_access
23627892300,CXL,2,READ,0x300a82000000,17301504,21,1,cxl_expert_access
23628876500,CXL,2,READ,0x300a80000000,17301504,21,0,cxl_expert_access
23631944100,HBM,0,READ,0x100b04000000,2048,22,2,hbm_compute
23633661600,CXL,2,READ,0x300b00000000,17301504,22,0,cxl_expert_access
23636665700,HBM,0,READ,0x100b86000000,2048,23,3,hbm_compute
23638372200,CXL,2,READ,0x300b80000000,17301504,23,0,cxl_expert_access
23648099800,HBM,0,READ,0x100006000000,2048,0,3,hbm_compute
23650048600,CXL,2,READ,0x300002000000,17301504,0,1,cxl_expert_access
23653016400,HBM,0,READ,0x100082000000,2048,1,1,hbm_compute
23653343900,HBM,0,READ,0x100080000000,2048,1,0,hbm_compute
23657195900,DRAM,1,TRANSFER,0x200106000000,4096,2,3,dram_hybrid_act
23658181500,CXL,2,READ,0x300104000000,17301504,2,2,cxl_expert_access
23661407000,DRAM,1,TRANSFER,0x200180000000,4096,3,0,dram_hybrid_act
23663231200,DRAM,1,TRANSFER,0x200182000000,4096,3,1,dram_hybrid_act
23667545700,DRAM,1,TRANSFER,0x200204000000,4096,4,2,dram_hybrid_act
23668084800,HBM,0,READ,0x100200000000,2048,4,0,hbm_compute
23672092100,DRAM,1,TRANSFER,0x200284000000,4096,5,2,dram_hybrid_act
23673363400,CXL,2,READ,0x300280000000,17301504,5,0,cxl_expert_access
23676307200,HBM,0,READ,0x100306000000,2048,6,3,hbm_compute
23677216800,CXL,2,READ,0x300300000000,17301504,6,0,cxl_expert_access
23680233600,HBM,0,READ,0x100382000000,2048,7,1,hbm_compute
23681908300,CXL,2,READ,0x300380000000,17301504,7,0,cxl_expert_access
23684834300,HBM,0,READ,0x100402000000,2048,8,1,hbm_compute
23686464600,CXL,2,READ,0x300400000000,17301504,8,0,cxl_expert_access
23690281200,HBM,0,READ,0x100482000000,2048,9,1,hbm_compute
23691238300,CXL,2,READ,0x300486000000,17301504,9,3,cxl_expert_access
23695141200,DRAM,1,TRANSFER,0x200502000000,4096,10,1,dram_hybrid_act
23695794800,HBM,0,READ,0x100504000000,2048,10,2,hbm_compute
23698708300,HBM,0,READ,0x100584000000,2048,11,2,hbm_compute
23700355700,CXL,2,READ,0x300580000000,17301504,11,0,cxl_expert_access
23703804300,HBM,0,READ,0x100600000000,2048,12,0,hbm_compute
23706091400,CXL,2,READ,0x300604000000,17301504,12,2,cxl_expert_access
23711609700,CXL,2,READ,0x300684000000,17301504,13,2,cxl_expert_access
23712124300,HBM,0,READ,0x100680000000,2048,13,0,hbm_compute
23715246700,HBM,0,READ,0x100700000000,2048,14,0,hbm_compute
23717069900,DRAM,1,TRANSFER,0x200706000000,4096,14,3,dram_hybrid_act
23721192700,HBM,0,READ,0x100782000000,2048,15,1,hbm_compute
23721607300,HBM,0,READ,0x100780000000,2048,15,0,hbm_compute
23724982500,CXL,2,READ,0x300806000000,17301504,16,3,cxl_expert_access
23725422000,HBM,0,READ,0x100802000000,2048,16,1,hbm_compute
23728218100,HBM,0,READ,0x100886000000,2048,17,3,hbm_compute
23728583500,HBM,0,READ,0x100882000000,2048,17,1,hbm_compute
23732636900,DRAM,1,TRANSFER,0x200902000000,4096,18,1,dram_hybrid_act
23734818100,DRAM,1,TRANSFER,0x200900000000,4096,18,0,dram_hybrid_act
23737759500,HBM,0,READ,0x100984000000,2048,19,2,hbm_compute
23739449900,DRAM,1,TRANSFER,0x200980000000,4096,19,0,dram_hybrid_act
23742094700,HBM,0,READ,0x100a04000000,2048,20,2,hbm_compute
23743832500,CXL,2,READ,0x300a00000000,17301504,20,0,cxl_expert_access
23748458400,CXL,2,READ,0x300a82000000,17301504,21,1,cxl_expert_access
23749233300,HBM,0,READ,0x100a86000000,2048,21,3,hbm_compute
23752317600,HBM,0,READ,0x100b06000000,2048,22,3,hbm_compute
23752677400,HBM,0,READ,0x100b04000000,2048,22,2,hbm_compute
23756761500,CXL,2,READ,0x300b82000000,17301504,23,1,cxl_expert_access
23758628400,CXL,2,READ,0x300b80000000,17301504,23,0,cxl_expert_access
23769406900,CXL,2,READ,0x300002000000,17301504,0,1,cxl_expert_access
23771309300,DRAM,1,TRANSFER,0x200000000000,4096,0,0,dram_hybrid_act
23776228200,CXL,2,READ,0x300084000000,17301504,1,2,cxl_expert_access
23776770700,HBM,0,READ,0x100080000000,2048,1,0,hbm_compute
23780078900,HBM,0,READ,0x100100000000,2048,2,0,hbm_compute
23781871000,DRAM,1,TRANSFER,0x200106000000,4096,2,3,dram_hybrid_act
23786484800,DRAM,1,TRANSFER,0x200182000000,4096,3,1,dram_hybrid_act
23788150700,DRAM,1,TRANSFER,0x200180000000,4096,3,0,dram_hybrid_act
23791811600,CXL,2,READ,0x300202000000,17301504,4,1,cxl_expert_access
23792338200,HBM,0,READ,0x100200000000,2048,4,0,hbm_compute
23796785900,CXL,2,READ,0x300280000000,17301504,5,0,cxl_expert_access
23797330500,HBM,0,READ,0x100286000000,2048,5,3,hbm_compute
23801627600,DRAM,1,TRANSFER,0x200302000000,4096,6,1,dram_hybrid_act
23803489100,CXL,2,READ,0x300300000000,17301504,6,0,cxl_expert_access
23807718100,HBM,0,READ,0x100384000000,2048,7,2,hbm_compute
23808307200,HBM,0,READ,0x100382000000,2048,7,1,hbm_compute
23813997100,CXL,2,READ,0x300400000000,17301504,8,0,cxl_expert_access
23815837400,CXL,2,READ,0x300406000000,17301504,8,3,cxl_expert_access
23819988900,HBM,0,READ,0x100482000000,2048,9,1,hbm_compute
23821763900,CXL,2,READ,0x300486000000,17301504,9,3,cxl_expert_access
23825653600,HBM,0,READ,0x100504000000,2048,10,2,hbm_compute
23826642100,DRAM,1,TRANSFER,0x200502000000,4096,10,1,dram_hybrid_act
23829946200,HBM,0,READ,0x100584000000,2048,11,2,hbm_compute
23831645200,CXL,2,READ,0x300586000000,17301504,11,3,cxl_expert_access
23836400900,CXL,2,READ,0x300606000000,17301504,12,3,cxl_expert_access
23836899800,HBM,0,READ,0x100600000000,2048,12,0,hbm_compute
23840778000,CXL,2,READ,0x300684000000,17301504,13,2,cxl_expert_access
23842024500,CXL,2,READ,0x300686000000,17301504,13,3,cxl_expert_access
23845061200,HBM,0,READ,0x100700000000,2048,14,0,hbm_compute
23846774400,CXL,2,READ,0x300704000000,17301504,14,2,cxl_expert_access
23849727000,HBM,0,READ,0x100780000000,2048,15,0,hbm_compute
23850093500,HBM,0,READ,0x100782000000,2048,15,1,hbm_compute
23852288700,HBM,0,READ,0x100802000000,2048,16,1,hbm_compute
23854093400,CXL,2,READ,0x300806000000,17301504,16,3,cxl_expert_access
23858110700,DRAM,1,TRANSFER,0x200880000000,4096,17,0,dram_hybrid_act
23858578600,HBM,0,READ,0x100886000000,2048,17,3,hbm_compute
23863015400,DRAM,1,TRANSFER,0x200900000000,4096,18,0,dram_hybrid_act
23864937300,DRAM,1,TRANSFER,0x200906000000,4096,18,3,dram_hybrid_act
23869352200,CXL,2,READ,0x300982000000,17301504,19,1,cxl_expert_access
23870822200,DRAM,1,TRANSFER,0x200980000000,4096,19,0,dram_hybrid_act
23874831900,DRAM,1,TRANSFER,0x200a06000000,4096,20,3,dram_hybrid_act
23875997200,CXL,2,READ,0x300a02000000,17301504,20,1,cxl_expert_access
23879310600,HBM,0,READ,0x100a86000000,2048,21,3,hbm_compute
23881054900,CXL,2,READ,0x300a82000000,17301504,21,1,cxl_expert_access
23884177300,HBM,0,READ,0x100b04000000,2048,22,2,hbm_compute
23885873400,CXL,2,READ,0x300b02000000,17301504,22,1,cxl_expert_access
23889051400,HBM,0,READ,0x100b86000000,2048,23,3,hbm_compute
23890760700,CXL,2,READ,0x300b82000000,17301504,23,1,cxl_expert_access
23900989600,CXL,2,READ,0x300002000000,17301504,0,1,cxl_expert_access
23902806500,DRAM,1,TRANSFER,0x200004000000,4096,0,2,dram_hybrid_act
23906590600,HBM,0,READ,0x100082000000,2048,1,1,hbm_compute
23906951400,HBM,0,READ,0x100080000000,2048,1,0,hbm_compute
23910157500,HBM,0,READ,0x100100000000,2048,2,0,hbm_compute
23911175100,DRAM,1,TRANSFER,0x200106000000,4096,2,3,dram_hybrid_act
23916114400,DRAM,1,TRANSFER,0x200182000000,4096,3,1,dram_hybrid_act
23917863000,DRAM,1,TRANSFER,0x200180000000,4096,3,0,dram_hybrid_act
23921588200,CXL,2,READ,0x300202000000,17301504,4,1,cxl_expert_access
23923243500,DRAM,1,TRANSFER,0x200206000000,4096,4,3,dram_hybrid_act
23929097100,DRAM,1,TRANSFER,0x200284000000,4096,5,2,dram_hybrid_act
23929836400,HBM,0,READ,0x100286000000,2048,5,3,hbm_compute
23934533600,DRAM,1,TRANSFER,0x200304000000,4096,6,2,dram_hybrid_act
23935855900,DRAM,1,TRANSFER,0x200302000000,4096,6,1,dram_hybrid_act
23942111500,CXL,2,READ,0x300380000000,17301504,7,0,cxl_expert_access
23942801300,HBM,0,READ,0x100384000000,2048,7,2,hbm_compute
23947644700,CXL,2,READ,0x300400000000,17301504,8,0,cxl_expert_access
23949355500,CXL,2,READ,0x300406000000,17301504,8,3,cxl_expert_access
23953084700,HBM,0,READ,0x100482000000,2048,9,1,hbm_compute
23954891900,DRAM,1,TRANSFER,0x200484000000,4096,9,2,dram_hybrid_act
23957988300,HBM,0,READ,0x100504000000,2048,10,2,hbm_compute
23958914100,DRAM,1,TRANSFER,0x200500000000,4096,10,0,dram_hybrid_act
23962500700,CXL,2,READ,0x300586000000,17301504,11,3,cxl_expert_access
23963004200,HBM,0,READ,0x100584000000,2048,11,2,hbm_compute
23966038600,HBM,0,READ,0x100600000000,2048,12,0,hbm_compute
23968704000,CXL,2,READ,0x300606000000,17301504,12,3,cxl_expert_access
23973435600,CXL,2,READ,0x300684000000,17301504,13,2,cxl_expert_access
23975192000,CXL,2,READ,0x300686000000,17301504,13,3,cxl_expert_access
23978728000,HBM,0,READ,0x100702000000,2048,14,1,hbm_compute
23979621100,DRAM,1,TRANSFER,0x200706000000,4096,14,3,dram_hybrid_act
23984902900,CXL,2,READ,0x300784000000,17301504,15,2,cxl_expert_access
23985502200,HBM,0,READ,0x100780000000,2048,15,0,hbm_compute
23988456600,HBM,0,READ,0x100802000000,2048,16,1,hbm_compute
23990194800,CXL,2,READ,0x300804000000,17301504,16,2,cxl_expert_access
23994093500,DRAM,1,TRANSFER,0x200880000000,4096,17,0,dram_hybrid_act
23995154300,CXL,2,READ,0x300884000000,17301504,17,2,cxl_expert_access
24000205700,DRAM,1,TRANSFER,0x200902000000,4096,18,1,dram_hybrid_act
24002055000,DRAM,1,TRANSFER,0x200906000000,4096,18,3,dram_hybrid_act
24006790600,DRAM,1,TRANSFER,0x200980000000,4096,19,0,dram_hybrid_act
24007299900,HBM,0,READ,0x100984000000,2048,19,2,hbm_compute
24011968100,CXL,2,READ,0x300a02000000,17301504,20,1,cxl_expert_access
24014258000,CXL,2,READ,0x300a00000000,17301504,20,0,cxl_expert_access
24017961100,CXL,2,READ,0x300a82000000,17301504,21,1,cxl_expert_access
24018502000,HBM,0,READ,0x100a86000000,2048,21,3,hbm_compute
24021374300,HBM,0,READ,0x100b04000000,2048,22,2,hbm_compute
24023294200,CXL,2,READ,0x300b00000000,17301504,22,0,cxl_expert_access
24027217600,CXL,2,READ,0x300b82000000,17301504,23,1,cxl_expert_access
24027722800,HBM,0,READ,0x100b84000000,2048,23,2,hbm_compute
24037597600,CXL,2,READ,0x300002000000,17301504,0,1,cxl_expert_access
24038145500,HBM,0,READ,0x100006000000,2048,0,3,hbm_compute
24041801600,CXL,2,READ,0x300086000000,17301504,1,3,cxl_expert_access
24042258100,HBM,0,READ,0x100082000000,2048,1,1,hbm_compute
24046325100,CXL,2,READ,0x300104000000,17301504,2,2,cxl_expert_access
24046807500,HBM,0,READ,0x100100000000,2048,2,0,hbm_compute
24050702700,DRAM,1,TRANSFER,0x200182000000,4096,3,1,dram_hybrid_act
24052403200,DRAM,1,TRANSFER,0x200180000000,4096,3,0,dram_hybrid_act
24056751700,DRAM,1,TRANSFER,0x200206000000,4096,4,3,dram_hybrid_act
24058174400,CXL,2,READ,0x300202000000,17301504,4,1,cxl_expert_access
24061723100,HBM,0,READ,0x100286000000,2048,5,3,hbm_compute
24062993700,CXL,2,READ,0x300282000000,17301504,5,1,cxl_expert_access
24067755500,CXL,2,READ,0x300300000000,17301504,6,0,cxl_expert_access
24069474500,DRAM,1,TRANSFER,0x200302000000,4096,6,1,dram_hybrid_act
24074242100,CXL,2,READ,0x300380000000,17301504,7,0,cxl_expert_access
24075496800,CXL,2,READ,0x300386000000,17301504,7,3,cxl_expert_access
24079228900,CXL,2,READ,0x300400000000,17301504,8,0,cxl_expert_access
24079786900,HBM,0,READ,0x100404000000,2048,8,2,hbm_compute
24085319400,HBM,0,READ,0x100482000000,2048,9,1,hbm_compute
24087300000,CXL,2,READ,0x300486000000,17301504,9,3,cxl_expert_access
24091942700,HBM,0,READ,0x100504000000,2048,10,2,hbm_compute
24092831300,DRAM,1,TRANSFER,0x200500000000,4096,10,0,dram_hybrid_act
24097582400,CXL,2,READ,0x300586000000,17301504,11,3,cxl_expert_access
24098174900,HBM,0,READ,0x100584000000,2048,11,2,hbm_compute
24102591300,CXL,2,READ,0x300606000000,17301504,12,3,cxl_expert_access
24103134900,HBM,0,READ,0x100602000000,2048,12,1,hbm_compute
24107594500,CXL,2,READ,0x300684000000,17301504,13,2,cxl_expert_access
24108824700,CXL,2,READ,0x300686000000,17301504,13,3,cxl_expert_access
24112209300,HBM,0,READ,0x100700000000,2048,14,0,hbm_compute
24112578500,HBM,0,READ,0x100702000000,2048,14,1,hbm_compute
24115267800,HBM,0,READ,0x100780000000,2048,15,0,hbm_compute
24117030500,CXL,2,READ,0x300784000000,17301504,15,2,cxl_expert_access
24120065900,HBM,0,READ,0x100802000000,2048,16,1,hbm_compute
24122147100,CXL,2,READ,0x300804000000,17301504,16,2,cxl_expert_access
24126006000,CXL,2,READ,0x300884000000,17301504,17,2,cxl_expert_access
24127014400,DRAM,1,TRANSFER,0x200880000000,4096,17,0,dram_hybrid_act
24131667300,DRAM,1,TRANSFER,0x200904000000,4096,18,2,dram_hybrid_act
24133687300,DRAM,1,TRANSFER,0x200902000000,4096,18,1,dram_hybrid_act
24138780700,DRAM,1,TRANSFER,0x200980000000,4096,19,0,dram_hybrid_act
24140612600,DRAM,1,TRANSFER,0x200986000000,4096,19,3,dram_hybrid_act
24144524000,CXL,2,READ,0x300a00000000,17301504,20,0,cxl_expert_access
24145701800,CXL,2,READ,0x300a02000000,17301504,20,1,cxl_expert_access
24149265300,HBM,0,READ,0x100a86000000,2048,21,3,hbm_compute
24151074200,CXL,2,READ,0x300a80000000,17301504,21,0,cxl_expert_access
24156496400,CXL,2,READ,0x300b00000000,17301504,22,0,cxl_expert_access
24157063000,HBM,0,READ,0x100b04000000,2048,22,2,hbm_compute
24160138000,HBM,0,READ,0x100b86000000,2048,23,3,hbm_compute
24160547400,HBM,0,READ,0x100b84000000,2048,23,2,hbm_compute
24169350600,HBM,0,READ,0x100006000000,2048,0,3,hbm_compute
24171084300,DRAM,1,TRANSFER,0x200004000000,4096,0,2,dram_hybrid_act
24175705400,CXL,2,READ,0x300084000000,17301504,1,2,cxl_expert_access
24176237500,HBM,0,READ,0x100082000000,2048,1,1,hbm_compute
24180429300,CXL,2,READ,0x300104000000,17301504,2,2,cxl_expert_access
24182243800,DRAM,1,TRANSFER,0x200102000000,4096,2,1,dram_hybrid_act
24187090100,DRAM,1,TRANSFER,0x200182000000,4096,3,1,dram_hybrid_act
24188793300,DRAM,1,TRANSFER,0x200180000000,4096,3,0,dram_hybrid_act
24192016900,DRAM,1,TRANSFER,0x200206000000,4096,4,3,dram_hybrid_act
24192985500,DRAM,1,TRANSFER,0x200204000000,4096,4,2,dram_hybrid_act
24197471100,CXL,2,READ,0x300282000000,17301504,5,1,cxl_expert_access
24199551700,DRAM,1,TRANSFER,0x200284000000,4096,5,2,dram_hybrid_act
24202984400,HBM,0,READ,0x100306000000,2048,6,3,hbm_compute
24204776400,CXL,2,READ,0x300300000000,17301504,6,0,cxl_expert_access
24208477800,CXL,2,READ,0x300380000000,17301504,7,0,cxl_expert_access
24209394300,CXL,2,READ,0x300386000000,17301504,7,3,cxl_expert_access
24214052100,CXL,2,READ,0x300400000000,17301504,8,0,cxl_expert_access
24214971600,HBM,0,READ,0x100402000000,2048,8,1,hbm_compute
24218206400,HBM,0,READ,0x100482000000,2048,9,1,hbm_compute
24219996300,DRAM,1,TRANSFER,0x200484000000,4096,9,2,dram_hybrid_act
24224673700,DRAM,1,TRANSFER,0x200502000000,4096,10,1,dram_hybrid_act
24225156700,HBM,0,READ,0x100504000000,2048,10,2,hbm_compute
24228475500,CXL,2,READ,0x300580000000,17301504,11,0,cxl_expert_access
24229750500,CXL,2,READ,0x300586000000,17301504,11,3,cxl_expert_access
24236832300,CXL,2,READ,0x300604000000,17301504,12,2,cxl_expert_access
24237514900,HBM,0,READ,0x100602000000,2048,12,1,hbm_compute
24243887500,CXL,2,READ,0x300684000000,17301504,13,2,cxl_expert_access
24245953500,CXL,2,READ,0x300686000000,17301504,13,3,cxl_expert_access
24250893700,DRAM,1,TRANSFER,0x200706000000,4096,14,3,dram_hybrid_act
24252732500,CXL,2,READ,0x300704000000,17301504,14,2,cxl_expert_access
24256154800,HBM,0,READ,0x100782000000,2048,15,1,hbm_compute
24256512600,HBM,0,READ,0x100780000000,2048,15,0,hbm_compute
24259099000,HBM,0,READ,0x100802000000,2048,16,1,hbm_compute
24261545300,CXL,2,READ,0x300806000000,17301504,16,3,cxl_expert_access
24266363600,CXL,2,READ,0x300884000000,17301504,17,2,cxl_expert_access
24266902500,HBM,0,READ,0x100882000000,2048,17,1,hbm_compute
24271286800,DRAM,1,TRANSFER,0x200902000000,4096,18,1,dram_hybrid_act
24273219300,DRAM,1,TRANSFER,0x200900000000,4096,18,0,dram_hybrid_act
24277568000,CXL,2,READ,0x300982000000,17301504,19,1,cxl_expert_access
24278537800,DRAM,1,TRANSFER,0x200980000000,4096,19,0,dram_hybrid_act
24283097800,CXL,2,READ,0x300a00000000,17301504,20,0,cxl_expert_access
24285000800,CXL,2,READ,0x300a02000000,17301504,20,1,cxl_expert_access
24288286400,HBM,0,READ,0x100a86000000,2048,21,3,hbm_compute
24290061600,CXL,2,READ,0x300a80000000,17301504,21,0,cxl_expert_access
24293415700,HBM,0,READ,0x100b04000000,2048,22,2,hbm_compute
24294433400,CXL,2,READ,0x300b02000000,17301504,22,1,cxl_expert_access
24299286100,CXL,2,READ,0x300b80000000,17301504,23,0,cxl_expert_access
24299838700,HBM,0,READ,0x100b86000000,2048,23,3,hbm_compute
24899111400,DRAM,1,TRANSFER,0x200004000000,4096,0,2,dram_hybrid_act
24900876100,DRAM,1,TRANSFER,0x200000000000,4096,0,0,dram_hybrid_act
24904544800,HBM,0,READ,0x100082000000,2048,1,1,hbm_compute
24906337200,CXL,2,READ,0x300084000000,17301504,1,2,cxl_expert_access
24909342800,HBM,0,READ,0x100100000000,2048,2,0,hbm_compute
24910290200,DRAM,1,TRANSFER,0x200106000000,4096,2,3,dram_hybrid_act
24914620500,HBM,0,READ,0x100186000000,2048,3,3,hbm_compute
24916397200,DRAM,1,TRANSFER,0x200182000000,4096,3,1,dram_hybrid_act
24920579400,CXL,2,READ,0x300202000000,17301504,4,1,cxl_expert_access
24922276000,DRAM,1,TRANSFER,0x200204000000,4096,4,2,dram_hybrid_act
24925631800,CXL,2,READ,0x300280000000,17301504,5,0,cxl_expert_access
24925996600,HBM,0,READ,0x100286000000,2048,5,3,hbm_compute
24929484400,DRAM,1,TRANSFER,0x200302000000,4096,6,1,dram_hybrid_act
24931756900,DRAM,1,TRANSFER,0x200304000000,4096,6,2,dram_hybrid_act
24937707700,HBM,0,READ,0x100382000000,2048,7,1,hbm_compute
24939688100,CXL,2,READ,0x300380000000,17301504,7,0,cxl_expert_access
24944394900,HBM,0,READ,0x100402000000,2048,8,1,hbm_compute
24945303400,CXL,2,READ,0x300406000000,17301504,8,3,cxl_expert_access
24950346400,CXL,2,READ,0x300486000000,17301504,9,3,cxl_expert_access
24950904600,HBM,0,READ,0x100482000000,2048,9,1,hbm_compute
24953979500,HBM,0,READ,0x100504000000,2048,10,2,hbm_compute
24955955300,DRAM,1,TRANSFER,0x200500000000,4096,10,0,dram_hybrid_act
24959066900,HBM,0,READ,0x100584000000,2048,11,2,hbm_compute
24960073600,CXL,2,READ,0x300586000000,17301504,11,3,cxl_expert_access
24964514400,CXL,2,READ,0x300604000000,17301504,12,2,cxl_expert_access
24965072800,HBM,0,READ,0x100602000000,2048,12,1,hbm_compute
24969410000,CXL,2,READ,0x300686000000,17301504,13,3,cxl_expert_access
24969949900,HBM,0,READ,0x100680000000,2048,13,0,hbm_compute
24972911200,HBM,0,READ,0x100700000000,2048,14,0,hbm_compute
24973267700,HBM,0,READ,0x100702000000,2048,14,1,hbm_compute
24976127200,HBM,0,READ,0x100780000000,2048,15,0,hbm_compute
24976459100,HBM,0,READ,0x100782000000,2048,15,1,hbm_compute
24979143300,HBM,0,READ,0x100800000000,2048,16,0,hbm_compute
24979513100,HBM,0,READ,0x100802000000,2048,16,1,hbm_compute
24982283900,HBM,0,READ,0x100886000000,2048,17,3,hbm_compute
24984114600,DRAM,1,TRANSFER,0x200880000000,4096,17,0,dram_hybrid_act
24988869100,DRAM,1,TRANSFER,0x200900000000,4096,18,0,dram_hybrid_act
24990669900,DRAM,1,TRANSFER,0x200904000000,4096,18,2,dram_hybrid_act
24994099600,HBM,0,READ,0x100984000000,2048,19,2,hbm_compute
24995030800,DRAM,1,TRANSFER,0x200986000000,4096,19,3,dram_hybrid_act
24999563600,CXL,2,READ,0x300a02000000,17301504,20,1,cxl_expert_access
25001358300,CXL,2,READ,0x300a00000000,17301504,20,0,cxl_expert_access
25004884900,HBM,0,READ,0x100a86000000,2048,21,3,hbm_compute
25006639700,CXL,2,READ,0x300a80000000,17301504,21,0,cxl_expert_access
25010961400,CXL,2,READ,0x300b02000000,17301504,22,1,cxl_expert_access
25011404500,HBM,0,READ,0x100b06000000,2048,22,3,hbm_compute
25014286900,HBM,0,READ,0x100b84000000,2048,23,2,hbm_compute
25014682500,HBM,0,READ,0x100b86000000,2048,23,3,hbm_compute
25024413300,CXL,2,READ,0x300002000000,17301504,0,1,cxl_expert_access
25025647300,DRAM,1,TRANSFER,0x200004000000,4096,0,2,dram_hybrid_act
25028639800,HBM,0,READ,0x100082000000,2048,1,1,hbm_compute
25030349300,CXL,2,READ,0x300084000000,17301504,1,2,cxl_expert_access
25034651900,HBM,0,READ,0x100100000000,2048,2,0,hbm_compute
25036715300,CXL,2,READ,0x300104000000,17301504,2,2,cxl_expert_access
25041487400,DRAM,1,TRANSFER,0x200182000000,4096,3,1,dram_hybrid_act
25042419000,CXL,2,READ,0x300184000000,17301504,3,2,cxl_expert_access
25047381200,DRAM,1,TRANSFER,0x200204000000,4096,4,2,dram_hybrid_act
25049253200,CXL,2,READ,0x300202000000,17301504,4,1,cxl_expert_access
25054206700,CXL,2,READ,0x300280000000,17301504,5,0,cxl_expert_access
25055132800,HBM,0,READ,0x100286000000,2048,5,3,hbm_compute
25058852300,DRAM,1,TRANSFER,0x200304000000,4096,6,2,dram_hybrid_act
25059995200,CXL,2,READ,0x300300000000,17301504,6,0,cxl_expert_access
25063325300,HBM,0,READ,0x100382000000,2048,7,1,hbm_compute
25064240700,CXL,2,READ,0x300380000000,17301504,7,0,cxl_expert_access
25067636000,CXL,2,READ,0x300406000000,17301504,8,3,cxl_expert_access
25068584100,CXL,2,READ,0x300400000000,17301504,8,0,cxl_expert_access
25072290800,CXL,2,READ,0x300486000000,17301504,9,3,cxl_expert_access
25073569100,DRAM,1,TRANSFER,0x200480000000,4096,9,0,dram_hybrid_act
25077282300,HBM,0,READ,0x100504000000,2048,10,2,hbm_compute
25079464800,CXL,2,READ,0x300506000000,17301504,10,3,cxl_expert_access
25082976100,HBM,0,READ,0x100582000000,2048,11,1,hbm_compute
25084790400,CXL,2,READ,0x300586000000,17301504,11,3,cxl_expert_access
25089803500,CXL,2,READ,0x300604000000,17301504,12,2,cxl_expert_access
25090358600,HBM,0,READ,0x100602000000,2048,12,1,hbm_compute
25094187700,CXL,2,READ,0x300686000000,17301504,13,3,cxl_expert_access
25094829100,HBM,0,READ,0x100680000000,2048,13,0,hbm_compute
25097928100,HBM,0,READ,0x100700000000,2048,14,0,hbm_compute
25098297800,HBM,0,READ,0x100702000000,2048,14,1,hbm_compute
25101014400,HBM,0,READ,0x100782000000,2048,15,1,hbm_compute
25103030700,CXL,2,READ,0x300784000000,17301504,15,2,cxl_expert_access
25105963100,HBM,0,READ,0x100800000000,2048,16,0,hbm_compute
25106357500,HBM,0,READ,0x100802000000,2048,16,1,hbm_compute
25109153500,DRAM,1,TRANSFER,0x200880000000,4096,17,0,dram_hybrid_act
25109529900,HBM,0,READ,0x100886000000,2048,17,3,hbm_compute
25113379900,DRAM,1,TRANSFER,0x200900000000,4096,18,0,dram_hybrid_act
25115251000,DRAM,1,TRANSFER,0x200904000000,4096,18,2,dram_hybrid_act
25120654400,DRAM,1,TRANSFER,0x200980000000,4096,19,0,dram_hybrid_act
25122649400,CXL,2,READ,0x300982000000,17301504,19,1,cxl_expert_access
25126877600,CXL,2,READ,0x300a02000000,17301504,20,1,cxl_expert_access
25127673100,HBM,0,READ,0x100a04000000,2048,20,2,hbm_compute
25133062300,HBM,0,READ,0x100a86000000,2048,21,3,hbm_compute
25133532800,HBM,0,READ,0x100a84000000,2048,21,2,hbm_compute
25137478900,CXL,2,READ,0x300b02000000,17301504,22,1,cxl_expert_access
25139196400,CXL,2,READ,0x300b00000000,17301504,22,0,cxl_expert_access
25142192400,HBM,0,READ,0x100b84000000,2048,23,2,hbm_compute
25142530800,HBM,0,READ,0x100b86000000,2048,23,3,hbm_compute
25150557900,HBM,0,READ,0x100006000000,2048,0,3,hbm_compute
25152685700,DRAM,1,TRANSFER,0x200004000000,4096,0,2,dram_hybrid_act
25156218800,HBM,0,READ,0x100080000000,2048,1,0,hbm_compute
25156667200,HBM,0,READ,0x100082000000,2048,1,1,hbm_compute
25161395600,DRAM,1,TRANSFER,0x200106000000,4096,2,3,dram_hybrid_act
25162055100,HBM,0,READ,0x100100000000,2048,2,0,hbm_compute
25166980400,DRAM,1,TRANSFER,0x200182000000,4096,3,1,dram_hybrid_act
25167771600,HBM,0,READ,0x100186000000,2048,3,3,hbm_compute
25174404700,DRAM,1,TRANSFER,0x200204000000,4096,4,2,dram_hybrid_act
25176296200,CXL,2,READ,0x300202000000,17301504,4,1,cxl_expert_access
25181152700,CXL,2,READ,0x300280000000,17301504,5,0,cxl_expert_access
25181781100,HBM,0,READ,0x100286000000,2048,5,3,hbm_compute
25186348100,DRAM,1,TRANSFER,0x200302000000,4096,6,1,dram_hybrid_act
25188111300,DRAM,1,TRANSFER,0x200304000000,4096,6,2,dram_hybrid_act
25191430800,HBM,0,READ,0x100382000000,2048,7,1,hbm_compute
25192504700,CXL,2,READ,0x300380000000,17301504,7,0,cxl_expert_access
25197134700,CXL,2,READ,0x300406000000,17301504,8,3,cxl_expert_access
25197772300,HBM,0,READ,0x100404000000,2048,8,2,hbm_compute
25202253500,CXL,2,READ,0x300486000000,17301504,9,3,cxl_expert_access
25204253700,DRAM,1,TRANSFER,0x200480000000,4096,9,0,dram_hybrid_act
25209727900,HBM,0,READ,0x100504000000,2048,10,2,hbm_compute
25211438600,DRAM,1,TRANSFER,0x200502000000,4096,10,1,dram_hybrid_act
25215057900,HBM,0,READ,0x100582000000,2048,11,1,hbm_compute
25215435200,HBM,0,READ,0x100584000000,2048,11,2,hbm_compute
25219478900,CXL,2,READ,0x300604000000,17301504,12,2,cxl_expert_access
25221341400,CXL,2,READ,0x300606000000,17301504,12,3,cxl_expert_access
25225344300,CXL,2,READ,0x300686000000,17301504,13,3,cxl_expert_access
25226693300,CXL,2,READ,0x300684000000,17301504,13,2,cxl_expert_access
25230491500,HBM,0,READ,0x100700000000,2048,14,0,hbm_compute
25230876400,HBM,0,READ,0x100702000000,2048,14,1,hbm_compute
25233596900,HBM,0,READ,0x100780000000,2048,15,0,hbm_compute
25233962400,HBM,0,READ,0x100782000000,2048,15,1,hbm_compute
25236557600,HBM,0,READ,0x100802000000,2048,16,1,hbm_compute
25236912000,HBM,0,READ,0x100800000000,2048,16,0,hbm_compute
25240843800,DRAM,1,TRANSFER,0x200880000000,4096,17,0,dram_hybrid_act
25241850300,CXL,2,READ,0x300884000000,17301504,17,2,cxl_expert_access
25246212700,DRAM,1,TRANSFER,0x200906000000,4096,18,3,dram_hybrid_act
25247979000,DRAM,1,TRANSFER,0x200902000000,4096,18,1,dram_hybrid_act
25253150400,DRAM,1,TRANSFER,0x200986000000,4096,19,3,dram_hybrid_act
25255087600,CXL,2,READ,0x300982000000,17301504,19,1,cxl_expert_access
25259141100,CXL,2,READ,0x300a02000000,17301504,20,1,cxl_expert_access
25260160200,DRAM,1,TRANSFER,0x200a06000000,4096,20,3,dram_hybrid_act
25263639400,HBM,0,READ,0x100a86000000,2048,21,3,hbm_compute
25265420100,CXL,2,READ,0x300a80000000,17301504,21,0,cxl_expert_access
25268629700,HBM,0,READ,0x100b04000000,2048,22,2,hbm_compute
25270451600,CXL,2,READ,0x300b00000000,17301504,22,0,cxl_expert_access
25275453600,CXL,2,READ,0x300b80000000,17301504,23,0,cxl_expert_access
25276096800,HBM,0,READ,0x100b84000000,2048,23,2,hbm_compute
25286432700,CXL,2,READ,0x300002000000,17301504,0,1,cxl_expert_access
25287011800,HBM,0,READ,0x100006000000,2048,0,3,hbm_compute
25290486800,HBM,0,READ,0x100082000000,2048,1,1,hbm_compute
25292360500,CXL,2,READ,0x300084000000,17301504,1,2,cxl_expert_access
25296000100,HBM,0,READ,0x100100000000,2048,2,0,hbm_compute
25297824700,DRAM,1,TRANSFER,0x200102000000,4096,2,1,dram_hybrid_act
25302486700,CXL,2,READ,0x300184000000,17301504,3,2,cxl_expert_access
25304587400,DRAM,1,TRANSFER,0x200180000000,4096,3,0,dram_hybrid_act
25309456300,DRAM,1,TRANSFER,0x200206000000,4096,4,3,dram_hybrid_act
25310431500,DRAM,1,TRANSFER,0x200204000000,4096,4,2,dram_hybrid_act
25313445500,HBM,0,READ,0x100286000000,2048,5,3,hbm_compute
25315288200,CXL,2,READ,0x300280000000,17301504,5,0,cxl_expert_access
25319892800,CXL,2,READ,0x300300000000,17301504,6,0,cxl_expert_access
25321812000,DRAM,1,TRANSFER,0x200304000000,4096,6,2,dram_hybrid_act
25325561700,CXL,2,READ,0x300380000000,17301504,7,0,cxl_expert_access
25326465200,CXL,2,READ,0x300386000000,17301504,7,3,cxl_expert_access
25330178800,HBM,0,READ,0x100404000000,2048,8,2,hbm_compute
25331889100,CXL,2,READ,0x300406000000,17301504,8,3,cxl_expert_access
25337006500,DRAM,1,TRANSFER,0x200484000000,4096,9,2,dram_hybrid_act
25338784900,CXL,2,READ,0x300486000000,17301504,9,3,cxl_expert_access
25342144700,CXL,2,READ,0x300506000000,17301504,10,3,cxl_expert_access
25343106600,DRAM,1,TRANSFER,0x200502000000,4096,10,1,dram_hybrid_act
25346808300,HBM,0,READ,0x100582000000,2048,11,1,hbm_compute
25348699400,CXL,2,READ,0x300580000000,17301504,11,0,cxl_expert_access
25352070000,HBM,0,READ,0x100602000000,2048,12,1,hbm_compute
25354006300,CXL,2,READ,0x300604000000,17301504,12,2,cxl_expert_access
25358000100,CXL,2,READ,0x300684000000,17301504,13,2,cxl_expert_access
25358428600,HBM,0,READ,0x100680000000,2048,13,0,hbm_compute
25361799600,DRAM,1,TRANSFER,0x200706000000,4096,14,3,dram_hybrid_act
25362256700,HBM,0,READ,0x100702000000,2048,14,1,hbm_compute
25365279800,HBM,0,READ,0x100782000000,2048,15,1,hbm_compute
25366904800,CXL,2,READ,0x300784000000,17301504,15,2,cxl_expert_access
25370196100,HBM,0,READ,0x100802000000,2048,16,1,hbm_compute
25370688900,HBM,0,READ,0x100800000000,2048,16,0,hbm_compute
25373417900,HBM,0,READ,0x100886000000,2048,17,3,hbm_compute
25374705800,CXL,2,READ,0x300884000000,17301504,17,2,cxl_expert_access
25378195600,DRAM,1,TRANSFER,0x200906000000,4096,18,3,dram_hybrid_act
25379590700,DRAM,1,TRANSFER,0x200900000000,4096,18,0,dram_hybrid_act
25385219500,CXL,2,READ,0x300982000000,17301504,19,1,cxl_expert_access
25387077500,DRAM,1,TRANSFER,0x200980000000,4096,19,0,dram_hybrid_act
25390440900,HBM,0,READ,0x100a04000000,2048,20,2,hbm_compute
25391615900,CXL,2,READ,0x300a00000000,17301504,20,0,cxl_expert_access
25395046400,CXL,2,READ,0x300a80000000,17301504,21,0,cxl_expert_access
25395490400,HBM,0,READ,0x100a84000000,2048,21,2,hbm_compute
25400001900,CXL,2,READ,0x300b02000000,17301504,22,1,cxl_expert_access
25402007200,CXL,2,READ,0x300b00000000,17301504,22,0,cxl_expert_access
25405490800,HBM,0,READ,0x100b86000000,2048,23,3,hbm_compute
25405882300,HBM,0,READ,0x100b84000000,2048,23,2,hbm_compute
25413575700,HBM,0,READ,0x100006000000,2048,0,3,hbm_compute
25415482900,DRAM,1,TRANSFER,0x200000000000,4096,0,0,dram_hybrid_act
25420179100,CXL,2,READ,0x300084000000,17301504,1,2,cxl_expert_access
25420778400,HBM,0,READ,0x100082000000,2048,1,1,hbm_compute
25423916700,HBM,0,READ,0x100100000000,2048,2,0,hbm_compute
25425693200,DRAM,1,TRANSFER,0x200102000000,4096,2,1,dram_hybrid_act
25430668700,DRAM,1,TRANSFER,0x200182000000,4096,3,1,dram_hybrid_act
25432738800,DRAM,1,TRANSFER,0x200180000000,4096,3,0,dram_hybrid_act
25437194100,DRAM,1,TRANSFER,0x200204000000,4096,4,2,dram_hybrid_act
25437725400,HBM,0,READ,0x100200000000,2048,4,0,hbm_compute
25441562100,DRAM,1,TRANSFER,0x200284000000,4096,5,2,dram_hybrid_act
25443559300,CXL,2,READ,0x300282000000,17301504,5,1,cxl_expert_access
25448022000,DRAM,1,TRANSFER,0x200302000000,4096,6,1,dram_hybrid_act
25448655400,HBM,0,READ,0x100306000000,2048,6,3,hbm_compute
25453482700,CXL,2,READ,0x300380000000,17301504,7,0,cxl_expert_access
25455295000,CXL,2,READ,0x300386000000,17301504,7,3,cxl_expert_access
25459054400,HBM,0,READ,0x100404000000,2048,8,2,hbm_compute
25460191100,CXL,2,READ,0x300406000000,17301504,8,3,cxl_expert_access
25464896900,CXL,2,READ,0x300486000000,17301504,9,3,cxl_expert_access
25465455500,HBM,0,READ,0x100482000000,2048,9,1,hbm_compute
25469906700,DRAM,1,TRANSFER,0x200502000000,4096,10,1,dram_hybrid_act
25470454900,HBM,0,READ,0x100504000000,2048,10,2,hbm_compute
25474782500,CXL,2,READ,0x300580000000,17301504,11,0,cxl_expert_access
25475759700,CXL,2,READ,0x300586000000,17301504,11,3,cxl_expert_access
25479641700,CXL,2,READ,0x300606000000,17301504,12,3,cxl_expert_access
25480429500,HBM,0,READ,0x100600000000,2048,12,0,hbm_compute
25486647700,CXL,2,READ,0x300684000000,17301504,13,2,cxl_expert_access
25487389200,HBM,0,READ,0x100680000000,2048,13,0,hbm_compute
25492677100,HBM,0,READ,0x100702000000,2048,14,1,hbm_compute
25493518100,HBM,0,READ,0x100700000000,2048,14,0,hbm_compute
25497988900,CXL,2,READ,0x300784000000,17301504,15,2,cxl_expert_access
25498577500,HBM,0,READ,0x100780000000,2048,15,0,hbm_compute
25503030400,CXL,2,READ,0x300806000000,17301504,16,3,cxl_expert_access
25503560400,HBM,0,READ,0x100802000000,2048,16,1,hbm_compute
25507661700,CXL,2,READ,0x300884000000,17301504,17,2,cxl_expert_access
25508102700,HBM,0,READ,0x100882000000,2048,17,1,hbm_compute
25511485500,DRAM,1,TRANSFER,0x200902000000,4096,18,1,dram_hybrid_act
25512978900,DRAM,1,TRANSFER,0x200906000000,4096,18,3,dram_hybrid_act
25517827500,DRAM,1,TRANSFER,0x200986000000,4096,19,3,dram_hybrid_act
25519571900,CXL,2,READ,0x300982000000,17301504,19,1,cxl_expert_access
25522972000,HBM,0,READ,0x100a04000000,2048,20,2,hbm_compute
25524454600,CXL,2,READ,0x300a00000000,17301504,20,0,cxl_expert_access
25527866300,HBM,0,READ,0x100a86000000,2048,21,3,hbm_compute
25528226500,HBM,0,READ,0x100a84000000,2048,21,2,hbm_compute
25530892000,HBM,0,READ,0x100b04000000,2048,22,2,hbm_compute
25532616200,CXL,2,READ,0x300b00000000,17301504,22,0,cxl_expert_access
25535676600,HBM,0,READ,0x100b86000000,2048,23,3,hbm_compute
25536042700,HBM,0,READ,0x100b84000000,2048,23,2,hbm_compute
25544904100,HBM,0,READ,0x100006000000,2048,0,3,hbm_compute
25546853700,CXL,2,READ,0x300002000000,17301504,0,1,cxl_expert_access
25550309900,HBM,0,READ,0x100082000000,2048,1,1,hbm_compute
25550681300,HBM,0,READ,0x100080000000,2048,1,0,hbm_compute
25554747500,DRAM,1,TRANSFER,0x200106000000,4096,2,3,dram_hybrid_act
25556756700,CXL,2,READ,0x300104000000,17301504,2,2,cxl_expert_access
25562184400,DRAM,1,TRANSFER,0x200180000000,4096,3,0,dram_hybrid_act
25562855000,HBM,0,READ,0x100186000000,2048,3,3,hbm_compute
25567802400,DRAM,1,TRANSFER,0x200204000000,4096,4,2,dram_hybrid_act
25568376700,HBM,0,READ,0x100200000000,2048,4,0,hbm_compute
25573123500,DRAM,1,TRANSFER,0x200284000000,4096,5,2,dram_hybrid_act
25575405100,CXL,2,READ,0x300280000000,17301504,5,0,cxl_expert_access
25579471000,HBM,0,READ,0x100306000000,2048,6,3,hbm_compute
25581343400,CXL,2,READ,0x300300000000,17301504,6,0,cxl_expert_access
25584674200,HBM,0,READ,0x100384000000,2048,7,2,hbm_compute
25585043800,HBM,0,READ,0x100382000000,2048,7,1,hbm_compute
25589430400,CXL,2,READ,0x300400000000,17301504,8,0,cxl_expert_access
25589989900,HBM,0,READ,0x100404000000,2048,8,2,hbm_compute
25593460900,CXL,2,READ,0x300486000000,17301504,9,3,cxl_expert_access
25593943300,HBM,0,READ,0x100482000000,2048,9,1,hbm_compute
25598466700,DRAM,1,TRANSFER,0x200502000000,4096,10,1,dram_hybrid_act
25600266500,CXL,2,READ,0x300506000000,17301504,10,3,cxl_expert_access
25603855000,HBM,0,READ,0x100584000000,2048,11,2,hbm_compute
25605501700,CXL,2,READ,0x300580000000,17301504,11,0,cxl_expert_access
25608013300,HBM,0,READ,0x100600000000,2048,12,0,hbm_compute
25608859700,CXL,2,READ,0x300604000000,17301504,12,2,cxl_expert_access
25612348400,CXL,2,READ,0x300684000000,17301504,13,2,cxl_expert_access
25612808400,HBM,0,READ,0x100680000000,2048,13,0,hbm_compute
25615426600,HBM,0,READ,0x100700000000,2048,14,0,hbm_compute
25615765900,HBM,0,READ,0x100702000000,2048,14,1,hbm_compute
25619639600,CXL,2,READ,0x300784000000,17301504,15,2,cxl_expert_access
25620190000,HBM,0,READ,0x100782000000,2048,15,1,hbm_compute
25624378400,CXL,2,READ,0x300806000000,17301504,16,3,cxl_expert_access
25624909400,HBM,0,READ,0x100802000000,2048,16,1,hbm_compute
25628034100,HBM,0,READ,0x100886000000,2048,17,3,hbm_compute
25628392600,HBM,0,READ,0x100882000000,2048,17,1,hbm_compute
25632207600,DRAM,1,TRANSFER,0x200906000000,4096,18,3,dram_hybrid_act
25634456700,DRAM,1,TRANSFER,0x200902000000,4096,18,1,dram_hybrid_act
25639662100,DRAM,1,TRANSFER,0x200986000000,4096,19,3,dram_hybrid_act
25641007200,DRAM,1,TRANSFER,0x200980000000,4096,19,0,dram_hybrid_act
25644512500,CXL,2,READ,0x300a00000000,17301504,20,0,cxl_expert_access
25645043200,HBM,0,READ,0x100a04000000,2048,20,2,hbm_compute
25648107300,HBM,0,READ,0x100a86000000,2048,21,3,hbm_compute
25648473700,HBM,0,READ,0x100a84000000,2048,21,2,hbm_compute
25651280800,HBM,0,READ,0x100b04000000,2048,22,2,hbm_compute
25653133300,CXL,2,READ,0x300b02000000,17301504,22,1,cxl_expert_access
25657666500,CXL,2,READ,0x300b82000000,17301504,23,1,cxl_expert_access
25658164300,HBM,0,READ,0x100b86000000,2048,23,3,hbm_compute
25667813800,CXL,2,READ,0x300002000000,17301504,0,1,cxl_expert_access
25669532900,DRAM,1,TRANSFER,0x200004000000,4096,0,2,dram_hybrid_act
25672658600,HBM,0,READ,0x100082000000,2048,1,1,hbm_compute
25673035800,HBM,0,READ,0x100080000000,2048,1,0,hbm_compute
25676186700,DRAM,1,TRANSFER,0x200102000000,4096,2,1,dram_hybrid_act
25677511400,DRAM,1,TRANSFER,0x200106000000,4096,2,3,dram_hybrid_act
25682381300,DRAM,1,TRANSFER,0x200180000000,4096,3,0,dram_hybrid_act
25684284400,DRAM,1,TRANSFER,0x200182000000,4096,3,1,dram_hybrid_act
25688766600,DRAM,1,TRANSFER,0x200206000000,4096,4,3,dram_hybrid_act
25689278700,HBM,0,READ,0x100200000000,2048,4,0,hbm_compute
25693336400,DRAM,1,TRANSFER,0x200284000000,4096,5,2,dram_hybrid_act
25694618400,CXL,2,READ,0x300280000000,17301504,5,0,cxl_expert_access
25698056400,HBM,0,READ,0x100306000000,2048,6,3,hbm_compute
25699874100,CXL,2,READ,0x300300000000,17301504,6,0,cxl_expert_access
25704813000,CXL,2,READ,0x300386000000,17301504,7,3,cxl_expert_access
25705451600,HBM,0,READ,0x100384000000,2048,7,2,hbm_compute
25709657300,CXL,2,READ,0x300400000000,17301504,8,0,cxl_expert_access
25710585500,CXL,2,READ,0x300406000000,17301504,8,3,cxl_expert_access
25714161200,HBM,0,READ,0x100482000000,2048,9,1,hbm_compute
25715985500,CXL,2,READ,0x300486000000,17301504,9,3,cxl_expert_access
25720601800,DRAM,1,TRANSFER,0x200502000000,4096,10,1,dram_hybrid_act
25721165800,HBM,0,READ,0x100504000000,2048,10,2,hbm_compute
25724279400,HBM,0,READ,0x100584000000,2048,11,2,hbm_compute
25725328100,CXL,2,READ,0x300580000000,17301504,11,0,cxl_expert_access
25728365300,HBM,0,READ,0x100600000000,2048,12,0,hbm_compute
25728711500,HBM,0,READ,0x100602000000,2048,12,1,hbm_compute
25731474300,HBM,0,READ,0x100680000000,2048,13,0,hbm_compute
25733271500,CXL,2,READ,0x300684000000,17301504,13,2,cxl_expert_access
25736371800,HBM,0,READ,0x100702000000,2048,14,1,hbm_compute
25738217000,CXL,2,READ,0x300704000000,17301504,14,2,cxl_expert_access
25741307000,HBM,0,READ,0x100780000000,2048,15,0,hbm_compute
25742282100,CXL,2,READ,0x300784000000,17301504,15,2,cxl_expert_access
25747365600,CXL,2,READ,0x300806000000,17301504,16,3,cxl_expert_access
25747870400,HBM,0,READ,0x100802000000,2048,16,1,hbm_compute
25751830700,DRAM,1,TRANSFER,0x200880000000,4096,17,0,dram_hybrid_act
25752312000,HBM,0,READ,0x100886000000,2048,17,3,hbm_compute
25756244500,DRAM,1,TRANSFER,0x200902000000,4096,18,1,dram_hybrid_act
25757454700,DRAM,1,TRANSFER,0x200906000000,4096,18,3,dram_hybrid_act
25761361900,DRAM,1,TRANSFER,0x200986000000,4096,19,3,dram_hybrid_act
25763379900,DRAM,1,TRANSFER,0x200980000000,4096,19,0,dram_hybrid_act
25767386700,HBM,0,READ,0x100a04000000,2048,20,2,hbm_compute
25769197500,CXL,2,READ,0x300a02000000,17301504,20,1,cxl_expert_access
25772837700,HBM,0,READ,0x100a84000000,2048,21,2,hbm_compute
25773255100,HBM,0,READ,0x100a86000000,2048,21,3,hbm_compute
25776219700,HBM,0,READ,0x100b04000000,2048,22,2,hbm_compute
25778308200,CXL,2,READ,0x300b00000000,17301504,22,0,cxl_expert_access
25783436600,CXL,2,READ,0x300b80000000,17301504,23,0,cxl_expert_access
25784078900,HBM,0,READ,0x100b86000000,2048,23,3,hbm_compute
25792424000,HBM,0,READ,0x100006000000,2048,0,3,hbm_compute
25794228700,CXL,2,READ,0x300002000000,17301504,0,1,cxl_expert_access
25797490900,HBM,0,READ,0x100082000000,2048,1,1,hbm_compute
25799298700,CXL,2,READ,0x300084000000,17301504,1,2,cxl_expert_access
25804025500,DRAM,1,TRANSFER,0x200102000000,4096,2,1,dram_hybrid_act
25806049300,CXL,2,READ,0x300104000000,17301504,2,2,cxl_expert_access
25810060400,DRAM,1,TRANSFER,0x200180000000,4096,3,0,dram_hybrid_act
25811608000,DRAM,1,TRANSFER,0x200182000000,4096,3,1,dram_hybrid_act
25816698100,DRAM,1,TRANSFER,0x200206000000,4096,4,3,dram_hybrid_act
25818477100,CXL,2,READ,0x300202000000,17301504,4,1,cxl_expert_access
25823574400,CXL,2,READ,0x300280000000,17301504,5,0,cxl_expert_access
25825497000,CXL,2,READ,0x300282000000,17301504,5,1,cxl_expert_access
25828939000,HBM,0,READ,0x100306000000,2048,6,3,hbm_compute
25830764400,CXL,2,READ,0x300300000000,17301504,6,0,cxl_expert_access
25834268400,HBM,0,READ,0x100384000000,2048,7,2,hbm_compute
25836135800,CXL,2,READ,0x300386000000,17301504,7,3,cxl_expert_access
25840589900,CXL,2,READ,0x300400000000,17301504,8,0,cxl_expert_access
25841168200,HBM,0,READ,0x100404000000,2048,8,2,hbm_compute
25844818800,HBM,0,READ,0x100482000000,2048,9,1,hbm_compute
25845754300,DRAM,1,TRANSFER,0x200480000000,4096,9,0,dram_hybrid_act
25850379000,DRAM,1,TRANSFER,0x200502000000,4096,10,1,dram_hybrid_act
25850922900,HBM,0,READ,0x100504000000,2048,10,2,hbm_compute
25854165600,HBM,0,READ,0x100584000000,2048,11,2,hbm_compute
25856084100,CXL,2,READ,0x300580000000,17301504,11,0,cxl_expert_access
25860091600,CXL,2,READ,0x300604000000,17301504,12,2,cxl_expert_access
25860676400,HBM,0,READ,0x100600000000,2048,12,0,hbm_compute
25863736500,HBM,0,READ,0x100680000000,2048,13,0,hbm_compute
25865566200,CXL,2,READ,0x300684000000,17301504,13,2,cxl_expert_access
25869062400,HBM,0,READ,0x100700000000,2048,14,0,hbm_compute
25869428100,HBM,0,READ,0x100702000000,2048,14,1,hbm_compute
25872096700,HBM,0,READ,0x100780000000,2048,15,0,hbm_compute
25873953500,CXL,2,READ,0x300784000000,17301504,15,2,cxl_expert_access
25877704100,CXL,2,READ,0x300806000000,17301504,16,3,cxl_expert_access
25878303000,HBM,0,READ,0x100802000000,2048,16,1,hbm_compute
25883489900,DRAM,1,TRANSFER,0x200880000000,4096,17,0,dram_hybrid_act
25885512800,CXL,2,READ,0x300884000000,17301504,17,2,cxl_expert_access
25890455700,DRAM,1,TRANSFER,0x200906000000,4096,18,3,dram_hybrid_act
25891847800,DRAM,1,TRANSFER,0x200900000000,4096,18,0,dram_hybrid_act
25895981700,DRAM,1,TRANSFER,0x200986000000,4096,19,3,dram_hybrid_act
25899862000,CXL,2,READ,0x300982000000,17301504,19,1,cxl_expert_access
25903508100,HBM,0,READ,0x100a04000000,2048,20,2,hbm_compute
25905223700,DRAM,1,TRANSFER,0x200a06000000,4096,20,3,dram_hybrid_act
25908339100,HBM,0,READ,0x100a84000000,2048,21,2,hbm_compute
25908704500,HBM,0,READ,0x100a86000000,2048,21,3,hbm_compute
25911464800,HBM,0,READ,0x100b04000000,2048,22,2,hbm_compute
25911826100,HBM,0,READ,0x100b06000000,2048,22,3,hbm_compute
25916247600,CXL,2,READ,0x300b82000000,17301504,23,1,cxl_expert_access
25916827100,HBM,0,READ,0x100b86000000,2048,23,3,hbm_compute
25926663800,CXL,2,READ,0x300002000000,17301504,0,1,cxl_expert_access
25927283200,HBM,0,READ,0x100006000000,2048,0,3,hbm_compute
25931884500,CXL,2,READ,0x300086000000,17301504,1,3,cxl_expert_access
25932544800,HBM,0,READ,0x100080000000,2048,1,0,hbm_compute
25935960600,HBM,0,READ,0x100100000000,2048,2,0,hbm_compute
25938264900,DRAM,1,TRANSFER,0x200106000000,4096,2,3,dram_hybrid_act
25942358500,DRAM,1,TRANSFER,0x200182000000,4096,3,1,dram_hybrid_act
25943479700,DRAM,1,TRANSFER,0x200180000000,4096,3,0,dram_hybrid_act
25948553000,DRAM,1,TRANSFER,0x200206000000,4096,4,3,dram_hybrid_act
25949157600,HBM,0,READ,0x100200000000,2048,4,0,hbm_compute
25952191700,HBM,0,READ,0x100286000000,2048,5,3,hbm_compute
25954010200,CXL,2,READ,0x300280000000,17301504,5,0,cxl_expert_access
25958439600,DRAM,1,TRANSFER,0x200304000000,4096,6,2,dram_hybrid_act
25960261300,DRAM,1,TRANSFER,0x200302000000,4096,6,1,dram_hybrid_act
25965755400,CXL,2,READ,0x300380000000,17301504,7,0,cxl_expert_access
25966359200,HBM,0,READ,0x100384000000,2048,7,2,hbm_compute
25970846400,CXL,2,READ,0x300400000000,17301504,8,0,cxl_expert_access
25971411700,HBM,0,READ,0x100404000000,2048,8,2,hbm_compute
25974412000,HBM,0,READ,0x100482000000,2048,9,1,hbm_compute
25975880500,CXL,2,READ,0x300486000000,17301504,9,3,cxl_expert_access
25980790300,DRAM,1,TRANSFER,0x200502000000,4096,10,1,dram_hybrid_act
25982645000,DRAM,1,TRANSFER,0x200500000000,4096,10,0,dram_hybrid_act
25986771600,CXL,2,READ,0x300580000000,17301504,11,0,cxl_expert_access
25987345800,HBM,0,READ,0x100584000000,2048,11,2,hbm_compute
25991455800,CXL,2,READ,0x300606000000,17301504,12,3,cxl_expert_access
25992604500,CXL,2,READ,0x300604000000,17301504,12,2,cxl_expert_access
25997378500,CXL,2,READ,0x300684000000,17301504,13,2,cxl_expert_access
25999263000,CXL,2,READ,0x300686000000,17301504,13,3,cxl_expert_access
26004296700,CXL,2,READ,0x300704000000,17301504,14,2,cxl_expert_access
26004901300,HBM,0,READ,0x100700000000,2048,14,0,hbm_compute
26008819700,CXL,2,READ,0x300784000000,17301504,15,2,cxl_expert_access
26009231100,HBM,0,READ,0x100780000000,2048,15,0,hbm_compute
26012166300,HBM,0,READ,0x100802000000,2048,16,1,hbm_compute
26013743800,CXL,2,READ,0x300806000000,17301504,16,3,cxl_expert_access
26018088000,CXL,2,READ,0x300884000000,17301504,17,2,cxl_expert_access
26019806500,DRAM,1,TRANSFER,0x200880000000,4096,17,0,dram_hybrid_act
26024700600,DRAM,1,TRANSFER,0x200906000000,4096,18,3,dram_hybrid_act
26025628100,DRAM,1,TRANSFER,0x200900000000,4096,18,0,dram_hybrid_act
26029548000,DRAM,1,TRANSFER,0x200986000000,4096,19,3,dram_hybrid_act
26030120900,HBM,0,READ,0x100984000000,2048,19,2,hbm_compute
26033169900,HBM,0,READ,0x100a04000000,2048,20,2,hbm_compute
26034934300,CXL,2,READ,0x300a00000000,17301504,20,0,cxl_expert_access
26038110500,HBM,0,READ,0x100a86000000,2048,21,3,hbm_compute
26040234900,CXL,2,READ,0x300a82000000,17301504,21,1,cxl_expert_access
26043888500,HBM,0,READ,0x100b04000000,2048,22,2,hbm_compute
26044400000,HBM,0,READ,0x100b06000000,2048,22,3,hbm_compute
26047421100,HBM,0,READ,0x100b86000000,2048,23,3,hbm_compute
26047856400,HBM,0,READ,0x100b84000000,2048,23,2,hbm_compute
26057530200,CXL,2,READ,0x300002000000,17301504,0,1,cxl_expert_access
26058863400,DRAM,1,TRANSFER,0x200004000000,4096,0,2,dram_hybrid_act
26062314400,HBM,0,READ,0x100082000000,2048,1,1,hbm_compute
26062769200,HBM,0,READ,0x100080000000,2048,1,0,hbm_compute
26065802600,HBM,0,READ,0x100100000000,2048,2,0,hbm_compute
26067712200,CXL,2,READ,0x300104000000,17301504,2,2,cxl_expert_access
26072647400,DRAM,1,TRANSFER,0x200182000000,4096,3,1,dram_hybrid_act
26074292800,CXL,2,READ,0x300184000000,17301504,3,2,cxl_expert_access
26079266900,DRAM,1,TRANSFER,0x200204000000,4096,4,2,dram_hybrid_act
26080411800,DRAM,1,TRANSFER,0x200206000000,4096,4,3,dram_hybrid_act
26083713800,HBM,0,READ,0x100286000000,2048,5,3,hbm_compute
26085724200,CXL,2,READ,0x300280000000,17301504,5,0,cxl_expert_access
26090270900,DRAM,1,TRANSFER,0x200304000000,4096,6,2,dram_hybrid_act
26090787800,HBM,0,READ,0x100306000000,2048,6,3,hbm_compute
26095561400,CXL,2,READ,0x300380000000,17301504,7,0,cxl_expert_access
26096027200,HBM,0,READ,0x100382000000,2048,7,1,hbm_compute
26100651200,CXL,2,READ,0x300400000000,17301504,8,0,cxl_expert_access
26101262700,HBM,0,READ,0x100404000000,2048,8,2,hbm_compute
26104450700,HBM,0,READ,0x100482000000,2048,9,1,hbm_compute
26106109400,DRAM,1,TRANSFER,0x200480000000,4096,9,0,dram_hybrid_act
26109750800,DRAM,1,TRANSFER,0x200502000000,4096,10,1,dram_hybrid_act
26110197100,HBM,0,READ,0x100504000000,2048,10,2,hbm_compute
26114596700,CXL,2,READ,0x300580000000,17301504,11,0,cxl_expert_access
26115148400,HBM,0,READ,0x100584000000,2048,11,2,hbm_compute
26119960300,CXL,2,READ,0x300606000000,17301504,12,3,cxl_expert_access
26120475000,HBM,0,READ,0x100600000000,2048,12,0,hbm_compute
26124506400,CXL,2,READ,0x300684000000,17301504,13,2,cxl_expert_access
26125534000,CXL,2,READ,0x300686000000,17301504,13,3,cxl_expert_access
26128559700,HBM,0,READ,0x100700000000,2048,14,0,hbm_compute
26130143900,CXL,2,READ,0x300704000000,17301504,14,2,cxl_expert_access
26134401700,HBM,0,READ,0x100780000000,2048,15,0,hbm_compute
26136157800,CXL,2,READ,0x300784000000,17301504,15,2,cxl_expert_access
26140224000,HBM,0,READ,0x100802000000,2048,16,1,hbm_compute
26141498700,CXL,2,READ,0x300806000000,17301504,16,3,cxl_expert_access
26145293100,HBM,0,READ,0x100882000000,2048,17,1,hbm_compute
26147573600,CXL,2,READ,0x300884000000,17301504,17,2,cxl_expert_access
26152780700,DRAM,1,TRANSFER,0x200906000000,4096,18,3,dram_hybrid_act
26154701000,DRAM,1,TRANSFER,0x200900000000,4096,18,0,dram_hybrid_act
26159680500,DRAM,1,TRANSFER,0x200986000000,4096,19,3,dram_hybrid_act
26160399900,HBM,0,READ,0x100984000000,2048,19,2,hbm_compute
26165785600,CXL,2,READ,0x300a00000000,17301504,20,0,cxl_expert_access
26166311700,HBM,0,READ,0x100a04000000,2048,20,2,hbm_compute
26169085000,HBM,0,READ,0x100a86000000,2048,21,3,hbm_compute
26170847900,CXL,2,READ,0x300a80000000,17301504,21,0,cxl_expert_access
26174188700,HBM,0,READ,0x100b04000000,2048,22,2,hbm_compute
26176006600,CXL,2,READ,0x300b00000000,17301504,22,0,cxl_expert_access
26180771600,CXL,2,READ,0x300b80000000,17301504,23,0,cxl_expert_access
26181335700,HBM,0,READ,0x100b86000000,2048,23,3,hbm_compute
26189138600,HBM,0,READ,0x100006000000,2048,0,3,hbm_compute
26190898400,DRAM,1,TRANSFER,0x200004000000,4096,0,2,dram_hybrid_act
26194013300,HBM,0,READ,0x100082000000,2048,1,1,hbm_compute
26195001500,CXL,2,READ,0x300084000000,17301504,1,2,cxl_expert_access
26200000600,CXL,2,READ,0x300104000000,17301504,2,2,cxl_expert_access
26201830300,DRAM,1,TRANSFER,0x200102000000,4096,2,1,dram_hybrid_act
26206847200,DRAM,1,TRANSFER,0x200182000000,4096,3,1,dram_hybrid_act
26207976000,DRAM,1,TRANSFER,0x200180000000,4096,3,0,dram_hybrid_act
26211617400,DRAM,1,TRANSFER,0x200206000000,4096,4,3,dram_hybrid_act
26213503500,CXL,2,READ,0x300202000000,17301504,4,1,cxl_expert_access
26218372700,DRAM,1,TRANSFER,0x200284000000,4096,5,2,dram_hybrid_act
26220202400,CXL,2,READ,0x300280000000,17301504,5,0,cxl_expert_access
26223539100,HBM,0,READ,0x100306000000,2048,6,3,hbm_compute
26224580400,CXL,2,READ,0x300300000000,17301504,6,0,cxl_expert_access
26228513900,CXL,2,READ,0x300380000000,17301504,7,0,cxl_expert_access
26229082600,HBM,0,READ,0x100384000000,2048,7,2,hbm_compute
26232134000,HBM,0,READ,0x100404000000,2048,8,2,hbm_compute
26233985300,CXL,2,READ,0x300400000000,17301504,8,0,cxl_expert_access
26237168400,HBM,0,READ,0x100482000000,2048,9,1,hbm_compute
26238933400,DRAM,1,TRANSFER,0x200480000000,4096,9,0,dram_hybrid_act
26243597500,CXL,2,READ,0x300506000000,17301504,10,3,cxl_expert_access
26244235200,HBM,0,READ,0x100504000000,2048,10,2,hbm_compute
26249155300,CXL,2,READ,0x300580000000,17301504,11,0,cxl_expert_access
26249700100,HBM,0,READ,0x100584000000,2048,11,2,hbm_compute
26254051200,CXL,2,READ,0x300606000000,17301504,12,3,cxl_expert_access
26254575700,HBM,0,READ,0x100600000000,2048,12,0,hbm_compute
26259252500,CXL,2,READ,0x300684000000,17301504,13,2,cxl_expert_access
26259789000,HBM,0,READ,0x100682000000,2048,13,1,hbm_compute
26263351300,HBM,0,READ,0x100700000000,2048,14,0,hbm_compute
26263728700,HBM,0,READ,0x100702000000,2048,14,1,hbm_compute
26266347300,HBM,0,READ,0x100780000000,2048,15,0,hbm_compute
26268117900,CXL,2,READ,0x300784000000,17301504,15,2,cxl_expert_access
26273060900,CXL,2,READ,0x300806000000,17301504,16,3,cxl_expert_access
26273647000,HBM,0,READ,0x100802000000,2048,16,1,hbm_compute
26276859400,HBM,0,READ,0x100882000000,2048,17,1,hbm_compute
26277815100,CXL,2,READ,0x300884000000,17301504,17,2,cxl_expert_access
26282334300,DRAM,1,TRANSFER,0x200906000000,4096,18,3,dram_hybrid_act
26284205600,DRAM,1,TRANSFER,0x200900000000,4096,18,0,dram_hybrid_act
26289144300,DRAM,1,TRANSFER,0x200986000000,4096,19,3,dram_hybrid_act
26289744900,HBM,0,READ,0x100984000000,2048,19,2,hbm_compute
26293709500,DRAM,1,TRANSFER,0x200a06000000,4096,20,3,dram_hybrid_act
26294540700,HBM,0,READ,0x100a04000000,2048,20,2,hbm_compute
26298857000,CXL,2,READ,0x300a80000000,17301504,21,0,cxl_expert_access
26299403900,HBM,0,READ,0x100a86000000,2048,21,3,hbm_compute
26303968900,CXL,2,READ,0x300b02000000,17301504,22,1,cxl_expert_access
26304505200,HBM,0,READ,0x100b06000000,2048,22,3,hbm_compute
26308508500,CXL,2,READ,0x300b80000000,17301504,23,0,cxl_expert_access
26309015100,HBM,0,READ,0x100b86000000,2048,23,3,hbm_compute
26317813800,CXL,2,READ,0x300002000000,17301504,0,1,cxl_expert_access
26319845200,DRAM,1,TRANSFER,0x200004000000,4096,0,2,dram_hybrid_act
26323161800,HBM,0,READ,0x100082000000,2048,1,1,hbm_compute
26325053000,CXL,2,READ,0x300084000000,17301504,1,2,cxl_expert_access
26329638200,DRAM,1,TRANSFER,0x200106000000,4096,2,3,dram_hybrid_act
26331399000,DRAM,1,TRANSFER,0x200102000000,4096,2,1,dram_hybrid_act
26336127000,DRAM,1,TRANSFER,0x200182000000,4096,3,1,dram_hybrid_act
26336689300,HBM,0,READ,0x100186000000,2048,3,3,hbm_compute
26340893600,DRAM,1,TRANSFER,0x200206000000,4096,4,3,dram_hybrid_act
26341398500,HBM,0,READ,0x100200000000,2048,4,0,hbm_compute
26344419500,HBM,0,READ,0x100286000000,2048,5,3,hbm_compute
26346523800,CXL,2,READ,0x300282000000,17301504,5,1,cxl_expert_access
26351572000,DRAM,1,TRANSFER,0x200302000000,4096,6,1,dram_hybrid_act
26353458200,CXL,2,READ,0x300300000000,17301504,6,0,cxl_expert_access
26356744100,HBM,0,READ,0x100384000000,2048,7,2,hbm_compute
26357112500,HBM,0,READ,0x100382000000,2048,7,1,hbm_compute
26360185400,CXL,2,READ,0x300400000000,17301504,8,0,cxl_expert_access
26360783300,HBM,0,READ,0x100404000000,2048,8,2,hbm_compute
26363838900,HBM,0,READ,0x100482000000,2048,9,1,hbm_compute
26365847200,DRAM,1,TRANSFER,0x200480000000,4096,9,0,dram_hybrid_act
26370144600,DRAM,1,TRANSFER,0x200500000000,4096,10,0,dram_hybrid_act
26370634400,HBM,0,READ,0x100504000000,2048,10,2,hbm_compute
26373473900,HBM,0,READ,0x100584000000,2048,11,2,hbm_compute
26375104900,CXL,2,READ,0x300580000000,17301504,11,0,cxl_expert_access
26378769300,CXL,2,READ,0x300606000000,17301504,12,3,cxl_expert_access
26379768000,CXL,2,READ,0x300604000000,17301504,12,2,cxl_expert_access
26384963900,CXL,2,READ,0x300684000000,17301504,13,2,cxl_expert_access
26385506200,HBM,0,READ,0x100682000000,2048,13,1,hbm_compute
26389965400,DRAM,1,TRANSFER,0x200706000000,4096,14,3,dram_hybrid_act
26390501000,HBM,0,READ,0x100702000000,2048,14,1,hbm_compute
26393427700,HBM,0,READ,0x100780000000,2048,15,0,hbm_compute
26394038000,HBM,0,READ,0x100782000000,2048,15,1,hbm_compute
26398877100,CXL,2,READ,0x300806000000,17301504,16,3,cxl_expert_access
26399530800,HBM,0,READ,0x100802000000,2048,16,1,hbm_compute
26403262400,HBM,0,READ,0x100882000000,2048,17,1,hbm_compute
26405067600,CXL,2,READ,0x300884000000,17301504,17,2,cxl_expert_access
26409257000,DRAM,1,TRANSFER,0x200906000000,4096,18,3,dram_hybrid_act
26410327900,DRAM,1,TRANSFER,0x200904000000,4096,18,2,dram_hybrid_act
26414590800,HBM,0,READ,0x100984000000,2048,19,2,hbm_compute
26416315200,DRAM,1,TRANSFER,0x200986000000,4096,19,3,dram_hybrid_act
26420953900,DRAM,1,TRANSFER,0x200a06000000,4096,20,3,dram_hybrid_act
26421476400,HBM,0,READ,0x100a04000000,2048,20,2,hbm_compute
26424405000,HBM,0,READ,0x100a86000000,2048,21,3,hbm_compute
26425313500,CXL,2,READ,0x300a82000000,17301504,21,1,cxl_expert_access
26428510500,HBM,0,READ,0x100b06000000,2048,22,3,hbm_compute
26429941000,CXL,2,READ,0x300b02000000,17301504,22,1,cxl_expert_access
26434555400,CXL,2,READ,0x300b82000000,17301504,23,1,cxl_expert_access
26435083700,HBM,0,READ,0x100b86000000,2048,23,3,hbm_compute
26445060000,CXL,2,READ,0x300002000000,17301504,0,1,cxl_expert_access
26446391600,DRAM,1,TRANSFER,0x200000000000,4096,0,0,dram_hybrid_act
26450534000,HBM,0,READ,0x100082000000,2048,1,1,hbm_compute
26452434900,CXL,2,READ,0x300086000000,17301504,1,3,cxl_expert_access
26457458400,DRAM,1,TRANSFER,0x200106000000,4096,2,3,dram_hybrid_act
26458036200,HBM,0,READ,0x100100000000,2048,2,0,hbm_compute
26461895300,DRAM,1,TRANSFER,0x200182000000,4096,3,1,dram_hybrid_act
26463261100,DRAM,1,TRANSFER,0x200180000000,4096,3,0,dram_hybrid_act
26468374000,CXL,2,READ,0x300202000000,17301504,4,1,cxl_expert_access
26470126400,DRAM,1,TRANSFER,0x200206000000,4096,4,3,dram_hybrid_act
26474791000,DRAM,1,TRANSFER,0x200284000000,4096,5,2,dram_hybrid_act
26475346000,HBM,0,READ,0x100286000000,2048,5,3,hbm_compute
26480272000,DRAM,1,TRANSFER,0x200304000000,4096,6,2,dram_hybrid_act
26482020100,DRAM,1,TRANSFER,0x200302000000,4096,6,1,dram_hybrid_act
26485476500,HBM,0,READ,0x100382000000,2048,7,1,hbm_compute
26485848300,HBM,0,READ,0x100384000000,2048,7,2,hbm_compute
26489920800,CXL,2,READ,0x300400000000,17301504,8,0,cxl_expert_access
26490417600,HBM,0,READ,0x100404000000,2048,8,2,hbm_compute
26493482700,HBM,0,READ,0x100482000000,2048,9,1,hbm_compute
26494989900,DRAM,1,TRANSFER,0x200484000000,4096,9,2,dram_hybrid_act
26498268500,HBM,0,READ,0x100504000000,2048,10,2,hbm_compute
26499987400,CXL,2,READ,0x300506000000,17301504,10,3,cxl_expert_access
26503164300,HBM,0,READ,0x100584000000,2048,11,2,hbm_compute
26504944100,CXL,2,READ,0x300580000000,17301504,11,0,cxl_expert_access
26508006400,HBM,0,READ,0x100600000000,2048,12,0,hbm_compute
26508993600,CXL,2,READ,0x300606000000,17301504,12,3,cxl_expert_access
26513808500,CXL,2,READ,0x300686000000,17301504,13,3,cxl_expert_access
26515737300,CXL,2,READ,0x300684000000,17301504,13,2,cxl_expert_access
26519461400,HBM,0,READ,0x100700000000,2048,14,0,hbm_compute
26521227300,DRAM,1,TRANSFER,0x200706000000,4096,14,3,dram_hybrid_act
26524697900,HBM,0,READ,0x100780000000,2048,15,0,hbm_compute
26525643400,CXL,2,READ,0x300784000000,17301504,15,2,cxl_expert_access
26528535700,HBM,0,READ,0x100802000000,2048,16,1,hbm_compute
26530256500,CXL,2,READ,0x300806000000,17301504,16,3,cxl_expert_access
26534974300,CXL,2,READ,0x300884000000,17301504,17,2,cxl_expert_access
26535505100,HBM,0,READ,0x100882000000,2048,17,1,hbm_compute
26540048300,DRAM,1,TRANSFER,0x200902000000,4096,18,1,dram_hybrid_act
26541390500,DRAM,1,TRANSFER,0x200900000000,4096,18,0,dram_hybrid_act
26545852700,HBM,0,READ,0x100984000000,2048,19,2,hbm_compute
26547640700,DRAM,1,TRANSFER,0x200986000000,4096,19,3,dram_hybrid_act
26552855500,CXL,2,READ,0x300a00000000,17301504,20,0,cxl_expert_access
26555068400,CXL,2,READ,0x300a02000000,17301504,20,1,cxl_expert_access
26561143700,HBM,0,READ,0x100a86000000,2048,21,3,hbm_compute
26561621300,HBM,0,READ,0x100a84000000,2048,21,2,hbm_compute
26566302100,CXL,2,READ,0x300b02000000,17301504,22,1,cxl_expert_access
26566889000,HBM,0,READ,0x100b04000000,2048,22,2,hbm_compute
26570622400,HBM,0,READ,0x100b86000000,2048,23,3,hbm_compute
26571102200,HBM,0,READ,0x100b84000000,2048,23,2,hbm_compute
26582134100,CXL,2,READ,0x300002000000,17301504,0,1,cxl_expert_access
26584018800,DRAM,1,TRANSFER,0x200000000000,4096,0,0,dram_hybrid_act
26588198800,HBM,0,READ,0x100082000000,2048,1,1,hbm_compute
26588561700,HBM,0,READ,0x100080000000,2048,1,0,hbm_compute
26591836500,DRAM,1,TRANSFER,0x200106000000,4096,2,3,dram_hybrid_act
26592210000,HBM,0,READ,0x100100000000,2048,2,0,hbm_compute
26594863200,HBM,0,READ,0x100186000000,2048,3,3,hbm_compute
26596008900,DRAM,1,TRANSFER,0x200180000000,4096,3,0,dram_hybrid_act
26600085000,CXL,2,READ,0x300202000000,17301504,4,1,cxl_expert_access
26600568500,HBM,0,READ,0x100200000000,2048,4,0,hbm_compute
26605030200,DRAM,1,TRANSFER,0x200284000000,4096,5,2,dram_hybrid_act
26606714000,CXL,2,READ,0x300282000000,17301504,5,1,cxl_expert_access
26610056500,CXL,2,READ,0x300300000000,17301504,6,0,cxl_expert_access
26611253600,DRAM,1,TRANSFER,0x200302000000,4096,6,1,dram_hybrid_act
26614460300,HBM,0,READ,0x100382000000,2048,7,1,hbm_compute
26616246300,CXL,2,READ,0x300380000000,17301504,7,0,cxl_expert_access
26620860000,CXL,2,READ,0x300400000000,17301504,8,0,cxl_expert_access
26621411700,HBM,0,READ,0x100402000000,2048,8,1,hbm_compute
26624363100,HBM,0,READ,0x100482000000,2048,9,1,hbm_compute
26625276100,CXL,2,READ,0x300486000000,17301504,9,3,cxl_expert_access
26629814800,DRAM,1,TRANSFER,0x200502000000,4096,10,1,dram_hybrid_act
26630365800,HBM,0,READ,0x100504000000,2048,10,2,hbm_compute
26635384800,CXL,2,READ,0x300586000000,17301504,11,3,cxl_expert_access
26637283100,CXL,2,READ,0x300580000000,17301504,11,0,cxl_expert_access
26641968300,CXL,2,READ,0x300606000000,17301504,12,3,cxl_expert_access
26642506900,HBM,0,READ,0x100600000000,2048,12,0,hbm_compute
26647052900,CXL,2,READ,0x300684000000,17301504,13,2,cxl_expert_access
26648925700,CXL,2,READ,0x300686000000,17301504,13,3,cxl_expert_access
26652208300,HBM,0,READ,0x100700000000,2048,14,0,hbm_compute
26652738500,HBM,0,READ,0x100702000000,2048,14,1,hbm_compute
26655705900,HBM,0,READ,0x100782000000,2048,15,1,hbm_compute
26657644800,CXL,2,READ,0x300784000000,17301504,15,2,cxl_expert_access
26660793400,HBM,0,READ,0x100802000000,2048,16,1,hbm_compute
26661832300,CXL,2,READ,0x300806000000,17301504,16,3,cxl_expert_access
26665065500,HBM,0,READ,0x100882000000,2048,17,1,hbm_compute
26667073000,CXL,2,READ,0x300884000000,17301504,17,2,cxl_expert_access
26672891100,DRAM,1,TRANSFER,0x200904000000,4096,18,2,dram_hybrid_act
26674960900,DRAM,1,TRANSFER,0x200902000000,4096,18,1,dram_hybrid_act
26678718900,DRAM,1,TRANSFER,0x200986000000,4096,19,3,dram_hybrid_act
26679333900,HBM,0,READ,0x100984000000,2048,19,2,hbm_compute
26684050300,CXL,2,READ,0x300a02000000,17301504,20,1,cxl_expert_access
26684588600,HBM,0,READ,0x100a04000000,2048,20,2,hbm_compute
26689001500,CXL,2,READ,0x300a82000000,17301504,21,1,cxl_expert_access
26689549000,HBM,0,READ,0x100a86000000,2048,21,3,hbm_compute
26692377300,HBM,0,READ,0x100b04000000,2048,22,2,hbm_compute
26693467000,CXL,2,READ,0x300b00000000,17301504,22,0,cxl_expert_access
26697411400,HBM,0,READ,0x100b84000000,2048,23,2,hbm_compute
26699298900,CXL,2,READ,0x300b82000000,17301504,23,1,cxl_expert_access
26708821400,CXL,2,READ,0x300002000000,17301504,0,1,cxl_expert_access
26709726500,DRAM,1,TRANSFER,0x200000000000,4096,0,0,dram_hybrid_act
26713721600,HBM,0,READ,0x100080000000,2048,1,0,hbm_compute
26715566300,CXL,2,READ,0x300084000000,17301504,1,2,cxl_expert_access
26720187700,DRAM,1,TRANSFER,0x200106000000,4096,2,3,dram_hybrid_act
26720745400,HBM,0,READ,0x100100000000,2048,2,0,hbm_compute
26724702000,DRAM,1,TRANSFER,0x200182000000,4096,3,1,dram_hybrid_act
26725712900,DRAM,1,TRANSFER,0x200180000000,4096,3,0,dram_hybrid_act
26730673700,DRAM,1,TRANSFER,0x200206000000,4096,4,3,dram_hybrid_act
26731290300,HBM,0,READ,0x100200000000,2048,4,0,hbm_compute
26736019500,DRAM,1,TRANSFER,0x200284000000,4096,5,2,dram_hybrid_act
26736593800,HBM,0,READ,0x100286000000,2048,5,3,hbm_compute
26741091800,CXL,2,READ,0x300300000000,17301504,6,0,cxl_expert_access
26741693500,HBM,0,READ,0x100306000000,2048,6,3,hbm_compute
26745240400,CXL,2,READ,0x300380000000,17301504,7,0,cxl_expert_access
26745887700,HBM,0,READ,0x100384000000,2048,7,2,hbm_compute
26750399400,CXL,2,READ,0x300406000000,17301504,8,3,cxl_expert_access
26752231500,CXL,2,READ,0x300400000000,17301504,8,0,cxl_expert_access
26755596600,HBM,0,READ,0x100482000000,2048,9,1,hbm_compute
26757469500,CXL,2,READ,0x300486000000,17301504,9,3,cxl_expert_access
26760884200,HBM,0,READ,0x100504000000,2048,10,2,hbm_compute
26761816700,DRAM,1,TRANSFER,0x200500000000,4096,10,0,dram_hybrid_act
26765207600,HBM,0,READ,0x100584000000,2048,11,2,hbm_compute
26766973000,CXL,2,READ,0x300586000000,17301504,11,3,cxl_expert_access
26770065600,HBM,0,READ,0x100600000000,2048,12,0,hbm_compute
26771836900,CXL,2,READ,0x300606000000,17301504,12,3,cxl_expert_access
26775940900,CXL,2,READ,0x300684000000,17301504,13,2,cxl_expert_access
26776421500,HBM,0,READ,0x100682000000,2048,13,1,hbm_compute
26779714300,HBM,0,READ,0x100702000000,2048,14,1,hbm_compute
26780071000,HBM,0,READ,0x100700000000,2048,14,0,hbm_compute
26782654800,HBM,0,READ,0x100782000000,2048,15,1,hbm_compute
26784438700,CXL,2,READ,0x300784000000,17301504,15,2,cxl_expert_access
26787546900,HBM,0,READ,0x100802000000,2048,16,1,hbm_compute
26787906400,HBM,0,READ,0x100800000000,2048,16,0,hbm_compute
26790820600,HBM,0,READ,0x100882000000,2048,17,1,hbm_compute
26792031200,DRAM,1,TRANSFER,0x200880000000,4096,17,0,dram_hybrid_act
26795661100,DRAM,1,TRANSFER,0x200902000000,4096,18,1,dram_hybrid_act
26797065900,DRAM,1,TRANSFER,0x200906000000,4096,18,3,dram_hybrid_act
26801809400,DRAM,1,TRANSFER,0x200986000000,4096,19,3,dram_hybrid_act
26802330200,HBM,0,READ,0x100984000000,2048,19,2,hbm_compute
26807117300,CXL,2,READ,0x300a00000000,17301504,20,0,cxl_expert_access
26807637000,HBM,0,READ,0x100a04000000,2048,20,2,hbm_compute
26810442800,HBM,0,READ,0x100a86000000,2048,21,3,hbm_compute
26811464300,CXL,2,READ,0x300a80000000,17301504,21,0,cxl_expert_access
26816161000,CXL,2,READ,0x300b00000000,17301504,22,0,cxl_expert_access
26818006300,CXL,2,READ,0x300b02000000,17301504,22,1,cxl_expert_access
26822131400,HBM,0,READ,0x100b86000000,2048,23,3,hbm_compute
26822525200,HBM,0,READ,0x100b84000000,2048,23,2,hbm_compute
26832675100,HBM,0,READ,0x100006000000,2048,0,3,hbm_compute
26834698000,DRAM,1,TRANSFER,0x200004000000,4096,0,2,dram_hybrid_act
26838507400,HBM,0,READ,0x100082000000,2048,1,1,hbm_compute
26838856400,HBM,0,READ,0x100080000000,2048,1,0,hbm_compute
26841972000,CXL,2,READ,0x300104000000,17301504,2,2,cxl_expert_access
26842901700,DRAM,1,TRANSFER,0x200102000000,4096,2,1,dram_hybrid_act
26848162300,DRAM,1,TRANSFER,0x200182000000,4096,3,1,dram_hybrid_act
26849941100,DRAM,1,TRANSFER,0x200180000000,4096,3,0,dram_hybrid_act
26855400400,CXL,2,READ,0x300202000000,17301504,4,1,cxl_expert_access
26857278500,DRAM,1,TRANSFER,0x200204000000,4096,4,2,dram_hybrid_act
26861051800,DRAM,1,TRANSFER,0x200284000000,4096,5,2,dram_hybrid_act
26862229800,CXL,2,READ,0x300282000000,17301504,5,1,cxl_expert_access
26867316900,CXL,2,READ,0x300300000000,17301504,6,0,cxl_expert_access
26867834700,HBM,0,READ,0x100306000000,2048,6,3,hbm_compute
26872276500,CXL,2,READ,0x300386000000,17301504,7,3,cxl_expert_access
26872798400,HBM,0,READ,0x100382000000,2048,7,1,hbm_compute
26876876400,CXL,2,READ,0x300400000000,17301504,8,0,cxl_expert_access
26879049400,CXL,2,READ,0x300406000000,17301504,8,3,cxl_expert_access
26882314700,HBM,0,READ,0x100482000000,2048,9,1,hbm_compute
26884217200,DRAM,1,TRANSFER,0x200484000000,4096,9,2,dram_hybrid_act
26887372900,HBM,0,READ,0x100504000000,2048,10,2,hbm_compute
26889169400,DRAM,1,TRANSFER,0x200502000000,4096,10,1,dram_hybrid_act
26892199600,HBM,0,READ,0x100584000000,2048,11,2,hbm_compute
26893810000,CXL,2,READ,0x300586000000,17301504,11,3,cxl_expert_access
26898829200,CXL,2,READ,0x300606000000,17301504,12,3,cxl_expert_access
26899437400,HBM,0,READ,0x100600000000,2048,12,0,hbm_compute
26902450500,HBM,0,READ,0x100680000000,2048,13,0,hbm_compute
26904180100,CXL,2,READ,0x300684000000,17301504,13,2,cxl_expert_access
26907152000,HBM,0,READ,0x100702000000,2048,14,1,hbm_compute
26907497200,HBM,0,READ,0x100700000000,2048,14,0,hbm_compute
26909954700,HBM,0,READ,0x100782000000,2048,15,1,hbm_compute
26911583200,CXL,2,READ,0x300784000000,17301504,15,2,cxl_expert_access
26915115900,HBM,0,READ,0x100802000000,2048,16,1,hbm_compute
26917016900,CXL,2,READ,0x300806000000,17301504,16,3,cxl_expert_access
26920029300,HBM,0,READ,0x100882000000,2048,17,1,hbm_compute
26921762400,CXL,2,READ,0x300884000000,17301504,17,2,cxl_expert_access
26925422700,DRAM,1,TRANSFER,0x200904000000,4096,18,2,dram_hybrid_act
26926319100,DRAM,1,TRANSFER,0x200902000000,4096,18,1,dram_hybrid_act
26932154800,DRAM,1,TRANSFER,0x200986000000,4096,19,3,dram_hybrid_act
26932764700,HBM,0,READ,0x100984000000,2048,19,2,hbm_compute
26937152500,CXL,2,READ,0x300a02000000,17301504,20,1,cxl_expert_access
26938965500,CXL,2,READ,0x300a00000000,17301504,20,0,cxl_expert_access
26942633700,CXL,2,READ,0x300a82000000,17301504,21,1,cxl_expert_access
26943789900,CXL,2,READ,0x300a80000000,17301504,21,0,cxl_expert_access
26947271600,HBM,0,READ,0x100b04000000,2048,22,2,hbm_compute
26949024300,CXL,2,READ,0x300b00000000,17301504,22,0,cxl_expert_access
26953736300,CXL,2,READ,0x300b82000000,17301504,23,1,cxl_expert_access
26954399900,HBM,0,READ,0x100b84000000,2048,23,2,hbm_compute
26965234600,CXL,2,READ,0x300002000000,17301504,0,1,cxl_expert_access
26967011100,DRAM,1,TRANSFER,0x200004000000,4096,0,2,dram_hybrid_act
26970490200,HBM,0,READ,0x100080000000,2048,1,0,hbm_compute
26972296600,CXL,2,READ,0x300084000000,17301504,1,2,cxl_expert_access
26977090200,CXL,2,READ,0x300104000000,17301504,2,2,cxl_expert_access
26977744900,HBM,0,READ,0x100100000000,2048,2,0,hbm_compute
26982682100,DRAM,1,TRANSFER,0x200180000000,4096,3,0,dram_hybrid_act
26984539400,DRAM,1,TRANSFER,0x200182000000,4096,3,1,dram_hybrid_act
26988218300,DRAM,1,TRANSFER,0x200204000000,4096,4,2,dram_hybrid_act
26988730600,HBM,0,READ,0x100200000000,2048,4,0,hbm_compute
26993140100,DRAM,1,TRANSFER,0x200284000000,4096,5,2,dram_hybrid_act
26994560200,CXL,2,READ,0x300282000000,17301504,5,1,cxl_expert_access
26999402300,CXL,2,READ,0x300300000000,17301504,6,0,cxl_expert_access
26999932400,HBM,0,READ,0x100306000000,2048,6,3,hbm_compute
27002896400,HBM,0,READ,0x100384000000,2048,7,2,hbm_compute
27004614200,CXL,2,READ,0x300380000000,17301504,7,0,cxl_expert_access
27007766700,HBM,0,READ,0x100402000000,2048,8,1,hbm_compute
27008665400,CXL,2,READ,0x300400000000,17301504,8,0,cxl_expert_access
27012443700,CXL,2,READ,0x300486000000,17301504,9,3,cxl_expert_access
27013155700,HBM,0,READ,0x100482000000,2048,9,1,hbm_compute
27016291200,HBM,0,READ,0x100504000000,2048,10,2,hbm_compute
27017993800,DRAM,1,TRANSFER,0x200502000000,4096,10,1,dram_hybrid_act
27023141600,CXL,2,READ,0x300580000000,17301504,11,0,cxl_expert_access
27023783100,HBM,0,READ,0x100584000000,2048,11,2,hbm_compute
27027587000,CXL,2,READ,0x300606000000,17301504,12,3,cxl_expert_access
27028571600,CXL,2,READ,0x300604000000,17301504,12,2,cxl_expert_access
27032076700,CXL,2,READ,0x300684000000,17301504,13,2,cxl_expert_access
27032500000,HBM,0,READ,0x100680000000,2048,13,0,hbm_compute
27035282100,HBM,0,READ,0x100700000000,2048,14,0,hbm_compute
27036174900,DRAM,1,TRANSFER,0x200706000000,4096,14,3,dram_hybrid_act
27039639300,CXL,2,READ,0x300784000000,17301504,15,2,cxl_expert_access
27040073400,HBM,0,READ,0x100782000000,2048,15,1,hbm_compute
27043410800,CXL,2,READ,0x300806000000,17301504,16,3,cxl_expert_access
27044613000,CXL,2,READ,0x300804000000,17301504,16,2,cxl_expert_access
27048084900,HBM,0,READ,0x100882000000,2048,17,1,hbm_compute
27049880600,DRAM,1,TRANSFER,0x200880000000,4096,17,0,dram_hybrid_act
27054767600,DRAM,1,TRANSFER,0x200902000000,4096,18,1,dram_hybrid_act
27055713800,DRAM,1,TRANSFER,0x200906000000,4096,18,3,dram_hybrid_act
27059179100,DRAM,1,TRANSFER,0x200986000000,4096,19,3,dram_hybrid_act
27060165500,CXL,2,READ,0x300982000000,17301504,19,1,cxl_expert_access
27064885700,DRAM,1,TRANSFER,0x200a06000000,4096,20,3,dram_hybrid_act
27065454400,HBM,0,READ,0x100a04000000,2048,20,2,hbm_compute
27068891300,HBM,0,READ,0x100a86000000,2048,21,3,hbm_compute
27070734100,CXL,2,READ,0x300a82000000,17301504,21,1,cxl_expert_access
27074496600,CXL,2,READ,0x300b00000000,17301504,22,0,cxl_expert_access
27074965100,HBM,0,READ,0x100b06000000,2048,22,3,hbm_compute
27078507300,HBM,0,READ,0x100b86000000,2048,23,3,hbm_compute
27078913200,HBM,0,READ,0x100b84000000,2048,23,2,hbm_compute
27089644300,DRAM,1,TRANSFER,0x200004000000,4096,0,2,dram_hybrid_act
27090152500,HBM,0,READ,0x100006000000,2048,0,3,hbm_compute
27092743300,HBM,0,READ,0x100080000000,2048,1,0,hbm_compute
27093690900,CXL,2,READ,0x300086000000,17301504,1,3,cxl_expert_access
27097967200,DRAM,1,TRANSFER,0x200102000000,4096,2,1,dram_hybrid_act
27100085000,DRAM,1,TRANSFER,0x200106000000,4096,2,3,dram_hybrid_act
27103711800,HBM,0,READ,0x100186000000,2048,3,3,hbm_compute
27105606900,DRAM,1,TRANSFER,0x200182000000,4096,3,1,dram_hybrid_act
27108581200,HBM,0,READ,0x100200000000,2048,4,0,hbm_compute
27109491800,DRAM,1,TRANSFER,0x200204000000,4096,4,2,dram_hybrid_act
27114077800,DRAM,1,TRANSFER,0x200284000000,4096,5,2,dram_hybrid_act
27116161600,CXL,2,READ,0x300280000000,17301504,5,0,cxl_expert_access
27121120300,DRAM,1,TRANSFER,0x200302000000,4096,6,1,dram_hybrid_act
27122979400,CXL,2,READ,0x300300000000,17301504,6,0,cxl_expert_access
27126106400,HBM,0,READ,0x100382000000,2048,7,1,hbm_compute
27126445800,HBM,0,READ,0x100384000000,2048,7,2,hbm_compute
27130948400,CXL,2,READ,0x300400000000,17301504,8,0,cxl_expert_access
27131496100,HBM,0,READ,0x100402000000,2048,8,1,hbm_compute
27135611800,CXL,2,READ,0x300486000000,17301504,9,3,cxl_expert_access
27136131100,HBM,0,READ,0x100482000000,2048,9,1,hbm_compute
27138697600,HBM,0,READ,0x100504000000,2048,10,2,hbm_compute
27140330500,DRAM,1,TRANSFER,0x200502000000,4096,10,1,dram_hybrid_act
27142807900,HBM,0,READ,0x100584000000,2048,11,2,hbm_compute
27143840100,CXL,2,READ,0x300586000000,17301504,11,3,cxl_expert_access
27148876300,CXL,2,READ,0x300606000000,17301504,12,3,cxl_expert_access
27149423000,HBM,0,READ,0x100600000000,2048,12,0,hbm_compute
27153836900,CXL,2,READ,0x300684000000,17301504,13,2,cxl_expert_access
27154356000,HBM,0,READ,0x100680000000,2048,13,0,hbm_compute
27158607600,DRAM,1,TRANSFER,0x200706000000,4096,14,3,dram_hybrid_act
27160884000,CXL,2,READ,0x300704000000,17301504,14,2,cxl_expert_access
27164195400,HBM,0,READ,0x100782000000,2048,15,1,hbm_compute
27165959200,CXL,2,READ,0x300784000000,17301504,15,2,cxl_expert_access
27170581800,CXL,2,READ,0x300806000000,17301504,16,3,cxl_expert_access
27172388600,CXL,2,READ,0x300804000000,17301504,16,2,cxl_expert_access
27176145000,HBM,0,READ,0x100882000000,2048,17,1,hbm_compute
27177790500,DRAM,1,TRANSFER,0x200880000000,4096,17,0,dram_hybrid_act
27182795700,DRAM,1,TRANSFER,0x200902000000,4096,18,1,dram_hybrid_act
27184646600,DRAM,1,TRANSFER,0x200900000000,4096,18,0,dram_hybrid_act
27189431800,CXL,2,READ,0x300982000000,17301504,19,1,cxl_expert_access
27189962800,HBM,0,READ,0x100984000000,2048,19,2,hbm_compute
27193835500,DRAM,1,TRANSFER,0x200a06000000,4096,20,3,dram_hybrid_act
27194885500,CXL,2,READ,0x300a00000000,17301504,20,0,cxl_expert_access
27199466400,CXL,2,READ,0x300a82000000,17301504,21,1,cxl_expert_access
27201295100,CXL,2,READ,0x300a80000000,17301504,21,0,cxl_expert_access
27206149800,CXL,2,READ,0x300b00000000,17301504,22,0,cxl_expert_access
27206701200,HBM,0,READ,0x100b06000000,2048,22,3,hbm_compute
27209887100,HBM,0,READ,0x100b86000000,2048,23,3,hbm_compute
27211082300,CXL,2,READ,0x300b82000000,17301504,23,1,cxl_expert_access
27221578400,DRAM,1,TRANSFER,0x200004000000,4096,0,2,dram_hybrid_act
27223781100,CXL,2,READ,0x300002000000,17301504,0,1,cxl_expert_access
27227934900,CXL,2,READ,0x300084000000,17301504,1,2,cxl_expert_access
27228562200,HBM,0,READ,0x100082000000,2048,1,1,hbm_compute
27232735100,DRAM,1,TRANSFER,0x200106000000,4096,2,3,dram_hybrid_act
27234560700,DRAM,1,TRANSFER,0x200102000000,4096,2,1,dram_hybrid_act
27239250100,DRAM,1,TRANSFER,0x200182000000,4096,3,1,dram_hybrid_act
27241185600,CXL,2,READ,0x300184000000,17301504,3,2,cxl_expert_access
27245316300,CXL,2,READ,0x300202000000,17301504,4,1,cxl_expert_access
27246444500,DRAM,1,TRANSFER,0x200206000000,4096,4,3,dram_hybrid_act
27251536100,CXL,2,READ,0x300282000000,17301504,5,1,cxl_expert_access
27252052700,HBM,0,READ,0x100286000000,2048,5,3,hbm_compute
27256992900,DRAM,1,TRANSFER,0x200302000000,4096,6,1,dram_hybrid_act
27258783200,CXL,2,READ,0x300300000000,17301504,6,0,cxl_expert_access
27262416800,HBM,0,READ,0x100382000000,2048,7,1,hbm_compute
27264344800,CXL,2,READ,0x300380000000,17301504,7,0,cxl_expert_access
27269850000,CXL,2,READ,0x300400000000,17301504,8,0,cxl_expert_access
27272875800,CXL,2,READ,0x300406000000,17301504,8,3,cxl_expert_access
27277705400,HBM,0,READ,0x100482000000,2048,9,1,hbm_compute
27279936700,CXL,2,READ,0x300486000000,17301504,9,3,cxl_expert_access
27284141200,HBM,0,READ,0x100504000000,2048,10,2,hbm_compute
27287686100,CXL,2,READ,0x300506000000,17301504,10,3,cxl_expert_access
27291505300,HBM,0,READ,0x100584000000,2048,11,2,hbm_compute
27293428100,CXL,2,READ,0x300586000000,17301504,11,3,cxl_expert_access
27298265200,CXL,2,READ,0x300606000000,17301504,12,3,cxl_expert_access
27298889200,HBM,0,READ,0x100600000000,2048,12,0,hbm_compute
27302061400,HBM,0,READ,0x100680000000,2048,13,0,hbm_compute
27303808400,CXL,2,READ,0x300684000000,17301504,13,2,cxl_expert_access
27306750700,HBM,0,READ,0x100700000000,2048,14,0,hbm_compute
27307921800,DRAM,1,TRANSFER,0x200706000000,4096,14,3,dram_hybrid_act
27310917400,HBM,0,READ,0x100782000000,2048,15,1,hbm_compute
27311921400,CXL,2,READ,0x300784000000,17301504,15,2,cxl_expert_access
27315788600,HBM,0,READ,0x100802000000,2048,16,1,hbm_compute
27317830300,CXL,2,READ,0x300806000000,17301504,16,3,cxl_expert_access
27321428400,HBM,0,READ,0x100882000000,2048,17,1,hbm_compute
27321825500,HBM,0,READ,0x100886000000,2048,17,3,hbm_compute
27325410500,DRAM,1,TRANSFER,0x200902000000,4096,18,1,dram_hybrid_act
27326372700,DRAM,1,TRANSFER,0x200904000000,4096,18,2,dram_hybrid_act
27329610500,HBM,0,READ,0x100984000000,2048,19,2,hbm_compute
27331428000,CXL,2,READ,0x300982000000,17301504,19,1,cxl_expert_access
27336667000,CXL,2,READ,0x300a00000000,17301504,20,0,cxl_expert_access
27338641900,CXL,2,READ,0x300a02000000,17301504,20,1,cxl_expert_access
27342545900,CXL,2,READ,0x300a82000000,17301504,21,1,cxl_expert_access
27343697700,CXL,2,READ,0x300a80000000,17301504,21,0,cxl_expert_access
27346992700,HBM,0,READ,0x100b04000000,2048,22,2,hbm_compute
27349192300,CXL,2,READ,0x300b00000000,17301504,22,0,cxl_expert_access
27352602300,HBM,0,READ,0x100b86000000,2048,23,3,hbm_compute
27354432100,CXL,2,READ,0x300b80000000,17301504,23,0,cxl_expert_access
27363488300,HBM,0,READ,0x100006000000,2048,0,3,hbm_compute
27365515100,CXL,2,READ,0x300002000000,17301504,0,1,cxl_expert_access
27368850100,HBM,0,READ,0x100082000000,2048,1,1,hbm_compute
27369218400,HBM,0,READ,0x100080000000,2048,1,0,hbm_compute
27373420100,DRAM,1,TRANSFER,0x200106000000,4096,2,3,dram_hybrid_act
27375003700,CXL,2,READ,0x300104000000,17301504,2,2,cxl_expert_access
27378962400,DRAM,1,TRANSFER,0x200180000000,4096,3,0,dram_hybrid_act
27381125200,DRAM,1,TRANSFER,0x200182000000,4096,3,1,dram_hybrid_act
27385588400,DRAM,1,TRANSFER,0x200204000000,4096,4,2,dram_hybrid_act
27386151000,HBM,0,READ,0x100200000000,2048,4,0,hbm_compute
27390502000,DRAM,1,TRANSFER,0x200284000000,4096,5,2,dram_hybrid_act
27391884600,CXL,2,READ,0x300280000000,17301504,5,0,cxl_expert_access
27394888700,HBM,0,READ,0x100306000000,2048,6,3,hbm_compute
27396696500,CXL,2,READ,0x300300000000,17301504,6,0,cxl_expert_access
27399624200,HBM,0,READ,0x100382000000,2048,7,1,hbm_compute
27401417400,CXL,2,READ,0x300380000000,17301504,7,0,cxl_expert_access
27404396700,HBM,0,READ,0x100402000000,2048,8,1,hbm_compute
27406261500,CXL,2,READ,0x300400000000,17301504,8,0,cxl_expert_access
27409398200,HBM,0,READ,0x100482000000,2048,9,1,hbm_compute
27411828100,CXL,2,READ,0x300486000000,17301504,9,3,cxl_expert_access
27416683500,DRAM,1,TRANSFER,0x200502000000,4096,10,1,dram_hybrid_act
27417136100,HBM,0,READ,0x100504000000,2048,10,2,hbm_compute
27419732200,HBM,0,READ,0x100584000000,2048,11,2,hbm_compute
27421707300,CXL,2,READ,0x300580000000,17301504,11,0,cxl_expert_access
27425165500,HBM,0,READ,0x100600000000,2048,12,0,hbm_compute
27427229100,CXL,2,READ,0x300604000000,17301504,12,2,cxl_expert_access
27431767200,CXL,2,READ,0x300684000000,17301504,13,2,cxl_expert_access
27432491400,HBM,0,READ,0x100680000000,2048,13,0,hbm_compute
27436165300,HBM,0,READ,0x100700000000,2048,14,0,hbm_compute
27438035400,DRAM,1,TRANSFER,0x200706000000,4096,14,3,dram_hybrid_act
27441207900,HBM,0,READ,0x100782000000,2048,15,1,hbm_compute
27441591800,HBM,0,READ,0x100780000000,2048,15,0,hbm_compute
27445156000,CXL,2,READ,0x300806000000,17301504,16,3,cxl_expert_access
27445732800,HBM,0,READ,0x100802000000,2048,16,1,hbm_compute
27448576000,HBM,0,READ,0x100886000000,2048,17,3,hbm_compute
27448952400,HBM,0,READ,0x100882000000,2048,17,1,hbm_compute
27452597400,DRAM,1,TRANSFER,0x200902000000,4096,18,1,dram_hybrid_act
27454422200,DRAM,1,TRANSFER,0x200900000000,4096,18,0,dram_hybrid_act
27457171200,HBM,0,READ,0x100984000000,2048,19,2,hbm_compute
27458129100,DRAM,1,TRANSFER,0x200980000000,4096,19,0,dram_hybrid_act
27461310300,HBM,0,READ,0x100a04000000,2048,20,2,hbm_compute
27462370500,CXL,2,READ,0x300a00000000,17301504,20,0,cxl_expert_access
27467374900,CXL,2,READ,0x300a82000000,17301504,21,1,cxl_expert_access
27467927100,HBM,0,READ,0x100a86000000,2048,21,3,hbm_compute
27470967700,HBM,0,READ,0x100b06000000,2048,22,3,hbm_compute
27471310600,HBM,0,READ,0x100b04000000,2048,22,2,hbm_compute
27475010400,CXL,2,READ,0x300b82000000,17301504,23,1,cxl_expert_access
27475973200,CXL,2,READ,0x300b80000000,17301504,23,0,cxl_expert_access
27487183400,CXL,2,READ,0x300002000000,17301504,0,1,cxl_expert_access
27489261800,DRAM,1,TRANSFER,0x200000000000,4096,0,0,dram_hybrid_act
27493532200,CXL,2,READ,0x300084000000,17301504,1,2,cxl_expert_access
27494200700,HBM,0,READ,0x100080000000,2048,1,0,hbm_compute
27497470800,HBM,0,READ,0x100100000000,2048,2,0,hbm_compute
27499353600,DRAM,1,TRANSFER,0x200106000000,4096,2,3,dram_hybrid_act
27504140400,DRAM,1,TRANSFER,0x200182000000,4096,3,1,dram_hybrid_act
27505428800,DRAM,1,TRANSFER,0x200180000000,4096,3,0,dram_hybrid_act
27509309100,CXL,2,READ,0x300202000000,17301504,4,1,cxl_expert_access
27509751500,HBM,0,READ,0x100200000000,2048,4,0,hbm_compute
27513700200,CXL,2,READ,0x300280000000,17301504,5,0,cxl_expert_access
27514260400,HBM,0,READ,0x100286000000,2048,5,3,hbm_compute
27518659400,DRAM,1,TRANSFER,0x200302000000,4096,6,1,dram_hybrid_act
27520763100,CXL,2,READ,0x300300000000,17301504,6,0,cxl_expert_access
27524413300,HBM,0,READ,0x100384000000,2048,7,2,hbm_compute
27524834100,HBM,0,READ,0x100382000000,2048,7,1,hbm_compute
27530841500,CXL,2,READ,0x300400000000,17301504,8,0,cxl_expert_access
27532737900,CXL,2,READ,0x300406000000,17301504,8,3,cxl_expert_access
27536887000,HBM,0,READ,0x100482000000,2048,9,1,hbm_compute
27538808000,CXL,2,READ,0x300486000000,17301504,9,3,cxl_expert_access
27542558900,HBM,0,READ,0x100504000000,2048,10,2,hbm_compute
27544745100,DRAM,1,TRANSFER,0x200502000000,4096,10,1,dram_hybrid_act
27548245300,HBM,0,READ,0x100584000000,2048,11,2,hbm_compute
27550168500,CXL,2,READ,0x300586000000,17301504,11,3,cxl_expert_access
27555283200,CXL,2,READ,0x300606000000,17301504,12,3,cxl_expert_access
27555830600,HBM,0,READ,0x100600000000,2048,12,0,hbm_compute
27559856000,CXL,2,READ,0x300684000000,17301504,13,2,cxl_expert_access
27561303200,CXL,2,READ,0x300686000000,17301504,13,3,cxl_expert_access
27564142000,HBM,0,READ,0x100700000000,2048,14,0,hbm_compute
27565745200,CXL,2,READ,0x300704000000,17301504,14,2,cxl_expert_access
27568764400,HBM,0,READ,0x100780000000,2048,15,0,hbm_compute
27569116500,HBM,0,READ,0x100782000000,2048,15,1,hbm_compute
27571454900,HBM,0,READ,0x100802000000,2048,16,1,hbm_compute
27573205800,CXL,2,READ,0x300806000000,17301504,16,3,cxl_expert_access
27577042400,DRAM,1,TRANSFER,0x200880000000,4096,17,0,dram_hybrid_act
27577532400,HBM,0,READ,0x100886000000,2048,17,3,hbm_compute
27581725800,DRAM,1,TRANSFER,0x200900000000,4096,18,0,dram_hybrid_act
27583789500,DRAM,1,TRANSFER,0x200906000000,4096,18,3,dram_hybrid_act
27588279900,CXL,2,READ,0x300982000000,17301504,19,1,cxl_expert_access
27589988900,DRAM,1,TRANSFER,0x200980000000,4096,19,0,dram_hybrid_act
27593291500,DRAM,1,TRANSFER,0x200a06000000,4096,20,3,dram_hybrid_act
27594602700,CXL,2,READ,0x300a02000000,17301504,20,1,cxl_expert_access
27599961700,HBM,0,READ,0x100a86000000,2048,21,3,hbm_compute
27602050900,CXL,2,READ,0x300a82000000,17301504,21,1,cxl_expert_access
27605429900,HBM,0,READ,0x100b04000000,2048,22,2,hbm_compute
27607207300,CXL,2,READ,0x300b02000000,17301504,22,1,cxl_expert_access
27609903900,HBM,0,READ,0x100b86000000,2048,23,3,hbm_compute
27610859600,CXL,2,READ,0x300b82000000,17301504,23,1,cxl_expert_access
27622007700,CXL,2,READ,0x300002000000,17301504,0,1,cxl_expert_access
27623864900,DRAM,1,TRANSFER,0x200004000000,4096,0,2,dram_hybrid_act
27626590000,HBM,0,READ,0x100082000000,2048,1,1,hbm_compute
27626958100,HBM,0,READ,0x100080000000,2048,1,0,hbm_compute
27629219000,HBM,0,READ,0x100100000000,2048,2,0,hbm_compute
27631101300,DRAM,1,TRANSFER,0x200106000000,4096,2,3,dram_hybrid_act
27635590000,DRAM,1,TRANSFER,0x200182000000,4096,3,1,dram_hybrid_act
27637316000,DRAM,1,TRANSFER,0x200180000000,4096,3,0,dram_hybrid_act
27641378100,CXL,2,READ,0x300202000000,17301504,4,1,cxl_expert_access
27642374200,DRAM,1,TRANSFER,0x200206000000,4096,4,3,dram_hybrid_act
27647477700,DRAM,1,TRANSFER,0x200284000000,4096,5,2,dram_hybrid_act
27648092300,HBM,0,READ,0x100286000000,2048,5,3,hbm_compute
27652462400,DRAM,1,TRANSFER,0x200304000000,4096,6,2,dram_hybrid_act
27653689900,DRAM,1,TRANSFER,0x200302000000,4096,6,1,dram_hybrid_act
27657189800,CXL,2,READ,0x300380000000,17301504,7,0,cxl_expert_access
27657626400,HBM,0,READ,0x100384000000,2048,7,2,hbm_compute
27662535000,CXL,2,READ,0x300400000000,17301504,8,0,cxl_expert_access
27664683500,CXL,2,READ,0x300406000000,17301504,8,3,cxl_expert_access
27668076100,HBM,0,READ,0x100482000000,2048,9,1,hbm_compute
27669856300,DRAM,1,TRANSFER,0x200484000000,4096,9,2,dram_hybrid_act
27672914200,HBM,0,READ,0x100504000000,2048,10,2,hbm_compute
27674683200,DRAM,1,TRANSFER,0x200500000000,4096,10,0,dram_hybrid_act
27680279000,CXL,2,READ,0x300586000000,17301504,11,3,cxl_expert_access
27681015200,HBM,0,READ,0x100584000000,2048,11,2,hbm_compute
27683978500,HBM,0,READ,0x100600000000,2048,12,0,hbm_compute
27685767100,CXL,2,READ,0x300606000000,17301504,12,3,cxl_expert_access
27690261500,CXL,2,READ,0x300684000000,17301504,13,2,cxl_expert_access
27692041900,CXL,2,READ,0x300686000000,17301504,13,3,cxl_expert_access
27695291600,HBM,0,READ,0x100702000000,2048,14,1,hbm_compute
27696182000,DRAM,1,TRANSFER,0x200706000000,4096,14,3,dram_hybrid_act
27700723800,CXL,2,READ,0x300784000000,17301504,15,2,cxl_expert_access
27701251100,HBM,0,READ,0x100780000000,2048,15,0,hbm_compute
27704469500,HBM,0,READ,0x100802000000,2048,16,1,hbm_compute
27706283100,CXL,2,READ,0x300804000000,17301504,16,2,cxl_expert_access
27709586000,DRAM,1,TRANSFER,0x200880000000,4096,17,0,dram_hybrid_act
27710553700,CXL,2,READ,0x300884000000,17301504,17,2,cxl_expert_access
27715029900,DRAM,1,TRANSFER,0x200902000000,4096,18,1,dram_hybrid_act
27716798000,DRAM,1,TRANSFER,0x200906000000,4096,18,3,dram_hybrid_act
27721660600,DRAM,1,TRANSFER,0x200980000000,4096,19,0,dram_hybrid_act
27722153100,HBM,0,READ,0x100984000000,2048,19,2,hbm_compute
27725541500,CXL,2,READ,0x300a02000000,17301504,20,1,cxl_expert_access
27726440400,CXL,2,READ,0x300a00000000,17301504,20,0,cxl_expert_access
27731283200,CXL,2,READ,0x300a82000000,17301504,21,1,cxl_expert_access
27731846800,HBM,0,READ,0x100a86000000,2048,21,3,hbm_compute
27735706600,HBM,0,READ,0x100b04000000,2048,22,2,hbm_compute
27737465400,CXL,2,READ,0x300b00000000,17301504,22,0,cxl_expert_access
27741521300,CXL,2,READ,0x300b82000000,17301504,23,1,cxl_expert_access
27741972800,HBM,0,READ,0x100b84000000,2048,23,2,hbm_compute
27753229100,CXL,2,READ,0x300002000000,17301504,0,1,cxl_expert_access
27753868100,HBM,0,READ,0x100006000000,2048,0,3,hbm_compute
27758018100,CXL,2,READ,0x300086000000,17301504,1,3,cxl_expert_access
27758459500,HBM,0,READ,0x100082000000,2048,1,1,hbm_compute
27762034100,CXL,2,READ,0x300104000000,17301504,2,2,cxl_expert_access
27762620700,HBM,0,READ,0x100100000000,2048,2,0,hbm_compute
27767105200,DRAM,1,TRANSFER,0x200182000000,4096,3,1,dram_hybrid_act
27768884500,DRAM,1,TRANSFER,0x200180000000,4096,3,0,dram_hybrid_act
27773867200,DRAM,1,TRANSFER,0x200206000000,4096,4,3,dram_hybrid_act
27774887000,CXL,2,READ,0x300202000000,17301504,4,1,cxl_expert_access
27777912500,HBM,0,READ,0x100286000000,2048,5,3,hbm_compute
27778811200,CXL,2,READ,0x300282000000,17301504,5,1,cxl_expert_access
27783407800,CXL,2,READ,0x300300000000,17301504,6,0,cxl_expert_access
27786490700,DRAM,1,TRANSFER,0x200302000000,4096,6,1,dram_hybrid_act
27791262300,CXL,2,READ,0x300380000000,17301504,7,0,cxl_expert_access
27792195900,CXL,2,READ,0x300386000000,17301504,7,3,cxl_expert_access
27796896200,CXL,2,READ,0x300400000000,17301504,8,0,cxl_expert_access
27797482100,HBM,0,READ,0x100404000000,2048,8,2,hbm_compute
27800448500,HBM,0,READ,0x100482000000,2048,9,1,hbm_compute
27802419100,CXL,2,READ,0x300486000000,17301504,9,3,cxl_expert_access
27805651600,HBM,0,READ,0x100504000000,2048,10,2,hbm_compute
27807370600,DRAM,1,TRANSFER,0x200500000000,4096,10,0,dram_hybrid_act
27812288300,CXL,2,READ,0x300586000000,17301504,11,3,cxl_expert_access
27812892400,HBM,0,READ,0x100584000000,2048,11,2,hbm_compute
27817752100,CXL,2,READ,0x300606000000,17301504,12,3,cxl_expert_access
27818299400,HBM,0,READ,0x100602000000,2048,12,1,hbm_compute
27822498700,CXL,2,READ,0x300684000000,17301504,13,2,cxl_expert_access
27824214200,CXL,2,READ,0x300686000000,17301504,13,3,cxl_expert_access
27827455100,HBM,0,READ,0x100700000000,2048,14,0,hbm_compute
27827827600,HBM,0,READ,0x100702000000,2048,14,1,hbm_compute
27830415400,HBM,0,READ,0x100780000000,2048,15,0,hbm_compute
27832460800,CXL,2,READ,0x300784000000,17301504,15,2,cxl_expert_access
27835842700,HBM,0,READ,0x100802000000,2048,16,1,hbm_compute
27837800500,CXL,2,READ,0x300804000000,17301504,16,2,cxl_expert_access
27842083800,CXL,2,READ,0x300884000000,17301504,17,2,cxl_expert_access
27843025500,DRAM,1,TRANSFER,0x200880000000,4096,17,0,dram_hybrid_act
27847344700,DRAM,1,TRANSFER,0x200904000000,4096,18,2,dram_hybrid_act
27849424000,DRAM,1,TRANSFER,0x200902000000,4096,18,1,dram_hybrid_act
27854349100,DRAM,1,TRANSFER,0x200980000000,4096,19,0,dram_hybrid_act
27856155200,DRAM,1,TRANSFER,0x200986000000,4096,19,3,dram_hybrid_act
27860030700,CXL,2,READ,0x300a00000000,17301504,20,0,cxl_expert_access
27860989000,CXL,2,READ,0x300a02000000,17301504,20,1,cxl_expert_access
27864449400,HBM,0,READ,0x100a86000000,2048,21,3,hbm_compute
27866558000,CXL,2,READ,0x300a80000000,17301504,21,0,cxl_expert_access
27871179800,CXL,2,READ,0x300b00000000,17301504,22,0,cxl_expert_access
27871718300,HBM,0,READ,0x100b04000000,2048,22,2,hbm_compute
27874627000,HBM,0,READ,0x100b86000000,2048,23,3,hbm_compute
27875028800,HBM,0,READ,0x100b84000000,2048,23,2,hbm_compute
27885458800,HBM,0,READ,0x100006000000,2048,0,3,hbm_compute
27887230800,DRAM,1,TRANSFER,0x200004000000,4096,0,2,dram_hybrid_act
27891834400,CXL,2,READ,0x300084000000,17301504,1,2,cxl_expert_access
27892326700,HBM,0,READ,0x100082000000,2048,1,1,hbm_compute
27897146300,CXL,2,READ,0x300104000000,17301504,2,2,cxl_expert_access
27899028200,DRAM,1,TRANSFER,0x200102000000,4096,2,1,dram_hybrid_act
27903873100,DRAM,1,TRANSFER,0x200182000000,4096,3,1,dram_hybrid_act
27905736100,DRAM,1,TRANSFER,0x200180000000,4096,3,0,dram_hybrid_act
27909315900,DRAM,1,TRANSFER,0x200206000000,4096,4,3,dram_hybrid_act
27910813500,DRAM,1,TRANSFER,0x200204000000,4096,4,2,dram_hybrid_act
27915902500,CXL,2,READ,0x300282000000,17301504,5,1,cxl_expert_access
27917822700,DRAM,1,TRANSFER,0x200284000000,4096,5,2,dram_hybrid_act
27921368600,HBM,0,READ,0x100306000000,2048,6,3,hbm_compute
27923171200,CXL,2,READ,0x300300000000,17301504,6,0,cxl_expert_access
27927015200,CXL,2,READ,0x300380000000,17301504,7,0,cxl_expert_access
27928533800,CXL,2,READ,0x300386000000,17301504,7,3,cxl_expert_access
27933407500,CXL,2,READ,0x300400000000,17301504,8,0,cxl_expert_access
27933963100,HBM,0,READ,0x100402000000,2048,8,1,hbm_compute
27936713500,HBM,0,READ,0x100482000000,2048,9,1,hbm_compute
27938410500,DRAM,1,TRANSFER,0x200484000000,4096,9,2,dram_hybrid_act
27943286300,DRAM,1,TRANSFER,0x200502000000,4096,10,1,dram_hybrid_act
27944203800,HBM,0,READ,0x100504000000,2048,10,2,hbm_compute
27948933900,CXL,2,READ,0x300580000000,17301504,11,0,cxl_expert_access
27950843500,CXL,2,READ,0x300586000000,17301504,11,3,cxl_expert_access
27955732800,CXL,2,READ,0x300604000000,17301504,12,2,cxl_expert_access
27956678900,HBM,0,READ,0x100602000000,2048,12,1,hbm_compute
27960690200,CXL,2,READ,0x300684000000,17301504,13,2,cxl_expert_access
27961737500,CXL,2,READ,0x300686000000,17301504,13,3,cxl_expert_access
27966810000,DRAM,1,TRANSFER,0x200706000000,4096,14,3,dram_hybrid_act
27968656300,CXL,2,READ,0x300704000000,17301504,14,2,cxl_expert_access
27973103800,HBM,0,READ,0x100782000000,2048,15,1,hbm_compute
27973561100,HBM,0,READ,0x100780000000,2048,15,0,hbm_compute
27976503900,HBM,0,READ,0x100802000000,2048,16,1,hbm_compute
27977684800,CXL,2,READ,0x300806000000,17301504,16,3,cxl_expert_access
27982806000,CXL,2,READ,0x300884000000,17301504,17,2,cxl_expert_access
27983494800,HBM,0,READ,0x100882000000,2048,17,1,hbm_compute
27988799600,DRAM,1,TRANSFER,0x200902000000,4096,18,1,dram_hybrid_act
27990750900,DRAM,1,TRANSFER,0x200900000000,4096,18,0,dram_hybrid_act
27994836800,CXL,2,READ,0x300982000000,17301504,19,1,cxl_expert_access
27995949600,DRAM,1,TRANSFER,0x200980000000,4096,19,0,dram_hybrid_act
28001569100,CXL,2,READ,0x300a00000000,17301504,20,0,cxl_expert_access
28004082300,CXL,2,READ,0x300a02000000,17301504,20,1,cxl_expert_access
28007591700,HBM,0,READ,0x100a86000000,2048,21,3,hbm_compute
28008846000,CXL,2,READ,0x300a80000000,17301504,21,0,cxl_expert_access
28011680600,HBM,0,READ,0x100b04000000,2048,22,2,hbm_compute
28013413900,CXL,2,READ,0x300b02000000,17301504,22,1,cxl_expert_access
28017920600,CXL,2,READ,0x300b80000000,17301504,23,0,cxl_expert_access
28018497300,HBM,0,READ,0x100b86000000,2048,23,3,hbm_compute
